

IF NOT EXISTS (SELECT TOP (1) Id  FROM [Enrolment].[PqaQueue])
BEGIN

    INSERT INTO [Enrolment].[PqaQueue] ([Id], [Created], [CreatedBy], [LastModified], [LastModifiedBy], [OwnerId], [EditorId], [IsAccepted], [IsCompleted], [ParticipantId], [TenantId], [SupportWorkerId], [ConsentDate]) 
    VALUES 
    (N'0195d74c-5e89-7543-805b-fe2fe14c0101', '20250327 11:11:01.2872442', N'907a005d-2b19-413b-bdd2-f48e3b52ab6e', '20250327 11:15:32.5885766', N'8a9711cd-5d08-477c-aa94-b2e72cf1101b', NULL, NULL, 1, 1, N'1CFG9326Y', N'1.1.3.1.', N'907a005d-2b19-413b-bdd2-f48e3b52ab6e', '20250102'),
    (N'0195d787-c3b9-7729-881c-1f5baa10ba4b', '20250327 12:15:53.7865375', N'907a005d-2b19-413b-bdd2-f48e3b52ab6e', '20250327 12:16:22.2459451', N'8a9711cd-5d08-477c-aa94-b2e72cf1101b', NULL, NULL, 1, 1, N'1CFG4936J', N'1.1.3.1.', N'907a005d-2b19-413b-bdd2-f48e3b52ab6e', '20250127'),
    (N'0195d876-7817-7c7b-b36f-3df2002ea47d', '20250327 16:36:37.5282806', N'907a005d-2b19-413b-bdd2-f48e3b52ab6e', '20250327 16:37:00.8357981', N'8a9711cd-5d08-477c-aa94-b2e72cf1101b', NULL, NULL, 1, 1, N'1CFG7256O', N'1.1.3.1.', N'907a005d-2b19-413b-bdd2-f48e3b52ab6e', '20250113'),
    (N'0195f092-359d-7423-9e0c-6d5315ca0b17', '20250401 08:57:48.7388773', N'907a005d-2b19-413b-bdd2-f48e3b52ab6e', '20250401 08:59:13.8606245', N'8a9711cd-5d08-477c-aa94-b2e72cf1101b', NULL, NULL, 1, 1, N'1CFG2457U', N'1.1.3.1.', N'907a005d-2b19-413b-bdd2-f48e3b52ab6e', '20250324'),
    (N'0195f094-f5a8-73a9-a2da-a16f0485475a', '20250401 09:00:48.9527226', N'77467465-c7b2-40f8-b145-219225ae1459', '20250401 09:01:24.9526701', N'8a9711cd-5d08-477c-aa94-b2e72cf1101b', NULL, NULL, 1, 1, N'1CFG2457U', N'1.1.3.1.', N'907a005d-2b19-413b-bdd2-f48e3b52ab6e', '20250324'),
    (N'0195f096-c536-719f-9ff1-34f76ca4c520', '20250401 09:02:47.6083498', N'77467465-c7b2-40f8-b145-219225ae1459', '20250401 09:03:11.6360055', N'8a9711cd-5d08-477c-aa94-b2e72cf1101b', NULL, NULL, 1, 1, N'1CFG2457U', N'1.1.3.1.', N'907a005d-2b19-413b-bdd2-f48e3b52ab6e', '20250324'),
    (N'0195f099-14bb-76d7-b933-718671dbba44', '20250401 09:05:19.0389240', N'1113c865-21f4-43c2-a03d-b7936da3b18b', '20250401 09:05:55.2459472', N'8a9711cd-5d08-477c-aa94-b2e72cf1101b', NULL, NULL, 0, 1, N'1CFG2457U', N'1.1.3.1.', N'907a005d-2b19-413b-bdd2-f48e3b52ab6e', '20250324'),
    (N'0195f122-4419-7be2-8eae-810a1b329a45', '20250401 11:35:09.5951639', N'907a005d-2b19-413b-bdd2-f48e3b52ab6e', '20250402 12:22:06.6463852', N'8a9711cd-5d08-477c-aa94-b2e72cf1101b', NULL, NULL, 1, 1, N'1CFG4595K', N'1.1.3.1.', N'907a005d-2b19-413b-bdd2-f48e3b52ab6e', '20250203'),
    (N'0195f145-4039-74f3-b302-61bd836e118d', '20250401 12:13:22.3625408', N'907a005d-2b19-413b-bdd2-f48e3b52ab6e', '20250401 12:16:27.7025453', N'8a9711cd-5d08-477c-aa94-b2e72cf1101b', NULL, NULL, 1, 1, N'1CFG4261Y', N'1.1.3.1.', N'907a005d-2b19-413b-bdd2-f48e3b52ab6e', '20250101'),
    (N'0195f151-efcc-7edf-8257-2ef25b2d73c5', '20250401 12:27:13.7413168', N'907a005d-2b19-413b-bdd2-f48e3b52ab6e', '20250416 13:43:02.4290283', N'8a9711cd-5d08-477c-aa94-b2e72cf1101b', NULL, NULL, 0, 1, N'1CFG8432I', N'1.1.3.1.', N'907a005d-2b19-413b-bdd2-f48e3b52ab6e', '20250101'),
    (N'01961aba-3520-708c-90f1-545d9fe3df82', '20250409 13:25:33.1281961', N'907a005d-2b19-413b-bdd2-f48e3b52ab6e', '20250409 13:26:09.3449957', N'8a9711cd-5d08-477c-aa94-b2e72cf1101b', NULL, NULL, 1, 1, N'1CFG9960M', N'1.1.3.1.', N'907a005d-2b19-413b-bdd2-f48e3b52ab6e', '20250324'),
    (N'0196344f-7d84-77f4-ba6d-56fc37265289', '20250414 12:39:06.9145710', N'6ce88d3d-0b93-4727-aeac-9b5fa287838c', '20250414 12:42:30.9192927', N'b0275b64-7357-436c-88d2-3b67ea3a361b', NULL, NULL, 0, 1, N'1CFG1553F', N'1.1.4.1.', N'6ce88d3d-0b93-4727-aeac-9b5fa287838c', '20250401'),
    (N'01963453-aa4d-7479-a6ec-712cacc6d9f2', '20250414 12:43:40.4946153', N'6ce88d3d-0b93-4727-aeac-9b5fa287838c', '20250414 13:12:53.8114016', N'b0275b64-7357-436c-88d2-3b67ea3a361b', NULL, NULL, 0, 1, N'1CFG1553F', N'1.1.4.1.', N'6ce88d3d-0b93-4727-aeac-9b5fa287838c', '20250331'),
    (N'0196346e-dc96-76dc-ac50-7cae41a21190', '20250414 13:13:22.8391581', N'6ce88d3d-0b93-4727-aeac-9b5fa287838c', '20250414 13:34:05.3509899', N'b0275b64-7357-436c-88d2-3b67ea3a361b', NULL, NULL, 1, 1, N'1CFG1553F', N'1.1.4.1.', N'6ce88d3d-0b93-4727-aeac-9b5fa287838c', '20250331'),
    (N'01963dbc-56fd-73f0-84fe-c81d8587dff6', '20250416 08:34:35.4302274', N'6ce88d3d-0b93-4727-aeac-9b5fa287838c', '20250416 09:25:27.1943742', N'b0275b64-7357-436c-88d2-3b67ea3a361b', NULL, NULL, 1, 1, N'1CFG5469L', N'1.1.4.1.', N'6ce88d3d-0b93-4727-aeac-9b5fa287838c', '20250330'),
    (N'01963ed9-d85b-70ee-acb0-ffb4947de0e3', '20250416 13:46:26.2698833', N'907a005d-2b19-413b-bdd2-f48e3b52ab6e', '20250416 13:47:45.6960252', N'8a9711cd-5d08-477c-aa94-b2e72cf1101b', NULL, NULL, 1, 1, N'1CFG8432I', N'1.1.3.1.', N'907a005d-2b19-413b-bdd2-f48e3b52ab6e', '20250303'),
    (N'019642bf-a46f-7e9d-9ffc-22c6bd706136', '20250417 07:56:17.9453418', N'6ce88d3d-0b93-4727-aeac-9b5fa287838c', '20250609 14:27:35.0744449', N'b0275b64-7357-436c-88d2-3b67ea3a361b', NULL, NULL, 1, 1, N'1CFG5854G', N'1.1.4.1.', N'6ce88d3d-0b93-4727-aeac-9b5fa287838c', '20250324'),
    (N'019662bd-640a-765c-8e45-bcd456b8585f', '20250423 13:01:41.2981888', N'b224e476-233c-4488-a11a-6b7a4e11eb78', NULL, NULL, NULL, NULL, 0, 0, N'1CFG2883L', N'1.1.2.3.', N'3363a0da-a5fc-493c-9d07-283a4da236cb', '20250201'),
    (N'019662bf-ad0f-73d2-8edd-9599fd832996', '20250423 13:04:11.0243671', N'3363a0da-a5fc-493c-9d07-283a4da236cb', '20250423 13:18:47.2660282', N'b224e476-233c-4488-a11a-6b7a4e11eb78', NULL, NULL, 0, 1, N'1CFG5437L', N'1.1.2.3.', N'3363a0da-a5fc-493c-9d07-283a4da236cb', '20250401'),
    (N'019662cd-bd21-7c8d-a336-98355105b2dc', '20250423 13:19:32.6430681', N'3363a0da-a5fc-493c-9d07-283a4da236cb', '20250423 14:20:35.7205582', N'b224e476-233c-4488-a11a-6b7a4e11eb78', NULL, NULL, 0, 1, N'1CFG5437L', N'1.1.2.3.', N'3363a0da-a5fc-493c-9d07-283a4da236cb', '20250401'),
    (N'01966308-e3ac-7738-a813-84b9f866a056', '20250423 14:24:09.1332689', N'3363a0da-a5fc-493c-9d07-283a4da236cb', NULL, NULL, NULL, NULL, 0, 0, N'1CFG5437L', N'1.1.2.3.', N'3363a0da-a5fc-493c-9d07-283a4da236cb', '20250401'),
    (N'01968c41-990e-732c-992f-2f6081291d34', '20250501 14:30:31.4694468', N'907a005d-2b19-413b-bdd2-f48e3b52ab6e', '20250507 15:27:46.6217948', N'8a9711cd-5d08-477c-aa94-b2e72cf1101b', NULL, NULL, 1, 1, N'1CFG6390M', N'1.1.3.1.', N'907a005d-2b19-413b-bdd2-f48e3b52ab6e', '20250213'),
    (N'0196ab0c-0267-79e6-a3b7-4fbc61b62036', '20250507 14:00:13.2000737', N'907a005d-2b19-413b-bdd2-f48e3b52ab6e', '20250507 15:27:43.2632878', N'8a9711cd-5d08-477c-aa94-b2e72cf1101b', NULL, NULL, 1, 1, N'1CFG8391O', N'1.1.3.1.', N'907a005d-2b19-413b-bdd2-f48e3b52ab6e', '20250401'),
    (N'0196ab23-6661-710b-b0a4-3980d078fa01', '20250507 14:25:46.1205998', N'6ce88d3d-0b93-4727-aeac-9b5fa287838c', NULL, NULL, NULL, NULL, 0, 0, N'1CFG5298O', N'1.1.4.1.', N'6ce88d3d-0b93-4727-aeac-9b5fa287838c', '20250301'),
    (N'0196ab4a-4653-7385-b9ff-86e3338151b5', '20250507 15:08:13.8218251', N'4772fd06-ff8e-4745-8da2-fd97cd45b1f4', '20250507 15:09:33.8063034', N'8cb4b1a7-c338-46e1-ad41-ef151384ec3e', NULL, NULL, 0, 1, N'1CFG5131C', N'1.1.4.2.', N'4772fd06-ff8e-4745-8da2-fd97cd45b1f4', '20250507'),
    (N'0196ab7f-e277-763c-97fc-389c97b3ad21', '20250507 16:06:47.2033423', N'4772fd06-ff8e-4745-8da2-fd97cd45b1f4', '20250507 16:08:29.9968669', N'8cb4b1a7-c338-46e1-ad41-ef151384ec3e', NULL, NULL, 1, 1, N'1CFG5131C', N'1.1.4.2.', N'4772fd06-ff8e-4745-8da2-fd97cd45b1f4', '20250507'),
    (N'0196d8e8-23b8-7e89-b911-47a5ae81ffb7', '20250516 11:43:34.3726543', N'907a005d-2b19-413b-bdd2-f48e3b52ab6e', '20250609 14:15:35.6346830', N'8a9711cd-5d08-477c-aa94-b2e72cf1101b', NULL, NULL, 0, 1, N'1CFG7276C', N'1.1.3.1.', N'907a005d-2b19-413b-bdd2-f48e3b52ab6e', '20250227'),
    (N'0196d8f0-ba8c-7313-8d0b-ddfbc28ce8a7', '20250516 11:52:57.2296622', N'8a9711cd-5d08-477c-aa94-b2e72cf1101b', '20250516 11:53:21.9485520', N'8a9711cd-5d08-477c-aa94-b2e72cf1101b', NULL, NULL, 0, 1, N'1CFG2457U', N'1.1.3.1.', N'907a005d-2b19-413b-bdd2-f48e3b52ab6e', '20250324'),
    (N'0196d8f1-ade9-73d8-94a5-989dad8976db', '20250516 11:53:59.5304759', N'8a9711cd-5d08-477c-aa94-b2e72cf1101b', '20250519 09:59:16.2563762', N'8a9711cd-5d08-477c-aa94-b2e72cf1101b', NULL, NULL, 0, 1, N'1CFG2457U', N'1.1.3.1.', N'907a005d-2b19-413b-bdd2-f48e3b52ab6e', '20250515'),
    (N'0197550a-a540-7ad9-9efa-860d27de477b', '20250609 14:14:10.5268722', N'907a005d-2b19-413b-bdd2-f48e3b52ab6e', '20250609 14:15:05.3694445', N'8a9711cd-5d08-477c-aa94-b2e72cf1101b', NULL, NULL, 1, 1, N'1CFG1626P', N'1.1.3.1.', N'907a005d-2b19-413b-bdd2-f48e3b52ab6e', '20250526'),
    (N'01976477-23d7-70cc-9cec-953add45b439', '20250612 14:06:59.0699674', N'907a005d-2b19-413b-bdd2-f48e3b52ab6e', '20250627 09:29:21.4419232', N'8a9711cd-5d08-477c-aa94-b2e72cf1101b', NULL, NULL, 1, 1, N'1CFG2622V', N'1.1.3.1.', N'907a005d-2b19-413b-bdd2-f48e3b52ab6e', '20250609'),
    (N'0197b188-2ab7-7830-9c96-7893be6dcef9', '20250627 13:16:20.5382478', N'4772fd06-ff8e-4745-8da2-fd97cd45b1f4', '20250627 13:17:06.6048192', N'8cb4b1a7-c338-46e1-ad41-ef151384ec3e', NULL, NULL, 1, 1, N'1CFG8236D', N'1.1.4.2.', N'4772fd06-ff8e-4745-8da2-fd97cd45b1f4', '20250601'),
    (N'0197b18b-9277-79a9-bad1-70b552d3b20f', '20250627 13:20:03.7210437', N'1113c865-21f4-43c2-a03d-b7936da3b18b', '20250627 13:24:53.8066048', N'8cb4b1a7-c338-46e1-ad41-ef151384ec3e', NULL, NULL, 0, 1, N'1CFG8236D', N'1.1.4.2.', N'4772fd06-ff8e-4745-8da2-fd97cd45b1f4', '20250601'),
    (N'01981c66-1c46-793d-a8f9-b9ee4f8e265f', '20250718 07:18:30.7566024', N'907a005d-2b19-413b-bdd2-f48e3b52ab6e', '20250718 07:19:12.2681448', N'8a9711cd-5d08-477c-aa94-b2e72cf1101b', NULL, NULL, 1, 1, N'1CFG2457U', N'1.1.3.1.', N'907a005d-2b19-413b-bdd2-f48e3b52ab6e', '20250515'),
    (N'01989925-a1d5-7f56-a240-684f3b7b89f7', '20250811 12:40:37.1201003', N'98f8ac5b-8151-4342-896d-add3a146d44a', '20250811 12:44:07.6147757', N'669d758c-df88-4daf-936d-d2777cb2861d', NULL, NULL, 1, 1, N'1CFG9798U', N'1.1.6.1.1.', N'98f8ac5b-8151-4342-896d-add3a146d44a', '20250512'),
    (N'01992e43-a147-7c8c-a662-250c317290b5', '20250909 11:36:48.2283251', N'6452c624-a755-4cb5-9fca-0daa916d0e48', '20250909 11:40:03.8039032', N'969cd7a3-a9c4-4389-91df-1add45b17dbb', NULL, NULL, 1, 1, N'1CFG1333S', N'1.1.2.3.1.', N'6452c624-a755-4cb5-9fca-0daa916d0e48', '20250901'),
    (N'0199389e-45c8-7566-915e-519d4e9bc886', '20250911 11:52:00.7455025', N'907a005d-2b19-413b-bdd2-f48e3b52ab6e', '20250911 11:52:42.7828214', N'8a9711cd-5d08-477c-aa94-b2e72cf1101b', NULL, NULL, 1, 1, N'1CFG1109X', N'1.1.3.1.', N'907a005d-2b19-413b-bdd2-f48e3b52ab6e', '20250908'),
    (N'019938a0-da0f-7dde-8f5f-6d28541fc8ff', '20250911 11:54:49.7636568', N'1113c865-21f4-43c2-a03d-b7936da3b18b', '20250917 10:43:53.5568475', N'8a9711cd-5d08-477c-aa94-b2e72cf1101b', NULL, NULL, 0, 1, N'1CFG1109X', N'1.1.3.1.', N'907a005d-2b19-413b-bdd2-f48e3b52ab6e', '20250908'),
    (N'019956f3-2ca6-7ba7-bbc3-5dfd17dce21d', '20250917 09:13:21.3496770', N'4772fd06-ff8e-4745-8da2-fd97cd45b1f4', '20250917 09:17:28.9120035', N'8cb4b1a7-c338-46e1-ad41-ef151384ec3e', NULL, NULL, 1, 1, N'1CFG8236D', N'1.1.4.2.', N'4772fd06-ff8e-4745-8da2-fd97cd45b1f4', '20250901'),
    (N'01995749-ce5b-79d6-9201-eeef152e8fa7', '20250917 10:47:58.8121295', N'907a005d-2b19-413b-bdd2-f48e3b52ab6e', '20250917 10:48:20.5167362', N'8a9711cd-5d08-477c-aa94-b2e72cf1101b', NULL, NULL, 1, 1, N'1CFG1109X', N'1.1.3.1.', N'907a005d-2b19-413b-bdd2-f48e3b52ab6e', '20250908'),
    (N'019999b6-6fdb-7d26-8273-c3c0c2daea59', '20250930 08:21:34.3369875', N'907a005d-2b19-413b-bdd2-f48e3b52ab6e', '20250930 08:24:02.2919507', N'8a9711cd-5d08-477c-aa94-b2e72cf1101b', NULL, NULL, 0, 1, N'1CFG8516T', N'1.1.3.1.', N'907a005d-2b19-413b-bdd2-f48e3b52ab6e', '20250801'),
    (N'019999b9-07fe-716d-96d4-469727a40a6a', '20250930 08:24:24.3200285', N'907a005d-2b19-413b-bdd2-f48e3b52ab6e', '20250930 08:51:34.6603868', N'8a9711cd-5d08-477c-aa94-b2e72cf1101b', NULL, NULL, 0, 1, N'1CFG8516T', N'1.1.3.1.', N'907a005d-2b19-413b-bdd2-f48e3b52ab6e', '20250801');

    SET IDENTITY_INSERT [Enrolment].[PqaQueueNote] ON
    
    INSERT INTO [Enrolment].[PqaQueueNote] ([Id], [Message], [CallReference], [Created], [CreatedBy], [LastModified], [LastModifiedBy], [TenantId], [EnrolmentPqaQueueEntryId]) 
    VALUES 
    (1, N'new consent form required', NULL, '20250401 09:05:55.2460508', N'8a9711cd-5d08-477c-aa94-b2e72cf1101b', NULL, NULL, N'1.1.3.1.', N'0195f099-14bb-76d7-b933-718671dbba44'),
    (2, N'signature is a line', NULL, '20250414 12:42:30.9194542', N'b0275b64-7357-436c-88d2-3b67ea3a361b', NULL, NULL, N'1.1.4.1.', N'0196344f-7d84-77f4-ba6d-56fc37265289'),
    (3, N'still a line', NULL, '20250414 13:12:53.8116443', N'b0275b64-7357-436c-88d2-3b67ea3a361b', NULL, NULL, N'1.1.4.1.', N'01963453-aa4d-7479-a6ec-712cacc6d9f2'),
    (4, N'Testing new consent date', NULL, '20250416 13:43:02.4292396', N'8a9711cd-5d08-477c-aa94-b2e72cf1101b', NULL, NULL, N'1.1.3.1.', N'0195f151-efcc-7edf-8257-2ef25b2d73c5'),
    (5, N'Testing new consent date', NULL, '20250416 13:47:45.6961621', N'8a9711cd-5d08-477c-aa94-b2e72cf1101b', NULL, NULL, N'1.1.3.1.', N'01963ed9-d85b-70ee-acb0-ffb4947de0e3'),
    (6, N'test', NULL, '20250423 13:18:47.2661495', N'b224e476-233c-4488-a11a-6b7a4e11eb78', NULL, NULL, N'1.1.2.3.', N'019662bf-ad0f-73d2-8edd-9599fd832996'),
    (7, N'add RTW ', NULL, '20250423 14:20:35.7206580', N'b224e476-233c-4488-a11a-6b7a4e11eb78', NULL, NULL, N'1.1.2.3.', N'019662cd-bd21-7c8d-a336-98355105b2dc'),
    (8, N'no risk ', NULL, '20250507 15:09:33.8065453', N'8cb4b1a7-c338-46e1-ad41-ef151384ec3e', NULL, NULL, N'1.1.4.2.', N'0196ab4a-4653-7385-b9ff-86e3338151b5'),
    (9, N'add risk note', NULL, '20250507 16:08:29.9970470', N'8cb4b1a7-c338-46e1-ad41-ef151384ec3e', NULL, NULL, N'1.1.4.2.', N'0196ab7f-e277-763c-97fc-389c97b3ad21'),
    (10, N'tetsing', NULL, '20250516 11:53:21.9489010', N'8a9711cd-5d08-477c-aa94-b2e72cf1101b', NULL, NULL, N'1.1.3.1.', N'0196d8f0-ba8c-7313-8d0b-ddfbc28ce8a7'),
    (11, N'testing', NULL, '20250519 09:59:16.2568718', N'8a9711cd-5d08-477c-aa94-b2e72cf1101b', NULL, NULL, N'1.1.3.1.', N'0196d8f1-ade9-73d8-94a5-989dad8976db'),
    (12, N'over 3 months', NULL, '20250609 14:15:35.6348026', N'8a9711cd-5d08-477c-aa94-b2e72cf1101b', NULL, NULL, N'1.1.3.1.', N'0196d8e8-23b8-7e89-b911-47a5ae81ffb7'),
    (13, N'wet signature required', NULL, '20250627 13:24:53.8067527', N'8cb4b1a7-c338-46e1-ad41-ef151384ec3e', NULL, NULL, N'1.1.4.2.', N'0197b18b-9277-79a9-bad1-70b552d3b20f'),
    (14, N'Training', NULL, '20250811 12:44:07.6149155', N'669d758c-df88-4daf-936d-d2777cb2861d', NULL, NULL, N'1.1.6.1.1.', N'01989925-a1d5-7f56-a240-684f3b7b89f7'),
    (15, N'No RTW', NULL, '20250917 10:43:53.5569417', N'8a9711cd-5d08-477c-aa94-b2e72cf1101b', NULL, NULL, N'1.1.3.1.', N'019938a0-da0f-7dde-8f5f-6d28541fc8ff'),
    (16, N'no RAG justification', NULL, '20250930 08:24:02.2921253', N'8a9711cd-5d08-477c-aa94-b2e72cf1101b', NULL, NULL, N'1.1.3.1.', N'019999b6-6fdb-7d26-8273-c3c0c2daea59'),
    (17, N'no signature', NULL, '20250930 08:51:34.6605034', N'8a9711cd-5d08-477c-aa94-b2e72cf1101b', NULL, NULL, N'1.1.3.1.', N'019999b9-07fe-716d-96d4-469727a40a6a');
    
    SET IDENTITY_INSERT [Enrolment].[PqaQueueNote] OFF

END

IF NOT EXISTS (SELECT TOP (1) [Id] FROM [Enrolment].[Qa1Queue])
BEGIN

    INSERT INTO [Enrolment].[Qa1Queue] ([Id], [Created], [CreatedBy], [LastModified], [LastModifiedBy], [OwnerId], [EditorId], [IsAccepted], [IsCompleted], [ParticipantId], [TenantId], [SupportWorkerId], [ConsentDate]) 
    VALUES 
    (N'0195d750-8248-795a-a4cc-2c47597e421e', '20250327 11:15:32.5885753', N'8a9711cd-5d08-477c-aa94-b2e72cf1101b', '20250327 11:20:01.6654485', N'9a699330-f706-401b-9fc1-fafd63b69c5c', N'9a699330-f706-401b-9fc1-fafd63b69c5c', NULL, 1, 1, N'1CFG9326Y', N'1.1.3.1.', N'907a005d-2b19-413b-bdd2-f48e3b52ab6e', '20250102'),
    (N'0195d788-32e2-7280-ba95-7d5af131c074', '20250327 12:16:22.2459444', N'8a9711cd-5d08-477c-aa94-b2e72cf1101b', '20250327 12:17:00.9450329', N'9a699330-f706-401b-9fc1-fafd63b69c5c', N'9a699330-f706-401b-9fc1-fafd63b69c5c', NULL, 1, 1, N'1CFG4936J', N'1.1.3.1.', N'907a005d-2b19-413b-bdd2-f48e3b52ab6e', '20250127'),
    (N'0195d876-d323-72a1-88fd-ab8fbd1c0958', '20250327 16:37:00.8357978', N'8a9711cd-5d08-477c-aa94-b2e72cf1101b', '20250327 16:37:16.1308418', N'9a699330-f706-401b-9fc1-fafd63b69c5c', N'9a699330-f706-401b-9fc1-fafd63b69c5c', NULL, 1, 1, N'1CFG7256O', N'1.1.3.1.', N'907a005d-2b19-413b-bdd2-f48e3b52ab6e', '20250113'),
    (N'0195f093-821a-7af1-8b12-c9658edeab20', '20250401 08:59:13.8606238', N'8a9711cd-5d08-477c-aa94-b2e72cf1101b', '20250401 09:00:06.4646161', N'9a699330-f706-401b-9fc1-fafd63b69c5c', N'9a699330-f706-401b-9fc1-fafd63b69c5c', NULL, 0, 1, N'1CFG2457U', N'1.1.3.1.', N'907a005d-2b19-413b-bdd2-f48e3b52ab6e', '20250324'),
    (N'0195f095-8257-75ef-8f08-1df087721b37', '20250401 09:01:24.9526693', N'8a9711cd-5d08-477c-aa94-b2e72cf1101b', '20250401 09:02:15.1027686', N'9a699330-f706-401b-9fc1-fafd63b69c5c', N'9a699330-f706-401b-9fc1-fafd63b69c5c', NULL, 1, 1, N'1CFG2457U', N'1.1.3.1.', N'907a005d-2b19-413b-bdd2-f48e3b52ab6e', '20250324'),
    (N'0195f097-2313-7363-854e-3dccd66bc89a', '20250401 09:03:11.6360050', N'8a9711cd-5d08-477c-aa94-b2e72cf1101b', '20250401 09:03:32.6072246', N'9a699330-f706-401b-9fc1-fafd63b69c5c', N'9a699330-f706-401b-9fc1-fafd63b69c5c', NULL, 1, 1, N'1CFG2457U', N'1.1.3.1.', N'907a005d-2b19-413b-bdd2-f48e3b52ab6e', '20250324'),
    (N'0195f148-1435-7e9f-9ca2-0a13cd39367a', '20250401 12:16:27.7025450', N'8a9711cd-5d08-477c-aa94-b2e72cf1101b', '20250402 12:24:02.5063234', N'9a699330-f706-401b-9fc1-fafd63b69c5c', N'9a699330-f706-401b-9fc1-fafd63b69c5c', NULL, 1, 1, N'1CFG4261Y', N'1.1.3.1.', N'907a005d-2b19-413b-bdd2-f48e3b52ab6e', '20250101'),
    (N'0195f673-9bfb-78d2-8800-6790e67f9b85', '20250402 12:22:06.6463378', N'8a9711cd-5d08-477c-aa94-b2e72cf1101b', '20250409 13:26:32.1649314', N'9a699330-f706-401b-9fc1-fafd63b69c5c', N'9a699330-f706-401b-9fc1-fafd63b69c5c', NULL, 1, 1, N'1CFG4595K', N'1.1.3.1.', N'907a005d-2b19-413b-bdd2-f48e3b52ab6e', '20250203'),
    (N'01961aba-c29b-7fb6-a91b-6545643a9dd7', '20250409 13:26:09.3449943', N'8a9711cd-5d08-477c-aa94-b2e72cf1101b', '20250409 13:26:37.6465665', N'9a699330-f706-401b-9fc1-fafd63b69c5c', N'9a699330-f706-401b-9fc1-fafd63b69c5c', NULL, 1, 1, N'1CFG9960M', N'1.1.3.1.', N'907a005d-2b19-413b-bdd2-f48e3b52ab6e', '20250324'),
    (N'01963481-d207-7c11-b30e-ef0a9b10cb33', '20250414 13:34:05.3509878', N'b0275b64-7357-436c-88d2-3b67ea3a361b', '20250414 13:34:28.8627009', N'9a699330-f706-401b-9fc1-fafd63b69c5c', N'9a699330-f706-401b-9fc1-fafd63b69c5c', NULL, 1, 1, N'1CFG1553F', N'1.1.4.1.', N'6ce88d3d-0b93-4727-aeac-9b5fa287838c', '20250331'),
    (N'01963dea-e7fc-74c1-ae9e-b1d79f041921', '20250416 09:25:27.1943729', N'b0275b64-7357-436c-88d2-3b67ea3a361b', '20250416 09:25:50.8859516', N'9a699330-f706-401b-9fc1-fafd63b69c5c', N'9a699330-f706-401b-9fc1-fafd63b69c5c', NULL, 1, 1, N'1CFG5469L', N'1.1.4.1.', N'6ce88d3d-0b93-4727-aeac-9b5fa287838c', '20250330'),
    (N'01963edb-0e83-7123-aa3e-11251473bc24', '20250416 13:47:45.6960237', N'8a9711cd-5d08-477c-aa94-b2e72cf1101b', '20250624 14:34:15.4679453', N'2a9b3450-1feb-4be3-ab94-24e64cd34829', N'2a9b3450-1feb-4be3-ab94-24e64cd34829', NULL, 1, 1, N'1CFG8432I', N'1.1.3.1.', N'907a005d-2b19-413b-bdd2-f48e3b52ab6e', '20250303'),
    (N'0196ab5c-1e83-7c1e-b460-19548458ffde', '20250507 15:27:43.2632855', N'8a9711cd-5d08-477c-aa94-b2e72cf1101b', '20250609 14:16:54.4357094', N'9a699330-f706-401b-9fc1-fafd63b69c5c', N'9a699330-f706-401b-9fc1-fafd63b69c5c', NULL, 1, 1, N'1CFG8391O', N'1.1.3.1.', N'907a005d-2b19-413b-bdd2-f48e3b52ab6e', '20250401'),
    (N'0196ab5c-2bbc-790b-a323-f6d1a2fb15e7', '20250507 15:27:46.6217944', N'8a9711cd-5d08-477c-aa94-b2e72cf1101b', '20250609 14:16:59.3213515', N'9a699330-f706-401b-9fc1-fafd63b69c5c', N'9a699330-f706-401b-9fc1-fafd63b69c5c', NULL, 1, 1, N'1CFG6390M', N'1.1.3.1.', N'907a005d-2b19-413b-bdd2-f48e3b52ab6e', '20250213'),
    (N'0196ab81-740c-77a6-a06d-b4d25a8af5bc', '20250507 16:08:29.9968514', N'8cb4b1a7-c338-46e1-ad41-ef151384ec3e', '20250609 14:17:11.3035694', N'9a699330-f706-401b-9fc1-fafd63b69c5c', N'9a699330-f706-401b-9fc1-fafd63b69c5c', NULL, 1, 1, N'1CFG5131C', N'1.1.4.2.', N'4772fd06-ff8e-4745-8da2-fd97cd45b1f4', '20250507'),
    (N'0197550b-7b7d-714a-bad5-fd8ea3ffbcce', '20250609 14:15:05.3694436', N'8a9711cd-5d08-477c-aa94-b2e72cf1101b', '20250609 14:27:53.6103489', N'9a699330-f706-401b-9fc1-fafd63b69c5c', N'9a699330-f706-401b-9fc1-fafd63b69c5c', NULL, 1, 1, N'1CFG1626P', N'1.1.3.1.', N'907a005d-2b19-413b-bdd2-f48e3b52ab6e', '20250526'),
    (N'01975516-ec21-74d4-af72-f5308ba5fbd2', '20250609 14:27:35.0744445', N'b0275b64-7357-436c-88d2-3b67ea3a361b', '20250609 15:01:15.3763178', N'9a699330-f706-401b-9fc1-fafd63b69c5c', N'9a699330-f706-401b-9fc1-fafd63b69c5c', NULL, 1, 1, N'1CFG5854G', N'1.1.4.1.', N'6ce88d3d-0b93-4727-aeac-9b5fa287838c', '20250324'),
    (N'0197b0b8-5afe-774c-a314-4f3168652b5b', '20250627 09:29:21.4418975', N'8a9711cd-5d08-477c-aa94-b2e72cf1101b', '20250627 13:18:23.7928721', N'9a699330-f706-401b-9fc1-fafd63b69c5c', N'9a699330-f706-401b-9fc1-fafd63b69c5c', NULL, 0, 1, N'1CFG2622V', N'1.1.3.1.', N'907a005d-2b19-413b-bdd2-f48e3b52ab6e', '20250609'),
    (N'0197b188-deab-7443-92e3-23fc4a26508c', '20250627 13:17:06.6048184', N'8cb4b1a7-c338-46e1-ad41-ef151384ec3e', '20250627 13:18:48.2207734', N'9a699330-f706-401b-9fc1-fafd63b69c5c', N'9a699330-f706-401b-9fc1-fafd63b69c5c', NULL, 1, 1, N'1CFG8236D', N'1.1.4.2.', N'4772fd06-ff8e-4745-8da2-fd97cd45b1f4', '20250601'),
    (N'01981c66-be6f-7b15-867d-1063db50b7b5', '20250718 07:19:12.2681437', N'8a9711cd-5d08-477c-aa94-b2e72cf1101b', '20250718 07:19:40.1528430', N'9a699330-f706-401b-9fc1-fafd63b69c5c', N'9a699330-f706-401b-9fc1-fafd63b69c5c', NULL, 1, 1, N'1CFG2457U', N'1.1.3.1.', N'907a005d-2b19-413b-bdd2-f48e3b52ab6e', '20250515'),
    (N'01989928-d819-715c-a502-f7c7e44a81ae', '20250811 12:44:07.6147737', N'669d758c-df88-4daf-936d-d2777cb2861d', '20250909 11:41:21.1293076', N'9a699330-f706-401b-9fc1-fafd63b69c5c', N'9a699330-f706-401b-9fc1-fafd63b69c5c', NULL, 1, 1, N'1CFG9798U', N'1.1.6.1.1.', N'98f8ac5b-8151-4342-896d-add3a146d44a', '20250512'),
    (N'01992e46-9d2b-7b03-9117-f211edb27c55', '20250909 11:40:03.8027766', N'969cd7a3-a9c4-4389-91df-1add45b17dbb', '20250909 11:41:25.2215063', N'9a699330-f706-401b-9fc1-fafd63b69c5c', N'9a699330-f706-401b-9fc1-fafd63b69c5c', NULL, 1, 1, N'1CFG1333S', N'1.1.2.3.1.', N'6452c624-a755-4cb5-9fca-0daa916d0e48', '20250901'),
    (N'0199389e-ea01-7c81-9244-21761b39e4e3', '20250911 11:52:42.7828201', N'8a9711cd-5d08-477c-aa94-b2e72cf1101b', '20250911 11:53:18.2063228', N'9a699330-f706-401b-9fc1-fafd63b69c5c', N'9a699330-f706-401b-9fc1-fafd63b69c5c', NULL, 1, 1, N'1CFG1109X', N'1.1.3.1.', N'907a005d-2b19-413b-bdd2-f48e3b52ab6e', '20250908'),
    (N'019956f6-f3b1-7dde-a1c4-745f36313d0d', '20250917 09:17:28.9120024', N'8cb4b1a7-c338-46e1-ad41-ef151384ec3e', '20251001 11:48:48.3108141', N'9a699330-f706-401b-9fc1-fafd63b69c5c', N'9a699330-f706-401b-9fc1-fafd63b69c5c', NULL, 1, 1, N'1CFG8236D', N'1.1.4.2.', N'4772fd06-ff8e-4745-8da2-fd97cd45b1f4', '20250901'),
    (N'0199574a-2323-7384-b929-6036baafc3ab', '20250917 10:48:20.5167357', N'8a9711cd-5d08-477c-aa94-b2e72cf1101b', '20251001 11:48:56.5676776', N'9a699330-f706-401b-9fc1-fafd63b69c5c', N'9a699330-f706-401b-9fc1-fafd63b69c5c', NULL, 1, 1, N'1CFG1109X', N'1.1.3.1.', N'907a005d-2b19-413b-bdd2-f48e3b52ab6e', '20250908');

    SET IDENTITY_INSERT [Enrolment].[Qa1QueueNote] ON
    
    INSERT INTO [Enrolment].[Qa1QueueNote] ([Id], [Message], [CallReference], [Created], [CreatedBy], [LastModified], [LastModifiedBy], [TenantId], [EnrolmentQa1QueueEntryId], [IsExternal]) 
    VALUES 
    (1, N'date altered', NULL, '20250401 09:00:06.4647528', N'9a699330-f706-401b-9fc1-fafd63b69c5c', NULL, NULL, N'1.1.3.1.', N'0195f093-821a-7af1-8b12-c9658edeab20', 0),
    (2, N'participant signature is typed', NULL, '20250627 13:18:23.7931436', N'9a699330-f706-401b-9fc1-fafd63b69c5c', NULL, NULL, N'1.1.3.1.', N'0197b0b8-5afe-774c-a314-4f3168652b5b', 0);
    
    SET IDENTITY_INSERT [Enrolment].[Qa1QueueNote] OFF


END

IF NOT EXISTS (SELECT TOP (1) [Id] FROM [Enrolment].[Qa2Queue])
BEGIN

    INSERT INTO [Enrolment].[Qa2Queue] ([Id], [Created], [CreatedBy], [LastModified], [LastModifiedBy], [OwnerId], [EditorId], [IsAccepted], [IsCompleted], [ParticipantId], [TenantId], [IsEscalated], [SupportWorkerId], [ConsentDate]) 
    VALUES 
    (N'0195d754-9d43-7c55-aeef-4b3b079784f3', '20250327 11:20:01.6654465', N'9a699330-f706-401b-9fc1-fafd63b69c5c', '20250327 11:24:38.9909660', N'77467465-c7b2-40f8-b145-219225ae1459', N'77467465-c7b2-40f8-b145-219225ae1459', NULL, 1, 1, N'1CFG9326Y', N'1.1.3.1.', 0, N'907a005d-2b19-413b-bdd2-f48e3b52ab6e', '20250102'),
    (N'0195d788-ca10-7d04-a489-42b2771ef2ef', '20250327 12:17:00.9450322', N'9a699330-f706-401b-9fc1-fafd63b69c5c', '20250327 12:17:44.8825850', N'77467465-c7b2-40f8-b145-219225ae1459', N'77467465-c7b2-40f8-b145-219225ae1459', NULL, 1, 1, N'1CFG4936J', N'1.1.3.1.', 0, N'907a005d-2b19-413b-bdd2-f48e3b52ab6e', '20250127'),
    (N'0195d877-0ee2-7865-b26c-1750426a5f94', '20250327 16:37:16.1308415', N'9a699330-f706-401b-9fc1-fafd63b69c5c', '20250327 16:38:19.9324199', N'77467465-c7b2-40f8-b145-219225ae1459', N'77467465-c7b2-40f8-b145-219225ae1459', NULL, 1, 1, N'1CFG7256O', N'1.1.3.1.', 0, N'907a005d-2b19-413b-bdd2-f48e3b52ab6e', '20250113'),
    (N'0195f094-4f91-7954-b9b7-501c0392cbc3', '20250401 09:00:06.4646151', N'9a699330-f706-401b-9fc1-fafd63b69c5c', '20250401 09:00:48.9527241', N'77467465-c7b2-40f8-b145-219225ae1459', N'77467465-c7b2-40f8-b145-219225ae1459', NULL, 0, 1, N'1CFG2457U', N'1.1.3.1.', 0, N'907a005d-2b19-413b-bdd2-f48e3b52ab6e', '20250324'),
    (N'0195f096-463e-776a-88cf-da09f416b444', '20250401 09:02:15.1027683', N'9a699330-f706-401b-9fc1-fafd63b69c5c', '20250401 09:02:47.6083501', N'77467465-c7b2-40f8-b145-219225ae1459', N'77467465-c7b2-40f8-b145-219225ae1459', NULL, 0, 1, N'1CFG2457U', N'1.1.3.1.', 0, N'907a005d-2b19-413b-bdd2-f48e3b52ab6e', '20250324'),
    (N'0195f097-74fe-7a07-a856-99eb214d70d3', '20250401 09:03:32.6072241', N'9a699330-f706-401b-9fc1-fafd63b69c5c', '20250401 09:04:04.8075076', N'77467465-c7b2-40f8-b145-219225ae1459', N'77467465-c7b2-40f8-b145-219225ae1459', NULL, 0, 1, N'1CFG2457U', N'1.1.3.1.', 1, N'907a005d-2b19-413b-bdd2-f48e3b52ab6e', '20250324'),
    (N'0195f675-6078-7bab-92c4-665aa642f60a', '20250402 12:24:02.5063223', N'9a699330-f706-401b-9fc1-fafd63b69c5c', '20250409 13:26:56.4488869', N'1113c865-21f4-43c2-a03d-b7936da3b18b', N'1113c865-21f4-43c2-a03d-b7936da3b18b', NULL, 1, 1, N'1CFG4261Y', N'1.1.3.1.', 0, N'907a005d-2b19-413b-bdd2-f48e3b52ab6e', '20250101'),
    (N'01961abb-1bba-745f-9115-15d223e9b529', '20250409 13:26:32.1649281', N'9a699330-f706-401b-9fc1-fafd63b69c5c', '20250409 13:28:16.2293355', N'1113c865-21f4-43c2-a03d-b7936da3b18b', N'1113c865-21f4-43c2-a03d-b7936da3b18b', NULL, 1, 1, N'1CFG4595K', N'1.1.3.1.', 0, N'907a005d-2b19-413b-bdd2-f48e3b52ab6e', '20250203'),
    (N'01961abb-314d-7369-86a0-415ad7d158a0', '20250409 13:26:37.6465660', N'9a699330-f706-401b-9fc1-fafd63b69c5c', '20250409 13:28:22.1729410', N'1113c865-21f4-43c2-a03d-b7936da3b18b', N'1113c865-21f4-43c2-a03d-b7936da3b18b', NULL, 1, 1, N'1CFG9960M', N'1.1.3.1.', 0, N'907a005d-2b19-413b-bdd2-f48e3b52ab6e', '20250324'),
    (N'01963482-2ddf-7832-85ab-289fc303e925', '20250414 13:34:28.8626994', N'9a699330-f706-401b-9fc1-fafd63b69c5c', '20250414 13:34:52.7526765', N'77467465-c7b2-40f8-b145-219225ae1459', N'77467465-c7b2-40f8-b145-219225ae1459', NULL, 1, 1, N'1CFG1553F', N'1.1.4.1.', 0, N'6ce88d3d-0b93-4727-aeac-9b5fa287838c', '20250331'),
    (N'01963deb-4488-7dea-91dd-856bad4ceda1', '20250416 09:25:50.8859500', N'9a699330-f706-401b-9fc1-fafd63b69c5c', '20250416 09:26:11.5638209', N'77467465-c7b2-40f8-b145-219225ae1459', N'77467465-c7b2-40f8-b145-219225ae1459', NULL, 1, 1, N'1CFG5469L', N'1.1.4.1.', 0, N'6ce88d3d-0b93-4727-aeac-9b5fa287838c', '20250330'),
    (N'0197550d-2586-7379-a8f6-7fd29a1bbfd2', '20250609 14:16:54.4357078', N'9a699330-f706-401b-9fc1-fafd63b69c5c', '20250609 14:18:29.3502340', N'1113c865-21f4-43c2-a03d-b7936da3b18b', N'1113c865-21f4-43c2-a03d-b7936da3b18b', NULL, 1, 1, N'1CFG8391O', N'1.1.3.1.', 0, N'907a005d-2b19-413b-bdd2-f48e3b52ab6e', '20250401'),
    (N'0197550d-38b7-79da-b66f-4c86ab73785a', '20250609 14:16:59.3213493', N'9a699330-f706-401b-9fc1-fafd63b69c5c', '20250609 14:18:44.4850242', N'1113c865-21f4-43c2-a03d-b7936da3b18b', N'1113c865-21f4-43c2-a03d-b7936da3b18b', NULL, 0, 1, N'1CFG6390M', N'1.1.3.1.', 1, N'907a005d-2b19-413b-bdd2-f48e3b52ab6e', '20250213'),
    (N'0197550d-6786-7d09-8625-406c38c51a01', '20250609 14:17:11.3035684', N'9a699330-f706-401b-9fc1-fafd63b69c5c', '20250609 14:28:14.0276901', N'1113c865-21f4-43c2-a03d-b7936da3b18b', N'1113c865-21f4-43c2-a03d-b7936da3b18b', NULL, 1, 1, N'1CFG5131C', N'1.1.4.2.', 0, N'4772fd06-ff8e-4745-8da2-fd97cd45b1f4', '20250507'),
    (N'01975517-3489-7292-8cde-ee12a9ad6744', '20250609 14:27:53.6103484', N'9a699330-f706-401b-9fc1-fafd63b69c5c', '20250609 15:02:07.3314128', N'1113c865-21f4-43c2-a03d-b7936da3b18b', N'1113c865-21f4-43c2-a03d-b7936da3b18b', NULL, 1, 1, N'1CFG1626P', N'1.1.3.1.', 0, N'907a005d-2b19-413b-bdd2-f48e3b52ab6e', '20250526'),
    (N'01975535-bfef-7a9c-8bbb-bb0acf89a0d7', '20250609 15:01:15.3763168', N'9a699330-f706-401b-9fc1-fafd63b69c5c', '20250613 09:50:25.9209386', N'dc339552-334c-41e0-8d5e-a5a4e06398a9', N'dc339552-334c-41e0-8d5e-a5a4e06398a9', NULL, 0, 0, N'1CFG5854G', N'1.1.4.1.', 0, N'6ce88d3d-0b93-4727-aeac-9b5fa287838c', '20250324'),
    (N'0197a25c-6c0b-7d96-8009-09c6f734213d', '20250624 14:34:15.4679148', N'2a9b3450-1feb-4be3-ab94-24e64cd34829', '20250624 14:35:01.1824461', N'77467465-c7b2-40f8-b145-219225ae1459', N'77467465-c7b2-40f8-b145-219225ae1459', NULL, 1, 1, N'1CFG8432I', N'1.1.3.1.', 0, N'907a005d-2b19-413b-bdd2-f48e3b52ab6e', '20250303'),
    (N'0197b18a-0c0d-70d8-8c69-4b0c24048865', '20250627 13:18:23.7928703', N'9a699330-f706-401b-9fc1-fafd63b69c5c', '20250627 13:19:51.9731591', N'1113c865-21f4-43c2-a03d-b7936da3b18b', N'1113c865-21f4-43c2-a03d-b7936da3b18b', NULL, 1, 1, N'1CFG2622V', N'1.1.3.1.', 0, N'907a005d-2b19-413b-bdd2-f48e3b52ab6e', '20250609'),
    (N'0197b18a-6b9b-7ed4-a2ec-cf9cc63de030', '20250627 13:18:48.2207730', N'9a699330-f706-401b-9fc1-fafd63b69c5c', '20250627 13:20:03.7210456', N'1113c865-21f4-43c2-a03d-b7936da3b18b', N'1113c865-21f4-43c2-a03d-b7936da3b18b', NULL, 0, 1, N'1CFG8236D', N'1.1.4.2.', 0, N'4772fd06-ff8e-4745-8da2-fd97cd45b1f4', '20250601'),
    (N'01981c67-2b5a-74f9-8273-009520016b90', '20250718 07:19:40.1528418', N'9a699330-f706-401b-9fc1-fafd63b69c5c', '20250718 07:20:12.7301816', N'1113c865-21f4-43c2-a03d-b7936da3b18b', N'1113c865-21f4-43c2-a03d-b7936da3b18b', NULL, 1, 1, N'1CFG2457U', N'1.1.3.1.', 0, N'907a005d-2b19-413b-bdd2-f48e3b52ab6e', '20250515'),
    (N'01992e47-cb4b-78e7-b792-b08d39a2f11b', '20250909 11:41:21.1280052', N'9a699330-f706-401b-9fc1-fafd63b69c5c', '20250909 11:41:56.0279749', N'1113c865-21f4-43c2-a03d-b7936da3b18b', N'1113c865-21f4-43c2-a03d-b7936da3b18b', NULL, 1, 1, N'1CFG9798U', N'1.1.6.1.1.', 0, N'98f8ac5b-8151-4342-896d-add3a146d44a', '20250512'),
    (N'01992e47-db63-7430-9355-5e8fd428231b', '20250909 11:41:25.2211939', N'9a699330-f706-401b-9fc1-fafd63b69c5c', '20250911 11:54:07.7482974', N'1113c865-21f4-43c2-a03d-b7936da3b18b', N'1113c865-21f4-43c2-a03d-b7936da3b18b', NULL, 1, 1, N'1CFG1333S', N'1.1.2.3.1.', 0, N'6452c624-a755-4cb5-9fca-0daa916d0e48', '20250901'),
    (N'0199389f-745e-72d6-bcaa-02aba1445d21', '20250911 11:53:18.2063209', N'9a699330-f706-401b-9fc1-fafd63b69c5c', '20250911 11:54:31.4449913', N'1113c865-21f4-43c2-a03d-b7936da3b18b', N'1113c865-21f4-43c2-a03d-b7936da3b18b', NULL, 0, 1, N'1CFG1109X', N'1.1.3.1.', 1, N'907a005d-2b19-413b-bdd2-f48e3b52ab6e', '20250908'),
    (N'01999f9a-8617-7e2d-8a57-ecc539238063', '20251001 11:48:48.3107858', N'9a699330-f706-401b-9fc1-fafd63b69c5c', '20251001 11:49:50.3711323', N'1113c865-21f4-43c2-a03d-b7936da3b18b', N'1113c865-21f4-43c2-a03d-b7936da3b18b', NULL, 1, 1, N'1CFG8236D', N'1.1.4.2.', 0, N'4772fd06-ff8e-4745-8da2-fd97cd45b1f4', '20250901'),
    (N'01999f9a-a676-768a-ad77-87da36446e85', '20251001 11:48:56.5676768', N'9a699330-f706-401b-9fc1-fafd63b69c5c', '20251001 11:50:03.1941038', N'1113c865-21f4-43c2-a03d-b7936da3b18b', N'1113c865-21f4-43c2-a03d-b7936da3b18b', NULL, 1, 1, N'1CFG1109X', N'1.1.3.1.', 0, N'907a005d-2b19-413b-bdd2-f48e3b52ab6e', '20250908');


    SET IDENTITY_INSERT [Enrolment].[Qa2QueueNote] ON

    INSERT INTO [Enrolment].[Qa2QueueNote] ([Id], [Message], [CallReference], [Created], [CreatedBy], [LastModified], [LastModifiedBy], [TenantId], [EnrolmentQa2QueueEntryId], [IsExternal]) 
    VALUES 
    (1, N'date has been altered', NULL, '20250401 09:00:48.9528241', N'77467465-c7b2-40f8-b145-219225ae1459', NULL, NULL, N'1.1.3.1.', N'0195f094-4f91-7954-b9b7-501c0392cbc3', 0),
    (2, N'still altered', NULL, '20250401 09:02:47.6084226', N'77467465-c7b2-40f8-b145-219225ae1459', NULL, NULL, N'1.1.3.1.', N'0195f096-463e-776a-88cf-da09f416b444', 1),
    (3, N'sill not correct please advise', NULL, '20250401 09:04:04.8077645', N'77467465-c7b2-40f8-b145-219225ae1459', NULL, NULL, N'1.1.3.1.', N'0195f097-74fe-7a07-a856-99eb214d70d3', 0),
    (4, N'help', NULL, '20250609 14:18:44.4851757', N'1113c865-21f4-43c2-a03d-b7936da3b18b', NULL, NULL, N'1.1.3.1.', N'0197550d-38b7-79da-b66f-4c86ab73785a', 0),
    (5, N'signature is typed', NULL, '20250627 13:20:03.7212083', N'1113c865-21f4-43c2-a03d-b7936da3b18b', NULL, NULL, N'1.1.4.2.', N'0197b18a-6b9b-7ed4-a2ec-cf9cc63de030', 1),
    (6, N'test', NULL, '20250911 11:54:31.4450926', N'1113c865-21f4-43c2-a03d-b7936da3b18b', NULL, NULL, N'1.1.3.1.', N'0199389f-745e-72d6-bcaa-02aba1445d21', 0);

    SET IDENTITY_INSERT [Enrolment].[Qa2QueueNote] OFF

END



IF NOT EXISTS (SELECT TOP 1 (Id) FROM [Enrolment].[EscalationQueue])
BEGIN

    INSERT INTO [Enrolment].[EscalationQueue] ([Id], [Created], [CreatedBy], [LastModified], [LastModifiedBy], [OwnerId], [EditorId], [IsAccepted], [IsCompleted], [ParticipantId], [TenantId], [SupportWorkerId], [ConsentDate]) 
    VALUES 
    (N'0195f097-f2a0-7871-920b-b3677b1a5c9f', '20250401 09:04:04.8075068', N'77467465-c7b2-40f8-b145-219225ae1459', '20250401 09:05:19.0389248', N'1113c865-21f4-43c2-a03d-b7936da3b18b', NULL, NULL, 0, 1, N'1CFG2457U', N'1.1.3.1.', N'907a005d-2b19-413b-bdd2-f48e3b52ab6e', '20250324'),
    (N'0197550e-d367-752d-b60d-e5ada3373eec', '20250609 14:18:44.4850224', N'1113c865-21f4-43c2-a03d-b7936da3b18b', '20250609 14:19:01.0997912', N'1113c865-21f4-43c2-a03d-b7936da3b18b', NULL, NULL, 1, 1, N'1CFG6390M', N'1.1.3.1.', N'907a005d-2b19-413b-bdd2-f48e3b52ab6e', '20250213'),
    (N'019938a0-9274-7472-ae27-807d6e1d1b74', '20250911 11:54:31.4449894', N'1113c865-21f4-43c2-a03d-b7936da3b18b', '20250911 11:54:49.7636574', N'1113c865-21f4-43c2-a03d-b7936da3b18b', NULL, NULL, 1, 1, N'1CFG1109X', N'1.1.3.1.', N'907a005d-2b19-413b-bdd2-f48e3b52ab6e', '20250908');

    SET IDENTITY_INSERT [Enrolment].[EscalationNote] ON
    
    INSERT INTO [Enrolment].[EscalationNote] ([Id], [Message], [CallReference], [Created], [CreatedBy], [LastModified], [LastModifiedBy], [TenantId], [EnrolmentEscalationQueueEntryId], [IsExternal]) VALUES (1, N'Still alterations this will not be accepted without new consent form', NULL, '20250401 09:05:19.0390280', N'1113c865-21f4-43c2-a03d-b7936da3b18b', NULL, NULL, N'1.1.3.1.', N'0195f097-f2a0-7871-920b-b3677b1a5c9f', 1)
    
    SET IDENTITY_INSERT [Enrolment].[EscalationNote] OFF

END