

IF NOT EXISTS (SELECT TOP(1) [Id] FROM [Induction].[WingInduction])
BEGIN

    INSERT INTO [Induction].[WingInduction] ([Id], [ParticipantId], [LocationId], [InductionDate], [Created], [CreatedBy], [LastModified], [LastModifiedBy], [OwnerId], [EditorId]) 
    VALUES 
    (N'0195d74f-ca80-7905-ae67-35ed5acdb442', N'1CFG9326Y', 20, '20250219', '20250327 11:14:45.5648682', N'907a005d-2b19-413b-bdd2-f48e3b52ab6e', NULL, NULL, N'907a005d-2b19-413b-bdd2-f48e3b52ab6e', NULL),
    (N'0195dbce-baa2-784c-ac3f-757e86a9d3b0', N'1CFG7256O', 22, '20250121', '20250328 08:11:53.4453757', N'907a005d-2b19-413b-bdd2-f48e3b52ab6e', NULL, NULL, N'907a005d-2b19-413b-bdd2-f48e3b52ab6e', NULL),
    (N'0195dbcf-01e6-70a4-8180-ab71b91c4792', N'1CFG7256O', 21, '20250217', '20250328 08:12:11.6232607', N'907a005d-2b19-413b-bdd2-f48e3b52ab6e', NULL, NULL, N'907a005d-2b19-413b-bdd2-f48e3b52ab6e', NULL),
    (N'0195dbd6-41e8-70fe-ac44-9a994b38f47d', N'1CFG7256O', 20, '20250328', '20250328 08:20:06.7609153', N'77467465-c7b2-40f8-b145-219225ae1459', NULL, NULL, N'77467465-c7b2-40f8-b145-219225ae1459', NULL),
    (N'0195dbd6-79c8-7a44-8e10-96ee1e736151', N'1CFG7256O', 2, '20250328', '20250328 08:20:21.0647102', N'77467465-c7b2-40f8-b145-219225ae1459', NULL, NULL, N'77467465-c7b2-40f8-b145-219225ae1459', NULL),
    (N'0195dc48-414f-7ede-bd4b-f73ef2ec5801', N'1CFG9326Y', 22, '20250131', '20250328 10:24:37.7606906', N'77467465-c7b2-40f8-b145-219225ae1459', NULL, NULL, N'77467465-c7b2-40f8-b145-219225ae1459', NULL),
    (N'0195f039-322b-7d2b-be3a-eca3e626aee8', N'1CFG4936J', 20, '20250324', '20250401 07:20:35.1939954', N'907a005d-2b19-413b-bdd2-f48e3b52ab6e', NULL, NULL, N'907a005d-2b19-413b-bdd2-f48e3b52ab6e', NULL),
    (N'0195f03c-c2ed-7b5e-8664-0bf7e4eb51d2', N'1CFG4936J', 20, '20250324', '20250401 07:24:28.7837682', N'907a005d-2b19-413b-bdd2-f48e3b52ab6e', NULL, NULL, N'907a005d-2b19-413b-bdd2-f48e3b52ab6e', NULL),
    (N'0195f042-7669-7aa6-8816-d5aaea844e87', N'1CFG4936J', 22, '20250224', '20250401 07:30:42.4119659', N'907a005d-2b19-413b-bdd2-f48e3b52ab6e', NULL, NULL, N'907a005d-2b19-413b-bdd2-f48e3b52ab6e', NULL),
    (N'0195f04d-3b46-76c3-b826-b2e5408c3e3c', N'1CFG4936J', 21, '20250130', '20250401 07:42:28.1665629', N'907a005d-2b19-413b-bdd2-f48e3b52ab6e', NULL, NULL, N'907a005d-2b19-413b-bdd2-f48e3b52ab6e', NULL),
    (N'019623b8-f1fb-78df-81ad-159d73f3c44c', N'1CFG4261Y', 59, '20250401', '20250411 07:20:45.3711325', N'2a9b3450-1feb-4be3-ab94-24e64cd34829', NULL, NULL, N'2a9b3450-1feb-4be3-ab94-24e64cd34829', NULL),
    (N'01968c52-23c2-7dd5-a794-7236b1342168', N'1CFG6390M', 22, '20250228', '20250501 14:48:35.5489908', N'907a005d-2b19-413b-bdd2-f48e3b52ab6e', NULL, NULL, N'907a005d-2b19-413b-bdd2-f48e3b52ab6e', NULL),
    (N'01968c69-639d-780d-8cae-40a3d9bd48fb', N'1CFG9960M', 22, '20250324', '20250501 15:13:59.1992810', N'907a005d-2b19-413b-bdd2-f48e3b52ab6e', NULL, NULL, N'907a005d-2b19-413b-bdd2-f48e3b52ab6e', NULL),
    (N'01968c6c-4394-7901-ada9-63f81cb09dc5', N'1CFG4936J', 22, '20250201', '20250501 15:17:07.6053758', N'907a005d-2b19-413b-bdd2-f48e3b52ab6e', NULL, NULL, N'907a005d-2b19-413b-bdd2-f48e3b52ab6e', NULL),
    (N'0196ab53-eb48-73ca-9ae3-86304b13f0dc', N'1CFG5131C', 77, '20250507', '20250507 15:18:45.8601201', N'4772fd06-ff8e-4745-8da2-fd97cd45b1f4', NULL, NULL, N'4772fd06-ff8e-4745-8da2-fd97cd45b1f4', NULL),
    (N'0196ab59-dbec-754c-bc39-c8a48e7287ac', N'1CFG9960M', 20, '20250507', '20250507 15:25:15.1174397', N'907a005d-2b19-413b-bdd2-f48e3b52ab6e', NULL, NULL, N'907a005d-2b19-413b-bdd2-f48e3b52ab6e', NULL),
    (N'0196c4bb-cfa2-7946-aed3-6a26cff0738a', N'1CFG8432I', 21, '20250324', '20250512 13:42:44.9509848', N'2a9b3450-1feb-4be3-ab94-24e64cd34829', NULL, NULL, N'2a9b3450-1feb-4be3-ab94-24e64cd34829', NULL),
    (N'0197a6ac-7b58-75aa-9f93-c4776e55c113', N'1CFG8516T', 31, '20250602', '20250625 10:40:11.1575657', N'2a9b3450-1feb-4be3-ab94-24e64cd34829', NULL, NULL, N'2a9b3450-1feb-4be3-ab94-24e64cd34829', NULL),
    (N'0197b1a7-8f9a-72ff-b0a7-0915964efd4d', N'1CFG1626P', 22, '20250527', '20250627 13:50:38.0065680', N'907a005d-2b19-413b-bdd2-f48e3b52ab6e', NULL, NULL, N'907a005d-2b19-413b-bdd2-f48e3b52ab6e', NULL),
    (N'01993ca3-f8d0-7b8c-9431-68c9bb1283eb', N'1CFG8391O', 59, '20250901', '20250912 06:36:43.2580389', N'2a9b3450-1feb-4be3-ab94-24e64cd34829', NULL, NULL, N'2a9b3450-1feb-4be3-ab94-24e64cd34829', NULL),
    (N'01995701-23c6-7a5b-954d-434d8d9679d3', N'1CFG8236D', 77, '20250901', '20250917 09:28:36.5816679', N'4772fd06-ff8e-4745-8da2-fd97cd45b1f4', NULL, NULL, N'4772fd06-ff8e-4745-8da2-fd97cd45b1f4', NULL);


    INSERT INTO [Induction].[WingInductionPhase] ([WingInductionId], [Number], [Id], [StartDate], [CompletedDate], [AbandonJustification], [AbandonReason], [CompletedBy], [Status]) 
    VALUES 
    (N'0195f039-322b-7d2b-be3a-eca3e626aee8', 1, N'0195f039-6ab0-718c-9e5b-65382d65f2b6', '20250401 00:00:00.0000000', NULL, NULL, NULL, NULL, 0),
    (N'0195f03c-c2ed-7b5e-8664-0bf7e4eb51d2', 1, N'0195f03c-fc43-7d8f-bb43-6f53d6150a4c', '20250324 00:00:00.0000000', '20250401 00:00:00.0000000', N'disruption', 6, N'907a005d-2b19-413b-bdd2-f48e3b52ab6e', 2),
    (N'0195f03c-c2ed-7b5e-8664-0bf7e4eb51d2', 1, N'0195f040-aea6-70b0-b252-616d9546dbf0', '20250401 00:00:00.0000000', '20250408 00:00:00.0000000', NULL, NULL, N'907a005d-2b19-413b-bdd2-f48e3b52ab6e', 1),
    (N'0195f042-7669-7aa6-8816-d5aaea844e87', 1, N'0195f042-98cf-7cc0-b223-2530ec2a52a3', '20250225 00:00:00.0000000', '20250310 00:00:00.0000000', NULL, NULL, N'907a005d-2b19-413b-bdd2-f48e3b52ab6e', 1),
    (N'0195f042-7669-7aa6-8816-d5aaea844e87', 2, N'0195f042-e04b-765c-9896-1fe24e41c3d8', '20250326 00:00:00.0000000', '20250327 00:00:00.0000000', N'dusruption', 4, N'907a005d-2b19-413b-bdd2-f48e3b52ab6e', 2),
    (N'0195f042-7669-7aa6-8816-d5aaea844e87', 3, N'0195f046-27dd-7d14-9882-2070ad55a5d4', '20250331 00:00:00.0000000', '20250401 00:00:00.0000000', NULL, NULL, N'907a005d-2b19-413b-bdd2-f48e3b52ab6e', 1),
    (N'0195f042-7669-7aa6-8816-d5aaea844e87', 4, N'0195f049-6f95-7250-96d6-e45d4bb2aab5', '20250401 00:00:00.0000000', NULL, NULL, NULL, NULL, 0),
    (N'0195f04d-3b46-76c3-b826-b2e5408c3e3c', 1, N'0195f04d-5cf6-79a2-9324-d67646c13557', '20250131 00:00:00.0000000', '20250203 00:00:00.0000000', N'poor health', 5, N'907a005d-2b19-413b-bdd2-f48e3b52ab6e', 2),
    (N'0195f04d-3b46-76c3-b826-b2e5408c3e3c', 1, N'0195f04d-eb13-7726-aa80-4f7c0786a146', '20250203 00:00:00.0000000', '20250310 00:00:00.0000000', N'to do a course', 7, N'907a005d-2b19-413b-bdd2-f48e3b52ab6e', 2),
    (N'0195f04d-3b46-76c3-b826-b2e5408c3e3c', 1, N'0195f04e-7d7a-7b58-ba6c-0c11bcb40265', '20250324 00:00:00.0000000', NULL, NULL, NULL, NULL, 0),
    (N'019623b8-f1fb-78df-81ad-159d73f3c44c', 1, N'019623b9-2924-76f9-b1d5-80cbbf310e92', '20250401 00:00:00.0000000', '20250404 00:00:00.0000000', N'fhjhjh', 4, N'2a9b3450-1feb-4be3-ab94-24e64cd34829', 2),
    (N'019623b8-f1fb-78df-81ad-159d73f3c44c', 1, N'019623b9-c2cd-7834-822c-76f79deacad1', '20250405 00:00:00.0000000', NULL, NULL, NULL, NULL, 0),
    (N'01968c52-23c2-7dd5-a794-7236b1342168', 1, N'01968c52-8a78-7057-a623-3ac80188ffa1', '20250301 00:00:00.0000000', NULL, NULL, NULL, NULL, 0),
    (N'01968c69-639d-780d-8cae-40a3d9bd48fb', 1, N'01968c69-a4ff-78b9-80c1-a00f61bbab44', '20250324 00:00:00.0000000', '20250501 00:00:00.0000000', NULL, NULL, N'907a005d-2b19-413b-bdd2-f48e3b52ab6e', 1),
    (N'01968c69-639d-780d-8cae-40a3d9bd48fb', 2, N'01968c6a-b9cf-70f3-a357-78c39e35da68', '20250501 00:00:00.0000000', '20250701 00:00:00.0000000', NULL, NULL, N'907a005d-2b19-413b-bdd2-f48e3b52ab6e', 1),
    (N'01968c6c-4394-7901-ada9-63f81cb09dc5', 1, N'01968c6c-6eca-7924-8140-cc2ff4fad574', '20250201 00:00:00.0000000', '20250329 00:00:00.0000000', NULL, NULL, N'907a005d-2b19-413b-bdd2-f48e3b52ab6e', 1),
    (N'01968c6c-4394-7901-ada9-63f81cb09dc5', 2, N'01968c6e-933a-73d4-b678-a8857d74ef8f', '20250402 00:00:00.0000000', '20250501 00:00:00.0000000', NULL, NULL, N'907a005d-2b19-413b-bdd2-f48e3b52ab6e', 1),
    (N'0196c4bb-cfa2-7946-aed3-6a26cff0738a', 1, N'0196c4bc-0411-7247-87b4-657d128f6255', '20250421 00:00:00.0000000', NULL, NULL, NULL, NULL, 0),
    (N'0197a6ac-7b58-75aa-9f93-c4776e55c113', 1, N'0197a6ac-aa87-7b5a-96b3-0b932dcf80af', '20250602 00:00:00.0000000', '20250603 00:00:00.0000000', N'Training Demo', 1, N'2a9b3450-1feb-4be3-ab94-24e64cd34829', 2),
    (N'0197a6ac-7b58-75aa-9f93-c4776e55c113', 1, N'0197a6ad-9b96-76ab-9c85-ae0a45632c06', '20250604 00:00:00.0000000', '20250610 00:00:00.0000000', NULL, NULL, N'2a9b3450-1feb-4be3-ab94-24e64cd34829', 1),
    (N'0197a6ac-7b58-75aa-9f93-c4776e55c113', 2, N'0197a6ae-0a39-79ff-af34-e94734e1316b', '20250616 00:00:00.0000000', '20250625 00:00:00.0000000', NULL, NULL, N'2a9b3450-1feb-4be3-ab94-24e64cd34829', 1),
    (N'0197a6ac-7b58-75aa-9f93-c4776e55c113', 3, N'0198d14a-65f0-7108-a44f-e54327966501', '20250821 00:00:00.0000000', '20250822 00:00:00.0000000', N'Test', 6, N'2a9b3450-1feb-4be3-ab94-24e64cd34829', 2),
    (N'01993ca3-f8d0-7b8c-9431-68c9bb1283eb', 1, N'01993ca4-64cd-70d8-8691-aee77c6720ae', '20250901 00:00:00.0000000', NULL, NULL, NULL, NULL, 0),
    (N'01995701-23c6-7a5b-954d-434d8d9679d3', 1, N'01995701-9631-7a9d-ab16-6f507e60c0ca', '20250901 00:00:00.0000000', '20250902 00:00:00.0000000', N'Not well', 5, N'4772fd06-ff8e-4745-8da2-fd97cd45b1f4', 2),
    (N'01995701-23c6-7a5b-954d-434d8d9679d3', 1, N'01995702-80c8-703c-b2a4-16337c75d584', '20250903 00:00:00.0000000', NULL, NULL, NULL, NULL, 0);

END

IF NOT EXISTS (SELECT TOP (1) [Id] FROM [Induction].[HubInduction])
BEGIN

    INSERT INTO [Induction].[HubInduction] ([Id], [ParticipantId], [LocationId], [InductionDate], [Created], [CreatedBy], [LastModified], [LastModifiedBy], [OwnerId], [EditorId]) 
    VALUES 
    (N'0195d74f-67df-72bd-8f50-10f5e4a037b3', N'1CFG9326Y', 112, '20250122', '20250327 11:14:20.2936385', N'907a005d-2b19-413b-bdd2-f48e3b52ab6e', NULL, NULL, N'907a005d-2b19-413b-bdd2-f48e3b52ab6e', NULL),
    (N'0195dbcd-7036-7c35-a868-9125e5b93ac1', N'1CFG7256O', 111, '20250210', '20250328 08:10:28.8172213', N'907a005d-2b19-413b-bdd2-f48e3b52ab6e', NULL, NULL, N'907a005d-2b19-413b-bdd2-f48e3b52ab6e', NULL),
    (N'0195dbcd-96e8-7bbb-801b-50494c1be9ca', N'1CFG7256O', 111, '20250303', '20250328 08:10:38.6976901', N'907a005d-2b19-413b-bdd2-f48e3b52ab6e', NULL, NULL, N'907a005d-2b19-413b-bdd2-f48e3b52ab6e', NULL),
    (N'0195dbcd-d64e-7c10-9d8e-1316610378dd', N'1CFG7256O', 115, '20250322', '20250328 08:10:54.9580004', N'907a005d-2b19-413b-bdd2-f48e3b52ab6e', NULL, NULL, N'907a005d-2b19-413b-bdd2-f48e3b52ab6e', NULL),
    (N'0195dbe3-35af-7333-81bc-d381e43534dc', N'1CFG4936J', 115, '20250130', '20250328 08:34:15.5995764', N'77467465-c7b2-40f8-b145-219225ae1459', NULL, NULL, N'77467465-c7b2-40f8-b145-219225ae1459', NULL),
    (N'0195dc44-3fb6-7d10-be40-6b340944c6cb', N'1CFG9326Y', 115, '20250122', '20250328 10:20:15.2236861', N'77467465-c7b2-40f8-b145-219225ae1459', NULL, NULL, N'77467465-c7b2-40f8-b145-219225ae1459', NULL),
    (N'01968c51-711b-76ca-bf1d-1b2b60ed736b', N'1CFG6390M', 111, '20250410', '20250501 14:47:49.8131303', N'907a005d-2b19-413b-bdd2-f48e3b52ab6e', NULL, NULL, N'907a005d-2b19-413b-bdd2-f48e3b52ab6e', NULL),
    (N'0196ab59-6124-7c10-89be-658a117a3d0a', N'1CFG9960M', 111, '20250505', '20250507 15:24:43.7080293', N'907a005d-2b19-413b-bdd2-f48e3b52ab6e', NULL, NULL, N'907a005d-2b19-413b-bdd2-f48e3b52ab6e', NULL),
    (N'0197a6ae-8025-7149-a5d8-a4d9441b1e84', N'1CFG8516T', 122, '20250602', '20250625 10:42:23.4237911', N'2a9b3450-1feb-4be3-ab94-24e64cd34829', NULL, NULL, N'2a9b3450-1feb-4be3-ab94-24e64cd34829', NULL),
    (N'0197b1a7-c909-73bf-951e-7cdee03c019e', N'1CFG1626P', 110, '20250603', '20250627 13:50:52.7067451', N'907a005d-2b19-413b-bdd2-f48e3b52ab6e', NULL, NULL, N'907a005d-2b19-413b-bdd2-f48e3b52ab6e', NULL),
    (N'0197b1a9-5849-7145-98aa-c434f7f2ce72', N'1CFG4261Y', 110, '20250602', '20250627 13:52:34.8915414', N'1113c865-21f4-43c2-a03d-b7936da3b18b', NULL, NULL, N'1113c865-21f4-43c2-a03d-b7936da3b18b', NULL),
    (N'0198180c-c7a8-78be-9a2d-3388d9d35b9d', N'1CFG4261Y', 113, '20250701', '20250717 11:02:27.5481599', N'907a005d-2b19-413b-bdd2-f48e3b52ab6e', NULL, NULL, N'907a005d-2b19-413b-bdd2-f48e3b52ab6e', NULL),
    (N'0198180e-bedb-7fd7-b684-b151da0d6a7f', N'1CFG2622V', 111, '20250626', '20250717 11:04:36.3171088', N'907a005d-2b19-413b-bdd2-f48e3b52ab6e', NULL, NULL, N'907a005d-2b19-413b-bdd2-f48e3b52ab6e', NULL),
    (N'01981c59-8201-7f0d-831c-ff00ec736d06', N'1CFG9960M', 110, '20250707', '20250718 07:04:44.8278635', N'907a005d-2b19-413b-bdd2-f48e3b52ab6e', NULL, NULL, N'907a005d-2b19-413b-bdd2-f48e3b52ab6e', NULL),
    (N'01990f9a-8006-7140-8992-82085267dd50', N'1CFG4936J', 130, '20250829', '20250903 12:43:27.7382425', N'2a9b3450-1feb-4be3-ab94-24e64cd34829', NULL, NULL, N'2a9b3450-1feb-4be3-ab94-24e64cd34829', NULL),
    (N'01995700-cd99-7c18-92d2-a6db0e8bac4b', N'1CFG8236D', 130, '20250901', '20250917 09:28:14.5284128', N'4772fd06-ff8e-4745-8da2-fd97cd45b1f4', NULL, NULL, N'4772fd06-ff8e-4745-8da2-fd97cd45b1f4', NULL),
    (N'01995718-0cb6-7e3f-9aa5-8d41a82f0dad', N'1CFG4261Y', 111, '20250901', '20250917 09:53:37.9773554', N'907a005d-2b19-413b-bdd2-f48e3b52ab6e', NULL, NULL, N'907a005d-2b19-413b-bdd2-f48e3b52ab6e', NULL),
    (N'01999fa2-c6f1-7ad3-a751-3370f13d4599', N'1CFG1109X', 113, '20250922', '20251001 11:57:49.2077775', N'907a005d-2b19-413b-bdd2-f48e3b52ab6e', NULL, NULL, N'907a005d-2b19-413b-bdd2-f48e3b52ab6e', NULL);

END