
INSERT INTO dbo.Tenant (Id, Name, Description, Created, CreatedBy, LastModified, LastModifiedBy) VALUES (N'1.', N'CFO', N'Root tenant for Creating Future Opportunities', N'2024-05-31 12:30:38.3849332', null, null, null);
INSERT INTO dbo.Tenant (Id, Name, Description, Created, CreatedBy, LastModified, LastModifiedBy) VALUES (N'1.1.', N'CFO Evolution', N'Top level tenant for Evolution Programme', N'2024-05-31 12:30:38.3850497', null, null, null);
INSERT INTO dbo.Tenant (Id, Name, Description, Created, CreatedBy, LastModified, LastModifiedBy) VALUES (N'1.1.1.', N'Alpha', N'Alpha', N'2024-05-31 12:30:38.3850635', null, null, null);
INSERT INTO dbo.Tenant (Id, Name, Description, Created, CreatedBy, LastModified, LastModifiedBy) VALUES (N'1.1.2.', N'Bravo', N'Top level tenant for provider Bravo', N'2024-05-31 12:30:38.3850637', null, null, null);
INSERT INTO dbo.Tenant (Id, Name, Description, Created, CreatedBy, LastModified, LastModifiedBy) VALUES (N'1.1.2.1.', N'Bravo (A)', N'Bravo (A)', N'2024-05-31 12:30:38.3850640', null, null, null);
INSERT INTO dbo.Tenant (Id, Name, Description, Created, CreatedBy, LastModified, LastModifiedBy) VALUES (N'1.1.2.2.', N'Bravo (B)', N'Bravo (B)', N'2024-05-31 12:30:38.3850641', null, null, null);
INSERT INTO dbo.Tenant (Id, Name, Description, Created, CreatedBy, LastModified, LastModifiedBy) VALUES (N'1.1.2.3.', N'Bravo (C)', N'Bravo (C)', N'2024-05-31 12:30:38.3850643', null, null, null);
INSERT INTO dbo.Tenant (Id, Name, Description, Created, CreatedBy, LastModified, LastModifiedBy) VALUES (N'1.1.3.', N'Charlie', N'Charlie', N'2024-05-31 12:30:38.3850645', null, null, null);
INSERT INTO dbo.Tenant (Id, Name, Description, Created, CreatedBy, LastModified, LastModifiedBy) VALUES (N'1.1.4.', N'Delta', N'Top level tenant for Delta', N'2024-05-31 12:30:38.3850647', null, null, null);
INSERT INTO dbo.Tenant (Id, Name, Description, Created, CreatedBy, LastModified, LastModifiedBy) VALUES (N'1.1.4.1.', N'Delta (A)', N'Delta (A)', N'2024-05-31 12:30:38.3850648', null, null, null);
INSERT INTO dbo.Tenant (Id, Name, Description, Created, CreatedBy, LastModified, LastModifiedBy) VALUES (N'1.1.4.2.', N'Delta (B)', N'Delta (B)', N'2024-05-31 12:30:38.3850650', null, null, null);
INSERT INTO dbo.Tenant (Id, Name, Description, Created, CreatedBy, LastModified, LastModifiedBy) VALUES (N'1.1.5.', N'Echo', N'Echo', N'2024-05-31 12:30:38.3850651', null, null, null);
INSERT INTO dbo.Tenant (Id, Name, Description, Created, CreatedBy, LastModified, LastModifiedBy) VALUES (N'1.1.6.', N'Foxtrot', N'Foxtrot', N'2024-05-31 12:30:38.3850653', null, null, null);

GO

SET IDENTITY_INSERT ApplicationRole ON;

INSERT INTO dbo.ApplicationRole (Id, Description, Name, NormalizedName, ConcurrencyStamp) VALUES (1, N'Admin Group', N'Admin', N'ADMIN', N'e6340a9c-8144-4f9d-8489-2e21af06bc56');
INSERT INTO dbo.ApplicationRole (Id, Description, Name, NormalizedName, ConcurrencyStamp) VALUES (2, N'Basic User Group', N'Basic', N'BASIC', N'67781ee3-3fbc-4214-bec7-3fba39ea0eb3');

SET IDENTITY_INSERT ApplicationRole OFF;

GO

SET IDENTITY_INSERT ApplicationRoleClaim ON;

INSERT INTO dbo.ApplicationRoleClaim (Id, Description, [Group], RoleId, ClaimType, ClaimValue) VALUES (1, null, null, 1, N'Permission', N'Permissions.AuditTrails.View');
INSERT INTO dbo.ApplicationRoleClaim (Id, Description, [Group], RoleId, ClaimType, ClaimValue) VALUES (2, null, null, 1, N'Permission', N'Permissions.AuditTrails.Search');
INSERT INTO dbo.ApplicationRoleClaim (Id, Description, [Group], RoleId, ClaimType, ClaimValue) VALUES (3, null, null, 1, N'Permission', N'Permissions.AuditTrails.Export');
INSERT INTO dbo.ApplicationRoleClaim (Id, Description, [Group], RoleId, ClaimType, ClaimValue) VALUES (4, null, null, 1, N'Permission', N'Permissions.Dashboards.View');
INSERT INTO dbo.ApplicationRoleClaim (Id, Description, [Group], RoleId, ClaimType, ClaimValue) VALUES (5, null, null, 1, N'Permission', N'Permissions.Dictionaries.View');
INSERT INTO dbo.ApplicationRoleClaim (Id, Description, [Group], RoleId, ClaimType, ClaimValue) VALUES (6, null, null, 1, N'Permission', N'Permissions.Dictionaries.Create');
INSERT INTO dbo.ApplicationRoleClaim (Id, Description, [Group], RoleId, ClaimType, ClaimValue) VALUES (7, null, null, 1, N'Permission', N'Permissions.Dictionaries.Edit');
INSERT INTO dbo.ApplicationRoleClaim (Id, Description, [Group], RoleId, ClaimType, ClaimValue) VALUES (8, null, null, 1, N'Permission', N'Permissions.Dictionaries.Delete');
INSERT INTO dbo.ApplicationRoleClaim (Id, Description, [Group], RoleId, ClaimType, ClaimValue) VALUES (9, null, null, 1, N'Permission', N'Permissions.Dictionaries.Search');
INSERT INTO dbo.ApplicationRoleClaim (Id, Description, [Group], RoleId, ClaimType, ClaimValue) VALUES (10, null, null, 1, N'Permission', N'Permissions.Dictionaries.Export');
INSERT INTO dbo.ApplicationRoleClaim (Id, Description, [Group], RoleId, ClaimType, ClaimValue) VALUES (11, null, null, 1, N'Permission', N'Permissions.Dictionaries.Import');
INSERT INTO dbo.ApplicationRoleClaim (Id, Description, [Group], RoleId, ClaimType, ClaimValue) VALUES (12, null, null, 1, N'Permission', N'Permissions.Enrolments.Search');
INSERT INTO dbo.ApplicationRoleClaim (Id, Description, [Group], RoleId, ClaimType, ClaimValue) VALUES (13, null, null, 1, N'Permission', N'Permissions.Hangfire.View');
INSERT INTO dbo.ApplicationRoleClaim (Id, Description, [Group], RoleId, ClaimType, ClaimValue) VALUES (14, null, null, 1, N'Permission', N'Permissions.Hangfire.Jobs');
INSERT INTO dbo.ApplicationRoleClaim (Id, Description, [Group], RoleId, ClaimType, ClaimValue) VALUES (15, null, null, 1, N'Permission', N'Permissions.Logs.View');
INSERT INTO dbo.ApplicationRoleClaim (Id, Description, [Group], RoleId, ClaimType, ClaimValue) VALUES (16, null, null, 1, N'Permission', N'Permissions.Logs.Search');
INSERT INTO dbo.ApplicationRoleClaim (Id, Description, [Group], RoleId, ClaimType, ClaimValue) VALUES (17, null, null, 1, N'Permission', N'Permissions.Logs.Export');
INSERT INTO dbo.ApplicationRoleClaim (Id, Description, [Group], RoleId, ClaimType, ClaimValue) VALUES (18, null, null, 1, N'Permission', N'Permissions.Logs.Purge');
INSERT INTO dbo.ApplicationRoleClaim (Id, Description, [Group], RoleId, ClaimType, ClaimValue) VALUES (19, null, null, 1, N'Permission', N'Permissions.RoleClaims.View');
INSERT INTO dbo.ApplicationRoleClaim (Id, Description, [Group], RoleId, ClaimType, ClaimValue) VALUES (20, null, null, 1, N'Permission', N'Permissions.RoleClaims.Create');
INSERT INTO dbo.ApplicationRoleClaim (Id, Description, [Group], RoleId, ClaimType, ClaimValue) VALUES (21, null, null, 1, N'Permission', N'Permissions.RoleClaims.Edit');
INSERT INTO dbo.ApplicationRoleClaim (Id, Description, [Group], RoleId, ClaimType, ClaimValue) VALUES (22, null, null, 1, N'Permission', N'Permissions.RoleClaims.Delete');
INSERT INTO dbo.ApplicationRoleClaim (Id, Description, [Group], RoleId, ClaimType, ClaimValue) VALUES (23, null, null, 1, N'Permission', N'Permissions.RoleClaims.Search');
INSERT INTO dbo.ApplicationRoleClaim (Id, Description, [Group], RoleId, ClaimType, ClaimValue) VALUES (24, null, null, 1, N'Permission', N'Permissions.Roles.View');
INSERT INTO dbo.ApplicationRoleClaim (Id, Description, [Group], RoleId, ClaimType, ClaimValue) VALUES (25, null, null, 1, N'Permission', N'Permissions.Roles.Create');
INSERT INTO dbo.ApplicationRoleClaim (Id, Description, [Group], RoleId, ClaimType, ClaimValue) VALUES (26, null, null, 1, N'Permission', N'Permissions.Roles.Edit');
INSERT INTO dbo.ApplicationRoleClaim (Id, Description, [Group], RoleId, ClaimType, ClaimValue) VALUES (27, null, null, 1, N'Permission', N'Permissions.Roles.Delete');
INSERT INTO dbo.ApplicationRoleClaim (Id, Description, [Group], RoleId, ClaimType, ClaimValue) VALUES (28, null, null, 1, N'Permission', N'Permissions.Roles.Search');
INSERT INTO dbo.ApplicationRoleClaim (Id, Description, [Group], RoleId, ClaimType, ClaimValue) VALUES (29, null, null, 1, N'Permission', N'Permissions.Roles.Export');
INSERT INTO dbo.ApplicationRoleClaim (Id, Description, [Group], RoleId, ClaimType, ClaimValue) VALUES (30, null, null, 1, N'Permission', N'Permissions.Roles.Import');
INSERT INTO dbo.ApplicationRoleClaim (Id, Description, [Group], RoleId, ClaimType, ClaimValue) VALUES (31, null, null, 1, N'Permission', N'Permissions.Roles.Permissions');
INSERT INTO dbo.ApplicationRoleClaim (Id, Description, [Group], RoleId, ClaimType, ClaimValue) VALUES (32, null, null, 1, N'Permission', N'Permissions.Roles.Navigation');
INSERT INTO dbo.ApplicationRoleClaim (Id, Description, [Group], RoleId, ClaimType, ClaimValue) VALUES (33, null, null, 1, N'Permission', N'Permissions.Tenants.View');
INSERT INTO dbo.ApplicationRoleClaim (Id, Description, [Group], RoleId, ClaimType, ClaimValue) VALUES (34, null, null, 1, N'Permission', N'Permissions.Tenants.Create');
INSERT INTO dbo.ApplicationRoleClaim (Id, Description, [Group], RoleId, ClaimType, ClaimValue) VALUES (35, null, null, 1, N'Permission', N'Permissions.Tenants.Edit');
INSERT INTO dbo.ApplicationRoleClaim (Id, Description, [Group], RoleId, ClaimType, ClaimValue) VALUES (36, null, null, 1, N'Permission', N'Permissions.Tenants.Delete');
INSERT INTO dbo.ApplicationRoleClaim (Id, Description, [Group], RoleId, ClaimType, ClaimValue) VALUES (37, null, null, 1, N'Permission', N'Permissions.Tenants.Search');
INSERT INTO dbo.ApplicationRoleClaim (Id, Description, [Group], RoleId, ClaimType, ClaimValue) VALUES (38, null, null, 1, N'Permission', N'Permissions.Tenants.Export');
INSERT INTO dbo.ApplicationRoleClaim (Id, Description, [Group], RoleId, ClaimType, ClaimValue) VALUES (39, null, null, 1, N'Permission', N'Permissions.Users.View');
INSERT INTO dbo.ApplicationRoleClaim (Id, Description, [Group], RoleId, ClaimType, ClaimValue) VALUES (40, null, null, 1, N'Permission', N'Permissions.Users.Create');
INSERT INTO dbo.ApplicationRoleClaim (Id, Description, [Group], RoleId, ClaimType, ClaimValue) VALUES (41, null, null, 1, N'Permission', N'Permissions.Users.Edit');
INSERT INTO dbo.ApplicationRoleClaim (Id, Description, [Group], RoleId, ClaimType, ClaimValue) VALUES (42, null, null, 1, N'Permission', N'Permissions.Users.Delete');
INSERT INTO dbo.ApplicationRoleClaim (Id, Description, [Group], RoleId, ClaimType, ClaimValue) VALUES (43, null, null, 1, N'Permission', N'Permissions.Users.Search');
INSERT INTO dbo.ApplicationRoleClaim (Id, Description, [Group], RoleId, ClaimType, ClaimValue) VALUES (44, null, null, 1, N'Permission', N'Permissions.Users.Import');
INSERT INTO dbo.ApplicationRoleClaim (Id, Description, [Group], RoleId, ClaimType, ClaimValue) VALUES (45, null, null, 1, N'Permission', N'Permissions.Dictionaries.Export');
INSERT INTO dbo.ApplicationRoleClaim (Id, Description, [Group], RoleId, ClaimType, ClaimValue) VALUES (46, null, null, 1, N'Permission', N'Permissions.Users.ManageRoles');
INSERT INTO dbo.ApplicationRoleClaim (Id, Description, [Group], RoleId, ClaimType, ClaimValue) VALUES (47, null, null, 1, N'Permission', N'Permissions.Users.RestPassword');
INSERT INTO dbo.ApplicationRoleClaim (Id, Description, [Group], RoleId, ClaimType, ClaimValue) VALUES (48, null, null, 1, N'Permission', N'Permissions.Users.Active');
INSERT INTO dbo.ApplicationRoleClaim (Id, Description, [Group], RoleId, ClaimType, ClaimValue) VALUES (49, null, null, 1, N'Permission', N'Permissions.Users.Permissions');
INSERT INTO dbo.ApplicationRoleClaim (Id, Description, [Group], RoleId, ClaimType, ClaimValue) VALUES (50, null, null, 2, N'Permission', N'Permissions.AuditTrails.View');
INSERT INTO dbo.ApplicationRoleClaim (Id, Description, [Group], RoleId, ClaimType, ClaimValue) VALUES (51, null, null, 2, N'Permission', N'Permissions.Dashboards.View');
INSERT INTO dbo.ApplicationRoleClaim (Id, Description, [Group], RoleId, ClaimType, ClaimValue) VALUES (52, null, null, 2, N'Permission', N'Permissions.Dictionaries.View');
INSERT INTO dbo.ApplicationRoleClaim (Id, Description, [Group], RoleId, ClaimType, ClaimValue) VALUES (53, null, null, 2, N'Permission', N'Permissions.Hangfire.View');
INSERT INTO dbo.ApplicationRoleClaim (Id, Description, [Group], RoleId, ClaimType, ClaimValue) VALUES (54, null, null, 2, N'Permission', N'Permissions.Logs.View');
INSERT INTO dbo.ApplicationRoleClaim (Id, Description, [Group], RoleId, ClaimType, ClaimValue) VALUES (55, null, null, 2, N'Permission', N'Permissions.RoleClaims.View');
INSERT INTO dbo.ApplicationRoleClaim (Id, Description, [Group], RoleId, ClaimType, ClaimValue) VALUES (56, null, null, 2, N'Permission', N'Permissions.Roles.View');
INSERT INTO dbo.ApplicationRoleClaim (Id, Description, [Group], RoleId, ClaimType, ClaimValue) VALUES (57, null, null, 2, N'Permission', N'Permissions.Tenants.View');
INSERT INTO dbo.ApplicationRoleClaim (Id, Description, [Group], RoleId, ClaimType, ClaimValue) VALUES (58, null, null, 2, N'Permission', N'Permissions.Users.View');

SET IDENTITY_INSERT ApplicationRoleClaim OFF;

GO

SET IDENTITY_INSERT ApplicationUser ON;

INSERT INTO dbo.ApplicationUser (Id, DisplayName, Provider, TenantId, TenantName, ProfilePictureDataUrl, IsActive, IsLive, RefreshToken, RefreshTokenExpiryTime, SuperiorId, UserName, NormalizedUserName, Email, NormalizedEmail, EmailConfirmed, PasswordHash, SecurityStamp, ConcurrencyStamp, PhoneNumber, PhoneNumberConfirmed, TwoFactorEnabled, LockoutEnd, LockoutEnabled, AccessFailedCount) VALUES (1, N'Support Worker', N'Local', N'1.', N'CFO', N'https://avatars.githubusercontent.com/u/9332472?s=400&u=73c208bf07ba967d5407aae9068580539cfc80a2&v=4', 1, 0, null, N'0001-01-01 00:00:00.0000000', null, N'support.worker@justice.gov.uk', N'SUPPORT.WORKER@JUSTICE.GOV.UK', N'support.worker@justice.gov.uk', N'SUPPORT.WORKER@JUSTICE.GOV.UK', 1, N'AQAAAAIAAYagAAAAEAVdTO5H3lP4OTTB1CzJun94RqDWYMHHxDYYLCcf3zER/g2IRxukunJEOYggb0xWZg==', N'5OAC7CKMMFBY3SMD4MZ7GKVDZRZ7CVUZ', N'49dbf347-de6b-4579-997b-3cfd4d79afa0', null, 0, 0, null, 1, 0);

SET IDENTITY_INSERT ApplicationUser OFF;

GO

INSERT INTO dbo.ApplicationUserRole (UserId, RoleId) VALUES (1, 1);


GO

INSERT INTO dbo.Contract (Id, LotNumber, LifetimeStart, LifetimeEnd, Description, TenantId, Created, CreatedBy, LastModified, LastModifiedBy) VALUES (N'Evolution1', 1, N'2024-05-01 00:00:00.0000000', N'2029-03-31 23:59:59.0000000', N'North West', N'1.', N'2024-05-31 12:30:38.9702330', null, null, null);
INSERT INTO dbo.Contract (Id, LotNumber, LifetimeStart, LifetimeEnd, Description, TenantId, Created, CreatedBy, LastModified, LastModifiedBy) VALUES (N'Evolution2', 2, N'2024-05-01 00:00:00.0000000', N'2029-03-31 23:59:59.0000000', N'North East', N'1.', N'2024-05-31 12:30:38.9702326', null, null, null);
INSERT INTO dbo.Contract (Id, LotNumber, LifetimeStart, LifetimeEnd, Description, TenantId, Created, CreatedBy, LastModified, LastModifiedBy) VALUES (N'Evolution3', 3, N'2024-05-01 00:00:00.0000000', N'2029-03-31 23:59:59.0000000', N'Yorkshire and Humberside', N'1.', N'2024-05-31 12:30:38.9702322', null, null, null);
INSERT INTO dbo.Contract (Id, LotNumber, LifetimeStart, LifetimeEnd, Description, TenantId, Created, CreatedBy, LastModified, LastModifiedBy) VALUES (N'Evolution4', 4, N'2024-05-01 00:00:00.0000000', N'2029-03-31 23:59:59.0000000', N'West Midlands', N'1.', N'2024-05-31 12:30:38.9702315', null, null, null);
INSERT INTO dbo.Contract (Id, LotNumber, LifetimeStart, LifetimeEnd, Description, TenantId, Created, CreatedBy, LastModified, LastModifiedBy) VALUES (N'Evolution5', 5, N'2024-05-01 00:00:00.0000000', N'2029-03-31 23:59:59.0000000', N'East Midlands', N'1.', N'2024-05-31 12:30:38.9702311', null, null, null);
INSERT INTO dbo.Contract (Id, LotNumber, LifetimeStart, LifetimeEnd, Description, TenantId, Created, CreatedBy, LastModified, LastModifiedBy) VALUES (N'Evolution6', 6, N'2024-05-01 00:00:00.0000000', N'2029-03-31 23:59:59.0000000', N'East Of England', N'1.', N'2024-05-31 12:30:38.9702308', null, null, null);
INSERT INTO dbo.Contract (Id, LotNumber, LifetimeStart, LifetimeEnd, Description, TenantId, Created, CreatedBy, LastModified, LastModifiedBy) VALUES (N'Evolution7', 7, N'2024-05-01 00:00:00.0000000', N'2029-03-31 23:59:59.0000000', N'London', N'1.', N'2024-05-31 12:30:38.9702304', null, null, null);
INSERT INTO dbo.Contract (Id, LotNumber, LifetimeStart, LifetimeEnd, Description, TenantId, Created, CreatedBy, LastModified, LastModifiedBy) VALUES (N'Evolution8', 8, N'2024-05-01 00:00:00.0000000', N'2029-03-31 23:59:59.0000000', N'South West', N'1.', N'2024-05-31 12:30:38.9702300', null, null, null);
INSERT INTO dbo.Contract (Id, LotNumber, LifetimeStart, LifetimeEnd, Description, TenantId, Created, CreatedBy, LastModified, LastModifiedBy) VALUES (N'Evolution9', 9, N'2024-05-01 00:00:00.0000000', N'2029-03-31 23:59:59.0000000', N'South East', N'1.', N'2024-05-31 12:30:38.9702153', null, null, null);

GO

SET IDENTITY_INSERT KeyValue ON;

INSERT INTO dbo.KeyValue (Id, Name, Value, Text, Description, Created, CreatedBy, LastModified, LastModifiedBy) VALUES (1, N'ReferralSource', N'CFO Evolution Provider', N'CFO Evolution Provider', N'A referral source', N'2024-05-31 12:30:42.7615462', null, null, null);
INSERT INTO dbo.KeyValue (Id, Name, Value, Text, Description, Created, CreatedBy, LastModified, LastModifiedBy) VALUES (2, N'ReferralSource', N'Probation', N'Probation', N'A referral source', N'2024-05-31 12:30:42.7615457', null, null, null);
INSERT INTO dbo.KeyValue (Id, Name, Value, Text, Description, Created, CreatedBy, LastModified, LastModifiedBy) VALUES (3, N'ReferralSource', N'Approved Premises', N'Approved Premises', N'A referral source', N'2024-05-31 12:30:42.7615453', null, null, null);
INSERT INTO dbo.KeyValue (Id, Name, Value, Text, Description, Created, CreatedBy, LastModified, LastModifiedBy) VALUES (4, N'ReferralSource', N'CAS2', N'CAS2', N'A referral source', N'2024-05-31 12:30:42.7615451', null, null, null);
INSERT INTO dbo.KeyValue (Id, Name, Value, Text, Description, Created, CreatedBy, LastModified, LastModifiedBy) VALUES (5, N'ReferralSource', N'CAS3', N'CAS3', N'A referral source', N'2024-05-31 12:30:42.7615449', null, null, null);
INSERT INTO dbo.KeyValue (Id, Name, Value, Text, Description, Created, CreatedBy, LastModified, LastModifiedBy) VALUES (6, N'ReferralSource', N'Custodial Family Services', N'Custodial Family Services', N'A referral source', N'2024-05-31 12:30:42.7615448', null, null, null);
INSERT INTO dbo.KeyValue (Id, Name, Value, Text, Description, Created, CreatedBy, LastModified, LastModifiedBy) VALUES (7, N'ReferralSource', N'CRS - Women', N'CRS- Women', N'A referral source', N'2024-05-31 12:30:42.7615445', null, null, null);
INSERT INTO dbo.KeyValue (Id, Name, Value, Text, Description, Created, CreatedBy, LastModified, LastModifiedBy) VALUES (8, N'ReferralSource', N'CRS - Personal Wellbeing', N'CRS- Personal Wellbeing', N'A referral source', N'2024-05-31 12:30:42.7615443', null, null, null);
INSERT INTO dbo.KeyValue (Id, Name, Value, Text, Description, Created, CreatedBy, LastModified, LastModifiedBy) VALUES (9, N'ReferralSource', N'CRS - Dependency & Recovery', N'CRS- Dependency & Recovery', N'A referral source', N'2024-05-31 12:30:42.7615441', null, null, null);
INSERT INTO dbo.KeyValue (Id, Name, Value, Text, Description, Created, CreatedBy, LastModified, LastModifiedBy) VALUES (10, N'ReferralSource', N'CRS - Accommodation', N'CRS- Accommodation', N'A referral source', N'2024-05-31 12:30:42.7615439', null, null, null);
INSERT INTO dbo.KeyValue (Id, Name, Value, Text, Description, Created, CreatedBy, LastModified, LastModifiedBy) VALUES (11, N'ReferralSource', N'Custody staff', N'Custody staff', N'A referral source', N'2024-05-31 12:30:42.7615436', null, null, null);
INSERT INTO dbo.KeyValue (Id, Name, Value, Text, Description, Created, CreatedBy, LastModified, LastModifiedBy) VALUES (12, N'ReferralSource', N'New Futures Network', N'New Futures Network', N'A referral source', N'2024-05-31 12:30:42.7615428', null, null, null);
INSERT INTO dbo.KeyValue (Id, Name, Value, Text, Description, Created, CreatedBy, LastModified, LastModifiedBy) VALUES (13, N'ReferralSource', N'Prison Education Provider', N'Prison Education Provider', N'A referral source', N'2024-05-31 12:30:42.7615425', null, null, null);
INSERT INTO dbo.KeyValue (Id, Name, Value, Text, Description, Created, CreatedBy, LastModified, LastModifiedBy) VALUES (14, N'ReferralSource', N'DWP', N'DWP', N'A referral source', N'2024-05-31 12:30:42.7615421', null, null, null);
INSERT INTO dbo.KeyValue (Id, Name, Value, Text, Description, Created, CreatedBy, LastModified, LastModifiedBy) VALUES (15, N'ReferralSource', N'Healthcare', N'Healthcare', N'A referral source', N'2024-05-31 12:30:42.7615417', null, null, null);
INSERT INTO dbo.KeyValue (Id, Name, Value, Text, Description, Created, CreatedBy, LastModified, LastModifiedBy) VALUES (16, N'ReferralSource', N'Community / Voluntary Sector organisation', N'Community / Voluntary Sector organisation', N'A referral source', N'2024-05-31 12:30:42.7615414', null, null, null);
INSERT INTO dbo.KeyValue (Id, Name, Value, Text, Description, Created, CreatedBy, LastModified, LastModifiedBy) VALUES (17, N'ReferralSource', N'Local Authority', N'Local Authority', N'A referral source', N'2024-05-31 12:30:42.7615410', null, null, null);
INSERT INTO dbo.KeyValue (Id, Name, Value, Text, Description, Created, CreatedBy, LastModified, LastModifiedBy) VALUES (18, N'ReferralSource', N'Courts', N'Courts', N'A referral source', N'2024-05-31 12:30:42.7615390', null, null, null);
INSERT INTO dbo.KeyValue (Id, Name, Value, Text, Description, Created, CreatedBy, LastModified, LastModifiedBy) VALUES (19, N'ReferralSource', N'Self-referral', N'Self-referral', N'A referral source', N'2024-05-31 12:30:42.7615372', null, null, null);
INSERT INTO dbo.KeyValue (Id, Name, Value, Text, Description, Created, CreatedBy, LastModified, LastModifiedBy) VALUES (20, N'ReferralSource', N'Other', N'Other', N'A referral source (please state)', N'2024-05-31 12:30:42.7615265', null, null, null);

SET IDENTITY_INSERT KeyValue OFF;

GO

SET IDENTITY_INSERT Location ON;

-- Insert Custody Locations
INSERT INTO dbo.Location (Id, Name, ContractId, LifetimeStart, LifetimeEnd, ParentLocationId, GenderProvisionId, LocationTypeId, Created, CreatedBy, LastModified, LastModifiedBy) VALUES (1, N'Risley', N'Evolution1', N'2024-05-01 00:00:00.0000000', N'2029-03-31 23:59:59.0000000', null, 0, 0, N'2024-05-31 12:30:39.5888014', null, null, null);
INSERT INTO dbo.Location (Id, Name, ContractId, LifetimeStart, LifetimeEnd, ParentLocationId, GenderProvisionId, LocationTypeId, Created, CreatedBy, LastModified, LastModifiedBy) VALUES (2, N'Lancaster', N'Evolution1', N'2024-05-01 00:00:00.0000000', N'2029-03-31 23:59:59.0000000', null, 0, 0, N'2024-05-31 12:30:39.5888012', null, null, null);
INSERT INTO dbo.Location (Id, Name, ContractId, LifetimeStart, LifetimeEnd, ParentLocationId, GenderProvisionId, LocationTypeId, Created, CreatedBy, LastModified, LastModifiedBy) VALUES (3, N'Forest Bank', N'Evolution1', N'2024-05-01 00:00:00.0000000', N'2029-03-31 23:59:59.0000000', null, 0, 1, N'2024-05-31 12:30:39.5888009', null, null, null);
INSERT INTO dbo.Location (Id, Name, ContractId, LifetimeStart, LifetimeEnd, ParentLocationId, GenderProvisionId, LocationTypeId, Created, CreatedBy, LastModified, LastModifiedBy) VALUES (4, N'Altcourse', N'Evolution1', N'2024-05-01 00:00:00.0000000', N'2029-03-31 23:59:59.0000000', null, 0, 1, N'2024-05-31 12:30:39.5888007', null, null, null);
INSERT INTO dbo.Location (Id, Name, ContractId, LifetimeStart, LifetimeEnd, ParentLocationId, GenderProvisionId, LocationTypeId, Created, CreatedBy, LastModified, LastModifiedBy) VALUES (5, N'Preston', N'Evolution1', N'2024-05-01 00:00:00.0000000', N'2029-03-31 23:59:59.0000000', null, 0, 1, N'2024-05-31 12:30:39.5888004', null, null, null);
INSERT INTO dbo.Location (Id, Name, ContractId, LifetimeStart, LifetimeEnd, ParentLocationId, GenderProvisionId, LocationTypeId, Created, CreatedBy, LastModified, LastModifiedBy) VALUES (6, N'Buckley Hall', N'Evolution1', N'2024-05-01 00:00:00.0000000', N'2029-03-31 23:59:59.0000000', null, 0, 2, N'2024-05-31 12:30:39.5888001', null, null, null);
INSERT INTO dbo.Location (Id, Name, ContractId, LifetimeStart, LifetimeEnd, ParentLocationId, GenderProvisionId, LocationTypeId, Created, CreatedBy, LastModified, LastModifiedBy) VALUES (7, N'Liverpool', N'Evolution1', N'2024-05-01 00:00:00.0000000', N'2029-03-31 23:59:59.0000000', null, 0, 2, N'2024-05-31 12:30:39.5887998', null, null, null);
INSERT INTO dbo.Location (Id, Name, ContractId, LifetimeStart, LifetimeEnd, ParentLocationId, GenderProvisionId, LocationTypeId, Created, CreatedBy, LastModified, LastModifiedBy) VALUES (8, N'Manchester', N'Evolution1', N'2024-05-01 00:00:00.0000000', N'2029-03-31 23:59:59.0000000', null, 0, 2, N'2024-05-31 12:30:39.5887995', null, null, null);
INSERT INTO dbo.Location (Id, Name, ContractId, LifetimeStart, LifetimeEnd, ParentLocationId, GenderProvisionId, LocationTypeId, Created, CreatedBy, LastModified, LastModifiedBy) VALUES (9, N'Thorn Cross', N'Evolution1', N'2024-05-01 00:00:00.0000000', N'2029-03-31 23:59:59.0000000', null, 0, 2, N'2024-05-31 12:30:39.5887991', null, null, null);
INSERT INTO dbo.Location (Id, Name, ContractId, LifetimeStart, LifetimeEnd, ParentLocationId, GenderProvisionId, LocationTypeId, Created, CreatedBy, LastModified, LastModifiedBy) VALUES (10, N'Haverigg', N'Evolution1', N'2024-05-01 00:00:00.0000000', N'2029-03-31 23:59:59.0000000', null, 0, 2, N'2024-05-31 12:30:39.5887988', null, null, null);
INSERT INTO dbo.Location (Id, Name, ContractId, LifetimeStart, LifetimeEnd, ParentLocationId, GenderProvisionId, LocationTypeId, Created, CreatedBy, LastModified, LastModifiedBy) VALUES (11, N'Hindley', N'Evolution1', N'2024-05-01 00:00:00.0000000', N'2029-03-31 23:59:59.0000000', null, 0, 2, N'2024-05-31 12:30:39.5887984', null, null, null);
INSERT INTO dbo.Location (Id, Name, ContractId, LifetimeStart, LifetimeEnd, ParentLocationId, GenderProvisionId, LocationTypeId, Created, CreatedBy, LastModified, LastModifiedBy) VALUES (12, N'Kirkham', N'Evolution1', N'2024-05-01 00:00:00.0000000', N'2029-03-31 23:59:59.0000000', null, 0, 2, N'2024-05-31 12:30:39.5887894', null, null, null);
INSERT INTO dbo.Location (Id, Name, ContractId, LifetimeStart, LifetimeEnd, ParentLocationId, GenderProvisionId, LocationTypeId, Created, CreatedBy, LastModified, LastModifiedBy) VALUES (13, N'Wymott', N'Evolution1', N'2024-05-01 00:00:00.0000000', N'2029-03-31 23:59:59.0000000', null, 0, 2, N'2024-05-31 12:30:39.5886872', null, null, null);
INSERT INTO dbo.Location (Id, Name, ContractId, LifetimeStart, LifetimeEnd, ParentLocationId, GenderProvisionId, LocationTypeId, Created, CreatedBy, LastModified, LastModifiedBy) VALUES (14, N'Styal', N'Evolution1', N'2024-05-01 00:00:00.0000000', N'2029-03-31 23:59:59.0000000', null, 1, 3, N'2024-05-31 12:30:39.5888017', null, null, null);
INSERT INTO dbo.Location (Id, Name, ContractId, LifetimeStart, LifetimeEnd, ParentLocationId, GenderProvisionId, LocationTypeId, Created, CreatedBy, LastModified, LastModifiedBy) VALUES (15, N'Holme House', N'Evolution2', N'2024-05-01 00:00:00.0000000', N'2029-03-31 23:59:59.0000000', null, 0, 0, N'2024-05-31 12:30:39.5888025', null, null, null);
INSERT INTO dbo.Location (Id, Name, ContractId, LifetimeStart, LifetimeEnd, ParentLocationId, GenderProvisionId, LocationTypeId, Created, CreatedBy, LastModified, LastModifiedBy) VALUES (16, N'Northumberland', N'Evolution2', N'2024-05-01 00:00:00.0000000', N'2029-03-31 23:59:59.0000000', null, 0, 0, N'2024-05-31 12:30:39.5888028', null, null, null);
INSERT INTO dbo.Location (Id, Name, ContractId, LifetimeStart, LifetimeEnd, ParentLocationId, GenderProvisionId, LocationTypeId, Created, CreatedBy, LastModified, LastModifiedBy) VALUES (17, N'Durham', N'Evolution2', N'2024-05-01 00:00:00.0000000', N'2029-03-31 23:59:59.0000000', null, 0, 1, N'2024-05-31 12:30:39.5888030', null, null, null);
INSERT INTO dbo.Location (Id, Name, ContractId, LifetimeStart, LifetimeEnd, ParentLocationId, GenderProvisionId, LocationTypeId, Created, CreatedBy, LastModified, LastModifiedBy) VALUES (18, N'Kirklevington Grange', N'Evolution2', N'2024-05-01 00:00:00.0000000', N'2029-03-31 23:59:59.0000000', null, 0, 2, N'2024-05-31 12:30:39.5888032', null, null, null);
INSERT INTO dbo.Location (Id, Name, ContractId, LifetimeStart, LifetimeEnd, ParentLocationId, GenderProvisionId, LocationTypeId, Created, CreatedBy, LastModified, LastModifiedBy) VALUES (19, N'Low Newton', N'Evolution2', N'2024-05-01 00:00:00.0000000', N'2029-03-31 23:59:59.0000000', null, 1, 3, N'2024-05-31 12:30:39.5888034', null, null, null);
INSERT INTO dbo.Location (Id, Name, ContractId, LifetimeStart, LifetimeEnd, ParentLocationId, GenderProvisionId, LocationTypeId, Created, CreatedBy, LastModified, LastModifiedBy) VALUES (20, N'Wealstun', N'Evolution3', N'2024-05-01 00:00:00.0000000', N'2029-03-31 23:59:59.0000000', null, 0, 0, N'2024-05-31 12:30:39.5888037', null, null, null);
INSERT INTO dbo.Location (Id, Name, ContractId, LifetimeStart, LifetimeEnd, ParentLocationId, GenderProvisionId, LocationTypeId, Created, CreatedBy, LastModified, LastModifiedBy) VALUES (21, N'Moorland', N'Evolution3', N'2024-05-01 00:00:00.0000000', N'2029-03-31 23:59:59.0000000', null, 0, 0, N'2024-05-31 12:30:39.5888043', null, null, null);
INSERT INTO dbo.Location (Id, Name, ContractId, LifetimeStart, LifetimeEnd, ParentLocationId, GenderProvisionId, LocationTypeId, Created, CreatedBy, LastModified, LastModifiedBy) VALUES (22, N'Humber', N'Evolution3', N'2024-05-01 00:00:00.0000000', N'2029-03-31 23:59:59.0000000', null, 0, 0, N'2024-05-31 12:30:39.5888046', null, null, null);
INSERT INTO dbo.Location (Id, Name, ContractId, LifetimeStart, LifetimeEnd, ParentLocationId, GenderProvisionId, LocationTypeId, Created, CreatedBy, LastModified, LastModifiedBy) VALUES (23, N'Doncaster', N'Evolution3', N'2024-05-01 00:00:00.0000000', N'2029-03-31 23:59:59.0000000', null, 0, 1, N'2024-05-31 12:30:39.5888051', null, null, null);
INSERT INTO dbo.Location (Id, Name, ContractId, LifetimeStart, LifetimeEnd, ParentLocationId, GenderProvisionId, LocationTypeId, Created, CreatedBy, LastModified, LastModifiedBy) VALUES (24, N'Leeds', N'Evolution3', N'2024-05-01 00:00:00.0000000', N'2029-03-31 23:59:59.0000000', null, 0, 1, N'2024-05-31 12:30:39.5888053', null, null, null);
INSERT INTO dbo.Location (Id, Name, ContractId, LifetimeStart, LifetimeEnd, ParentLocationId, GenderProvisionId, LocationTypeId, Created, CreatedBy, LastModified, LastModifiedBy) VALUES (25, N'Hull', N'Evolution3', N'2024-05-01 00:00:00.0000000', N'2029-03-31 23:59:59.0000000', null, 0, 1, N'2024-05-31 12:30:39.5888055', null, null, null);
INSERT INTO dbo.Location (Id, Name, ContractId, LifetimeStart, LifetimeEnd, ParentLocationId, GenderProvisionId, LocationTypeId, Created, CreatedBy, LastModified, LastModifiedBy) VALUES (26, N'Full Sutton', N'Evolution3', N'2024-05-01 00:00:00.0000000', N'2029-03-31 23:59:59.0000000', null, 0, 2, N'2024-05-31 12:30:39.5888058', null, null, null);
INSERT INTO dbo.Location (Id, Name, ContractId, LifetimeStart, LifetimeEnd, ParentLocationId, GenderProvisionId, LocationTypeId, Created, CreatedBy, LastModified, LastModifiedBy) VALUES (27, N'Hatfield', N'Evolution3', N'2024-05-01 00:00:00.0000000', N'2029-03-31 23:59:59.0000000', null, 0, 2, N'2024-05-31 12:30:39.5888060', null, null, null);
INSERT INTO dbo.Location (Id, Name, ContractId, LifetimeStart, LifetimeEnd, ParentLocationId, GenderProvisionId, LocationTypeId, Created, CreatedBy, LastModified, LastModifiedBy) VALUES (28, N'Lindholme', N'Evolution3', N'2024-05-01 00:00:00.0000000', N'2029-03-31 23:59:59.0000000', null, 0, 2, N'2024-05-31 12:30:39.5888063', null, null, null);
INSERT INTO dbo.Location (Id, Name, ContractId, LifetimeStart, LifetimeEnd, ParentLocationId, GenderProvisionId, LocationTypeId, Created, CreatedBy, LastModified, LastModifiedBy) VALUES (29, N'Askham Grange', N'Evolution3', N'2024-05-01 00:00:00.0000000', N'2029-03-31 23:59:59.0000000', null, 1, 3, N'2024-05-31 12:30:39.5888066', null, null, null);
INSERT INTO dbo.Location (Id, Name, ContractId, LifetimeStart, LifetimeEnd, ParentLocationId, GenderProvisionId, LocationTypeId, Created, CreatedBy, LastModified, LastModifiedBy) VALUES (30, N'New Hall', N'Evolution3', N'2024-05-01 00:00:00.0000000', N'2029-03-31 23:59:59.0000000', null, 1, 3, N'2024-05-31 12:30:39.5888076', null, null, null);
INSERT INTO dbo.Location (Id, Name, ContractId, LifetimeStart, LifetimeEnd, ParentLocationId, GenderProvisionId, LocationTypeId, Created, CreatedBy, LastModified, LastModifiedBy) VALUES (31, N'Featherstone', N'Evolution4', N'2024-05-01 00:00:00.0000000', N'2029-03-31 23:59:59.0000000', null, 0, 0, N'2024-05-31 12:30:39.5888088', null, null, null);
INSERT INTO dbo.Location (Id, Name, ContractId, LifetimeStart, LifetimeEnd, ParentLocationId, GenderProvisionId, LocationTypeId, Created, CreatedBy, LastModified, LastModifiedBy) VALUES (32, N'Drake Hall', N'Evolution4', N'2024-05-01 00:00:00.0000000', N'2029-03-31 23:59:59.0000000', null, 0, 0, N'2024-05-31 12:30:39.5888091', null, null, null);
INSERT INTO dbo.Location (Id, Name, ContractId, LifetimeStart, LifetimeEnd, ParentLocationId, GenderProvisionId, LocationTypeId, Created, CreatedBy, LastModified, LastModifiedBy) VALUES (33, N'Birmingham', N'Evolution4', N'2024-05-01 00:00:00.0000000', N'2029-03-31 23:59:59.0000000', null, 0, 1, N'2024-05-31 12:30:39.5888093', null, null, null);
INSERT INTO dbo.Location (Id, Name, ContractId, LifetimeStart, LifetimeEnd, ParentLocationId, GenderProvisionId, LocationTypeId, Created, CreatedBy, LastModified, LastModifiedBy) VALUES (34, N'Brinsford', N'Evolution4', N'2024-05-01 00:00:00.0000000', N'2029-03-31 23:59:59.0000000', null, 0, 2, N'2024-05-31 12:30:39.5888096', null, null, null);
INSERT INTO dbo.Location (Id, Name, ContractId, LifetimeStart, LifetimeEnd, ParentLocationId, GenderProvisionId, LocationTypeId, Created, CreatedBy, LastModified, LastModifiedBy) VALUES (35, N'Dovegate', N'Evolution4', N'2024-05-01 00:00:00.0000000', N'2029-03-31 23:59:59.0000000', null, 0, 2, N'2024-05-31 12:30:39.5888101', null, null, null);
INSERT INTO dbo.Location (Id, Name, ContractId, LifetimeStart, LifetimeEnd, ParentLocationId, GenderProvisionId, LocationTypeId, Created, CreatedBy, LastModified, LastModifiedBy) VALUES (36, N'Hewell', N'Evolution4', N'2024-05-01 00:00:00.0000000', N'2029-03-31 23:59:59.0000000', null, 0, 2, N'2024-05-31 12:30:39.5888104', null, null, null);
INSERT INTO dbo.Location (Id, Name, ContractId, LifetimeStart, LifetimeEnd, ParentLocationId, GenderProvisionId, LocationTypeId, Created, CreatedBy, LastModified, LastModifiedBy) VALUES (37, N'Oakwood', N'Evolution4', N'2024-05-01 00:00:00.0000000', N'2029-03-31 23:59:59.0000000', null, 0, 2, N'2024-05-31 12:30:39.5888106', null, null, null);
INSERT INTO dbo.Location (Id, Name, ContractId, LifetimeStart, LifetimeEnd, ParentLocationId, GenderProvisionId, LocationTypeId, Created, CreatedBy, LastModified, LastModifiedBy) VALUES (38, N'Stoke Heath', N'Evolution4', N'2024-05-01 00:00:00.0000000', N'2029-03-31 23:59:59.0000000', null, 0, 2, N'2024-05-31 12:30:39.5888108', null, null, null);
INSERT INTO dbo.Location (Id, Name, ContractId, LifetimeStart, LifetimeEnd, ParentLocationId, GenderProvisionId, LocationTypeId, Created, CreatedBy, LastModified, LastModifiedBy) VALUES (39, N'Swinfen Hall', N'Evolution4', N'2024-05-01 00:00:00.0000000', N'2029-03-31 23:59:59.0000000', null, 0, 2, N'2024-05-31 12:30:39.5888111', null, null, null);
INSERT INTO dbo.Location (Id, Name, ContractId, LifetimeStart, LifetimeEnd, ParentLocationId, GenderProvisionId, LocationTypeId, Created, CreatedBy, LastModified, LastModifiedBy) VALUES (40, N'Ranby', N'Evolution5', N'2024-05-01 00:00:00.0000000', N'2029-03-31 23:59:59.0000000', null, 0, 0, N'2024-05-31 12:30:39.5888114', null, null, null);
INSERT INTO dbo.Location (Id, Name, ContractId, LifetimeStart, LifetimeEnd, ParentLocationId, GenderProvisionId, LocationTypeId, Created, CreatedBy, LastModified, LastModifiedBy) VALUES (41, N'Nottingham', N'Evolution5', N'2024-05-01 00:00:00.0000000', N'2029-03-31 23:59:59.0000000', null, 0, 1, N'2024-05-31 12:30:39.5888118', null, null, null);
INSERT INTO dbo.Location (Id, Name, ContractId, LifetimeStart, LifetimeEnd, ParentLocationId, GenderProvisionId, LocationTypeId, Created, CreatedBy, LastModified, LastModifiedBy) VALUES (42, N'Five Wells', N'Evolution5', N'2024-05-01 00:00:00.0000000', N'2029-03-31 23:59:59.0000000', null, 0, 2, N'2024-05-31 12:30:39.5888121', null, null, null);
INSERT INTO dbo.Location (Id, Name, ContractId, LifetimeStart, LifetimeEnd, ParentLocationId, GenderProvisionId, LocationTypeId, Created, CreatedBy, LastModified, LastModifiedBy) VALUES (43, N'Lincoln', N'Evolution5', N'2024-05-01 00:00:00.0000000', N'2029-03-31 23:59:59.0000000', null, 0, 2, N'2024-05-31 12:30:39.5888125', null, null, null);
INSERT INTO dbo.Location (Id, Name, ContractId, LifetimeStart, LifetimeEnd, ParentLocationId, GenderProvisionId, LocationTypeId, Created, CreatedBy, LastModified, LastModifiedBy) VALUES (44, N'North Sea Camp', N'Evolution5', N'2024-05-01 00:00:00.0000000', N'2029-03-31 23:59:59.0000000', null, 0, 2, N'2024-05-31 12:30:39.5888127', null, null, null);
INSERT INTO dbo.Location (Id, Name, ContractId, LifetimeStart, LifetimeEnd, ParentLocationId, GenderProvisionId, LocationTypeId, Created, CreatedBy, LastModified, LastModifiedBy) VALUES (45, N'Onley', N'Evolution5', N'2024-05-01 00:00:00.0000000', N'2029-03-31 23:59:59.0000000', null, 0, 2, N'2024-05-31 12:30:39.5888130', null, null, null);
INSERT INTO dbo.Location (Id, Name, ContractId, LifetimeStart, LifetimeEnd, ParentLocationId, GenderProvisionId, LocationTypeId, Created, CreatedBy, LastModified, LastModifiedBy) VALUES (46, N'Stocken', N'Evolution5', N'2024-05-01 00:00:00.0000000', N'2029-03-31 23:59:59.0000000', null, 0, 2, N'2024-05-31 12:30:39.5888132', null, null, null);
INSERT INTO dbo.Location (Id, Name, ContractId, LifetimeStart, LifetimeEnd, ParentLocationId, GenderProvisionId, LocationTypeId, Created, CreatedBy, LastModified, LastModifiedBy) VALUES (47, N'Whatton', N'Evolution5', N'2024-05-01 00:00:00.0000000', N'2029-03-31 23:59:59.0000000', null, 0, 2, N'2024-05-31 12:30:39.5888135', null, null, null);
INSERT INTO dbo.Location (Id, Name, ContractId, LifetimeStart, LifetimeEnd, ParentLocationId, GenderProvisionId, LocationTypeId, Created, CreatedBy, LastModified, LastModifiedBy) VALUES (48, N'Foston Hall', N'Evolution5', N'2024-05-01 00:00:00.0000000', N'2029-03-31 23:59:59.0000000', null, 1, 3, N'2024-05-31 12:30:39.5888138', null, null, null);
INSERT INTO dbo.Location (Id, Name, ContractId, LifetimeStart, LifetimeEnd, ParentLocationId, GenderProvisionId, LocationTypeId, Created, CreatedBy, LastModified, LastModifiedBy) VALUES (49, N'The Mount', N'Evolution6', N'2024-05-01 00:00:00.0000000', N'2029-03-31 23:59:59.0000000', null, 0, 0, N'2024-05-31 12:30:39.5888140', null, null, null);
INSERT INTO dbo.Location (Id, Name, ContractId, LifetimeStart, LifetimeEnd, ParentLocationId, GenderProvisionId, LocationTypeId, Created, CreatedBy, LastModified, LastModifiedBy) VALUES (50, N'Peterborough (M)', N'Evolution6', N'2024-05-01 00:00:00.0000000', N'2029-03-31 23:59:59.0000000', null, 0, 1, N'2024-05-31 12:30:39.5888143', null, null, null);
INSERT INTO dbo.Location (Id, Name, ContractId, LifetimeStart, LifetimeEnd, ParentLocationId, GenderProvisionId, LocationTypeId, Created, CreatedBy, LastModified, LastModifiedBy) VALUES (51, N'Bedford', N'Evolution6', N'2024-05-01 00:00:00.0000000', N'2029-03-31 23:59:59.0000000', null, 0, 1, N'2024-05-31 12:30:39.5888146', null, null, null);
INSERT INTO dbo.Location (Id, Name, ContractId, LifetimeStart, LifetimeEnd, ParentLocationId, GenderProvisionId, LocationTypeId, Created, CreatedBy, LastModified, LastModifiedBy) VALUES (52, N'Chelmsford', N'Evolution6', N'2024-05-01 00:00:00.0000000', N'2029-03-31 23:59:59.0000000', null, 0, 2, N'2024-05-31 12:30:39.5888149', null, null, null);
INSERT INTO dbo.Location (Id, Name, ContractId, LifetimeStart, LifetimeEnd, ParentLocationId, GenderProvisionId, LocationTypeId, Created, CreatedBy, LastModified, LastModifiedBy) VALUES (53, N'Highpoint', N'Evolution6', N'2024-05-01 00:00:00.0000000', N'2029-03-31 23:59:59.0000000', null, 0, 2, N'2024-05-31 12:30:39.5888151', null, null, null);
INSERT INTO dbo.Location (Id, Name, ContractId, LifetimeStart, LifetimeEnd, ParentLocationId, GenderProvisionId, LocationTypeId, Created, CreatedBy, LastModified, LastModifiedBy) VALUES (54, N'Hollesley Bay', N'Evolution6', N'2024-05-01 00:00:00.0000000', N'2029-03-31 23:59:59.0000000', null, 0, 2, N'2024-05-31 12:30:39.5888153', null, null, null);
INSERT INTO dbo.Location (Id, Name, ContractId, LifetimeStart, LifetimeEnd, ParentLocationId, GenderProvisionId, LocationTypeId, Created, CreatedBy, LastModified, LastModifiedBy) VALUES (55, N'Littlehey', N'Evolution6', N'2024-05-01 00:00:00.0000000', N'2029-03-31 23:59:59.0000000', null, 0, 2, N'2024-05-31 12:30:39.5888157', null, null, null);
INSERT INTO dbo.Location (Id, Name, ContractId, LifetimeStart, LifetimeEnd, ParentLocationId, GenderProvisionId, LocationTypeId, Created, CreatedBy, LastModified, LastModifiedBy) VALUES (56, N'Norwich', N'Evolution6', N'2024-05-01 00:00:00.0000000', N'2029-03-31 23:59:59.0000000', null, 0, 2, N'2024-05-31 12:30:39.5888159', null, null, null);
INSERT INTO dbo.Location (Id, Name, ContractId, LifetimeStart, LifetimeEnd, ParentLocationId, GenderProvisionId, LocationTypeId, Created, CreatedBy, LastModified, LastModifiedBy) VALUES (57, N'Wayland', N'Evolution6', N'2024-05-01 00:00:00.0000000', N'2029-03-31 23:59:59.0000000', null, 0, 2, N'2024-05-31 12:30:39.5888162', null, null, null);
INSERT INTO dbo.Location (Id, Name, ContractId, LifetimeStart, LifetimeEnd, ParentLocationId, GenderProvisionId, LocationTypeId, Created, CreatedBy, LastModified, LastModifiedBy) VALUES (58, N'Peterborough (F)', N'Evolution6', N'2024-05-01 00:00:00.0000000', N'2029-03-31 23:59:59.0000000', null, 1, 3, N'2024-05-31 12:30:39.5888165', null, null, null);
INSERT INTO dbo.Location (Id, Name, ContractId, LifetimeStart, LifetimeEnd, ParentLocationId, GenderProvisionId, LocationTypeId, Created, CreatedBy, LastModified, LastModifiedBy) VALUES (59, N'High Down', N'Evolution7', N'2024-05-01 00:00:00.0000000', N'2029-03-31 23:59:59.0000000', null, 0, 0, N'2024-05-31 12:30:39.5888167', null, null, null);
INSERT INTO dbo.Location (Id, Name, ContractId, LifetimeStart, LifetimeEnd, ParentLocationId, GenderProvisionId, LocationTypeId, Created, CreatedBy, LastModified, LastModifiedBy) VALUES (60, N'Wandsworth', N'Evolution7', N'2024-05-01 00:00:00.0000000', N'2029-03-31 23:59:59.0000000', null, 0, 1, N'2024-05-31 12:30:39.5888170', null, null, null);
INSERT INTO dbo.Location (Id, Name, ContractId, LifetimeStart, LifetimeEnd, ParentLocationId, GenderProvisionId, LocationTypeId, Created, CreatedBy, LastModified, LastModifiedBy) VALUES (61, N'Thameside', N'Evolution7', N'2024-05-01 00:00:00.0000000', N'2029-03-31 23:59:59.0000000', null, 0, 1, N'2024-05-31 12:30:39.5888171', null, null, null);
INSERT INTO dbo.Location (Id, Name, ContractId, LifetimeStart, LifetimeEnd, ParentLocationId, GenderProvisionId, LocationTypeId, Created, CreatedBy, LastModified, LastModifiedBy) VALUES (62, N'Brixton', N'Evolution7', N'2024-05-01 00:00:00.0000000', N'2029-03-31 23:59:59.0000000', null, 0, 2, N'2024-05-31 12:30:39.5888179', null, null, null);
INSERT INTO dbo.Location (Id, Name, ContractId, LifetimeStart, LifetimeEnd, ParentLocationId, GenderProvisionId, LocationTypeId, Created, CreatedBy, LastModified, LastModifiedBy) VALUES (63, N'Feltham', N'Evolution7', N'2024-05-01 00:00:00.0000000', N'2029-03-31 23:59:59.0000000', null, 0, 2, N'2024-05-31 12:30:39.5888181', null, null, null);
INSERT INTO dbo.Location (Id, Name, ContractId, LifetimeStart, LifetimeEnd, ParentLocationId, GenderProvisionId, LocationTypeId, Created, CreatedBy, LastModified, LastModifiedBy) VALUES (64, N'Isis', N'Evolution7', N'2024-05-01 00:00:00.0000000', N'2029-03-31 23:59:59.0000000', null, 0, 2, N'2024-05-31 12:30:39.5888184', null, null, null);
INSERT INTO dbo.Location (Id, Name, ContractId, LifetimeStart, LifetimeEnd, ParentLocationId, GenderProvisionId, LocationTypeId, Created, CreatedBy, LastModified, LastModifiedBy) VALUES (65, N'Pentonville', N'Evolution7', N'2024-05-01 00:00:00.0000000', N'2029-03-31 23:59:59.0000000', null, 0, 2, N'2024-05-31 12:30:39.5888186', null, null, null);
INSERT INTO dbo.Location (Id, Name, ContractId, LifetimeStart, LifetimeEnd, ParentLocationId, GenderProvisionId, LocationTypeId, Created, CreatedBy, LastModified, LastModifiedBy) VALUES (66, N'Bronzefield', N'Evolution7', N'2024-05-01 00:00:00.0000000', N'2029-03-31 23:59:59.0000000', null, 1, 3, N'2024-05-31 12:30:39.5888189', null, null, null);
INSERT INTO dbo.Location (Id, Name, ContractId, LifetimeStart, LifetimeEnd, ParentLocationId, GenderProvisionId, LocationTypeId, Created, CreatedBy, LastModified, LastModifiedBy) VALUES (67, N'Downview', N'Evolution7', N'2024-05-01 00:00:00.0000000', N'2029-03-31 23:59:59.0000000', null, 1, 3, N'2024-05-31 12:30:39.5888197', null, null, null);
INSERT INTO dbo.Location (Id, Name, ContractId, LifetimeStart, LifetimeEnd, ParentLocationId, GenderProvisionId, LocationTypeId, Created, CreatedBy, LastModified, LastModifiedBy) VALUES (68, N'Portland', N'Evolution8', N'2024-05-01 00:00:00.0000000', N'2029-03-31 23:59:59.0000000', null, 0, 0, N'2024-05-31 12:30:39.5888199', null, null, null);
INSERT INTO dbo.Location (Id, Name, ContractId, LifetimeStart, LifetimeEnd, ParentLocationId, GenderProvisionId, LocationTypeId, Created, CreatedBy, LastModified, LastModifiedBy) VALUES (69, N'Exeter', N'Evolution8', N'2024-05-01 00:00:00.0000000', N'2029-03-31 23:59:59.0000000', null, 0, 1, N'2024-05-31 12:30:39.5888201', null, null, null);
INSERT INTO dbo.Location (Id, Name, ContractId, LifetimeStart, LifetimeEnd, ParentLocationId, GenderProvisionId, LocationTypeId, Created, CreatedBy, LastModified, LastModifiedBy) VALUES (70, N'Bristol', N'Evolution8', N'2024-05-01 00:00:00.0000000', N'2029-03-31 23:59:59.0000000', null, 0, 1, N'2024-05-31 12:30:39.5888204', null, null, null);
INSERT INTO dbo.Location (Id, Name, ContractId, LifetimeStart, LifetimeEnd, ParentLocationId, GenderProvisionId, LocationTypeId, Created, CreatedBy, LastModified, LastModifiedBy) VALUES (71, N'Channings Wood', N'Evolution8', N'2024-05-01 00:00:00.0000000', N'2029-03-31 23:59:59.0000000', null, 0, 2, N'2024-05-31 12:30:39.5888206', null, null, null);
INSERT INTO dbo.Location (Id, Name, ContractId, LifetimeStart, LifetimeEnd, ParentLocationId, GenderProvisionId, LocationTypeId, Created, CreatedBy, LastModified, LastModifiedBy) VALUES (72, N'Dartmoor', N'Evolution8', N'2024-05-01 00:00:00.0000000', N'2029-03-31 23:59:59.0000000', null, 0, 2, N'2024-05-31 12:30:39.5888209', null, null, null);
INSERT INTO dbo.Location (Id, Name, ContractId, LifetimeStart, LifetimeEnd, ParentLocationId, GenderProvisionId, LocationTypeId, Created, CreatedBy, LastModified, LastModifiedBy) VALUES (73, N'Leyhill', N'Evolution8', N'2024-05-01 00:00:00.0000000', N'2029-03-31 23:59:59.0000000', null, 0, 2, N'2024-05-31 12:30:39.5888212', null, null, null);
INSERT INTO dbo.Location (Id, Name, ContractId, LifetimeStart, LifetimeEnd, ParentLocationId, GenderProvisionId, LocationTypeId, Created, CreatedBy, LastModified, LastModifiedBy) VALUES (74, N'Guys Marsh', N'Evolution8', N'2024-05-01 00:00:00.0000000', N'2029-03-31 23:59:59.0000000', null, 0, 2, N'2024-05-31 12:30:39.5888214', null, null, null);
INSERT INTO dbo.Location (Id, Name, ContractId, LifetimeStart, LifetimeEnd, ParentLocationId, GenderProvisionId, LocationTypeId, Created, CreatedBy, LastModified, LastModifiedBy) VALUES (75, N'The Verne', N'Evolution8', N'2024-05-01 00:00:00.0000000', N'2029-03-31 23:59:59.0000000', null, 0, 2, N'2024-05-31 12:30:39.5888217', null, null, null);
INSERT INTO dbo.Location (Id, Name, ContractId, LifetimeStart, LifetimeEnd, ParentLocationId, GenderProvisionId, LocationTypeId, Created, CreatedBy, LastModified, LastModifiedBy) VALUES (76, N'Eastwood Park', N'Evolution8', N'2024-05-01 00:00:00.0000000', N'2029-03-31 23:59:59.0000000', null, 1, 3, N'2024-05-31 12:30:39.5888219', null, null, null);
INSERT INTO dbo.Location (Id, Name, ContractId, LifetimeStart, LifetimeEnd, ParentLocationId, GenderProvisionId, LocationTypeId, Created, CreatedBy, LastModified, LastModifiedBy) VALUES (77, N'Rochester', N'Evolution9', N'2024-05-01 00:00:00.0000000', N'2029-03-31 23:59:59.0000000', null, 0, 0, N'2024-05-31 12:30:39.5888221', null, null, null);
INSERT INTO dbo.Location (Id, Name, ContractId, LifetimeStart, LifetimeEnd, ParentLocationId, GenderProvisionId, LocationTypeId, Created, CreatedBy, LastModified, LastModifiedBy) VALUES (78, N'Elmley', N'Evolution9', N'2024-05-01 00:00:00.0000000', N'2029-03-31 23:59:59.0000000', null, 0, 1, N'2024-05-31 12:30:39.5888224', null, null, null);
INSERT INTO dbo.Location (Id, Name, ContractId, LifetimeStart, LifetimeEnd, ParentLocationId, GenderProvisionId, LocationTypeId, Created, CreatedBy, LastModified, LastModifiedBy) VALUES (79, N'Lewes', N'Evolution9', N'2024-05-01 00:00:00.0000000', N'2029-03-31 23:59:59.0000000', null, 0, 1, N'2024-05-31 12:30:39.5888227', null, null, null);
INSERT INTO dbo.Location (Id, Name, ContractId, LifetimeStart, LifetimeEnd, ParentLocationId, GenderProvisionId, LocationTypeId, Created, CreatedBy, LastModified, LastModifiedBy) VALUES (80, N'Winchester', N'Evolution9', N'2024-05-01 00:00:00.0000000', N'2029-03-31 23:59:59.0000000', null, 0, 1, N'2024-05-31 12:30:39.5888229', null, null, null);
INSERT INTO dbo.Location (Id, Name, ContractId, LifetimeStart, LifetimeEnd, ParentLocationId, GenderProvisionId, LocationTypeId, Created, CreatedBy, LastModified, LastModifiedBy) VALUES (81, N'Aylesbury', N'Evolution9', N'2024-05-01 00:00:00.0000000', N'2029-03-31 23:59:59.0000000', null, 0, 2, N'2024-05-31 12:30:39.5888232', null, null, null);
INSERT INTO dbo.Location (Id, Name, ContractId, LifetimeStart, LifetimeEnd, ParentLocationId, GenderProvisionId, LocationTypeId, Created, CreatedBy, LastModified, LastModifiedBy) VALUES (82, N'Bullingdon', N'Evolution9', N'2024-05-01 00:00:00.0000000', N'2029-03-31 23:59:59.0000000', null, 0, 2, N'2024-05-31 12:30:39.5888234', null, null, null);
INSERT INTO dbo.Location (Id, Name, ContractId, LifetimeStart, LifetimeEnd, ParentLocationId, GenderProvisionId, LocationTypeId, Created, CreatedBy, LastModified, LastModifiedBy) VALUES (83, N'Ford', N'Evolution9', N'2024-05-01 00:00:00.0000000', N'2029-03-31 23:59:59.0000000', null, 0, 2, N'2024-05-31 12:30:39.5888237', null, null, null);
INSERT INTO dbo.Location (Id, Name, ContractId, LifetimeStart, LifetimeEnd, ParentLocationId, GenderProvisionId, LocationTypeId, Created, CreatedBy, LastModified, LastModifiedBy) VALUES (84, N'Springhill', N'Evolution9', N'2024-05-01 00:00:00.0000000', N'2029-03-31 23:59:59.0000000', null, 0, 2, N'2024-05-31 12:30:39.5888239', null, null, null);
INSERT INTO dbo.Location (Id, Name, ContractId, LifetimeStart, LifetimeEnd, ParentLocationId, GenderProvisionId, LocationTypeId, Created, CreatedBy, LastModified, LastModifiedBy) VALUES (85, N'Stanford Hill', N'Evolution9', N'2024-05-01 00:00:00.0000000', N'2029-03-31 23:59:59.0000000', null, 0, 2, N'2024-05-31 12:30:39.5888241', null, null, null);
INSERT INTO dbo.Location (Id, Name, ContractId, LifetimeStart, LifetimeEnd, ParentLocationId, GenderProvisionId, LocationTypeId, Created, CreatedBy, LastModified, LastModifiedBy) VALUES (86, N'Swaleside', N'Evolution9', N'2024-05-01 00:00:00.0000000', N'2029-03-31 23:59:59.0000000', null, 0, 2, N'2024-05-31 12:30:39.5888244', null, null, null);
INSERT INTO dbo.Location (Id, Name, ContractId, LifetimeStart, LifetimeEnd, ParentLocationId, GenderProvisionId, LocationTypeId, Created, CreatedBy, LastModified, LastModifiedBy) VALUES (87, N'Woodhill', N'Evolution9', N'2024-05-01 00:00:00.0000000', N'2029-03-31 23:59:59.0000000', null, 0, 2, N'2024-05-31 12:30:39.5888246', null, null, null);
INSERT INTO dbo.Location (Id, Name, ContractId, LifetimeStart, LifetimeEnd, ParentLocationId, GenderProvisionId, LocationTypeId, Created, CreatedBy, LastModified, LastModifiedBy) VALUES (88, N'Send', N'Evolution9', N'2024-05-01 00:00:00.0000000', N'2029-03-31 23:59:59.0000000', null, 1, 3, N'2024-05-31 12:30:39.5888253', null, null, null);
INSERT INTO dbo.Location (Id, Name, ContractId, LifetimeStart, LifetimeEnd, ParentLocationId, GenderProvisionId, LocationTypeId, Created, CreatedBy, LastModified, LastModifiedBy) VALUES (89, N'East Sutton Park', N'Evolution9', N'2024-05-01 00:00:00.0000000', N'2029-03-31 23:59:59.0000000', null, 1, 3, N'2024-05-31 12:30:39.5888312', null, null, null);

-- Community Locations
INSERT INTO dbo.Location (Id, Name, ContractId, LifetimeStart, LifetimeEnd, ParentLocationId, GenderProvisionId, LocationTypeId, Created, CreatedBy, LastModified, LastModifiedBy) VALUES (90, N'North West Community', N'Evolution1', N'2024-05-01 00:00:00.0000000', N'2029-03-31 23:59:59.0000000', NULL , 1, 3, N'2024-05-31 12:30:39.5888312', null, null, null);
INSERT INTO dbo.Location (Id, Name, ContractId, LifetimeStart, LifetimeEnd, ParentLocationId, GenderProvisionId, LocationTypeId, Created, CreatedBy, LastModified, LastModifiedBy) VALUES (91, N'North East Community', N'Evolution2', N'2024-05-01 00:00:00.0000000', N'2029-03-31 23:59:59.0000000', NULL , 1, 3, N'2024-05-31 12:30:39.5888312', null, null, null);
INSERT INTO dbo.Location (Id, Name, ContractId, LifetimeStart, LifetimeEnd, ParentLocationId, GenderProvisionId, LocationTypeId, Created, CreatedBy, LastModified, LastModifiedBy) VALUES (92, N'Yorkshire and Humberside Community', N'Evolution3', N'2024-05-01 00:00:00.0000000', N'2029-03-31 23:59:59.0000000', NULL , 1, 3, N'2024-05-31 12:30:39.5888312', null, null, null);
INSERT INTO dbo.Location (Id, Name, ContractId, LifetimeStart, LifetimeEnd, ParentLocationId, GenderProvisionId, LocationTypeId, Created, CreatedBy, LastModified, LastModifiedBy) VALUES (93, N'West Midlands Community', N'Evolution4', N'2024-05-01 00:00:00.0000000', N'2029-03-31 23:59:59.0000000', NULL , 1, 3, N'2024-05-31 12:30:39.5888312', null, null, null);
INSERT INTO dbo.Location (Id, Name, ContractId, LifetimeStart, LifetimeEnd, ParentLocationId, GenderProvisionId, LocationTypeId, Created, CreatedBy, LastModified, LastModifiedBy) VALUES (94, N'East Midlands Community', N'Evolution5', N'2024-05-01 00:00:00.0000000', N'2029-03-31 23:59:59.0000000', NULL , 1, 3, N'2024-05-31 12:30:39.5888312', null, null, null);
INSERT INTO dbo.Location (Id, Name, ContractId, LifetimeStart, LifetimeEnd, ParentLocationId, GenderProvisionId, LocationTypeId, Created, CreatedBy, LastModified, LastModifiedBy) VALUES (95, N'East Of England Community', N'Evolution6', N'2024-05-01 00:00:00.0000000', N'2029-03-31 23:59:59.0000000', NULL , 1, 3, N'2024-05-31 12:30:39.5888312', null, null, null);
INSERT INTO dbo.Location (Id, Name, ContractId, LifetimeStart, LifetimeEnd, ParentLocationId, GenderProvisionId, LocationTypeId, Created, CreatedBy, LastModified, LastModifiedBy) VALUES (96, N'London Community', N'Evolution7', N'2024-05-01 00:00:00.0000000', N'2029-03-31 23:59:59.0000000', NULL , 1, 3, N'2024-05-31 12:30:39.5888312', null, null, null);
INSERT INTO dbo.Location (Id, Name, ContractId, LifetimeStart, LifetimeEnd, ParentLocationId, GenderProvisionId, LocationTypeId, Created, CreatedBy, LastModified, LastModifiedBy) VALUES (97, N'South West Community', N'Evolution8', N'2024-05-01 00:00:00.0000000', N'2029-03-31 23:59:59.0000000', NULL , 1, 3, N'2024-05-31 12:30:39.5888312', null, null, null);
INSERT INTO dbo.Location (Id, Name, ContractId, LifetimeStart, LifetimeEnd, ParentLocationId, GenderProvisionId, LocationTypeId, Created, CreatedBy, LastModified, LastModifiedBy) VALUES (98, N'South East Community', N'Evolution9', N'2024-05-01 00:00:00.0000000', N'2029-03-31 23:59:59.0000000', NULL , 1, 3, N'2024-05-31 12:30:39.5888312', null, null, null);
INSERT INTO dbo.Location (Id, Name, ContractId, LifetimeStart, LifetimeEnd, ParentLocationId, GenderProvisionId, LocationTypeId, Created, CreatedBy, LastModified, LastModifiedBy) VALUES (99, N'Manchester', N'Evolution1', N'2024-05-01 00:00:00.0000000', N'2029-03-31 23:59:59.0000000', NULL , 1, 3, N'2024-05-31 12:30:39.5888312', null, null, null);
INSERT INTO dbo.Location (Id, Name, ContractId, LifetimeStart, LifetimeEnd, ParentLocationId, GenderProvisionId, LocationTypeId, Created, CreatedBy, LastModified, LastModifiedBy) VALUES (100, N'Liverpool', N'Evolution1', N'2024-05-01 00:00:00.0000000', N'2029-03-31 23:59:59.0000000', NULL , 1, 3, N'2024-05-31 12:30:39.5888312', null, null, null);
INSERT INTO dbo.Location (Id, Name, ContractId, LifetimeStart, LifetimeEnd, ParentLocationId, GenderProvisionId, LocationTypeId, Created, CreatedBy, LastModified, LastModifiedBy) VALUES (101, N'Warrington', N'Evolution1', N'2024-05-01 00:00:00.0000000', N'2029-03-31 23:59:59.0000000', 100 , 1, 3, N'2024-05-31 12:30:39.5888312', null, null, null);
INSERT INTO dbo.Location (Id, Name, ContractId, LifetimeStart, LifetimeEnd, ParentLocationId, GenderProvisionId, LocationTypeId, Created, CreatedBy, LastModified, LastModifiedBy) VALUES (102, N'Blackpool', N'Evolution1', N'2024-05-01 00:00:00.0000000', N'2029-03-31 23:59:59.0000000', NULL , 1, 3, N'2024-05-31 12:30:39.5888312', null, null, null);
INSERT INTO dbo.Location (Id, Name, ContractId, LifetimeStart, LifetimeEnd, ParentLocationId, GenderProvisionId, LocationTypeId, Created, CreatedBy, LastModified, LastModifiedBy) VALUES (103, N'Preston', N'Evolution1', N'2024-05-01 00:00:00.0000000', N'2029-03-31 23:59:59.0000000', 102 , 1, 3, N'2024-05-31 12:30:39.5888312', null, null, null);
INSERT INTO dbo.Location (Id, Name, ContractId, LifetimeStart, LifetimeEnd, ParentLocationId, GenderProvisionId, LocationTypeId, Created, CreatedBy, LastModified, LastModifiedBy) VALUES (104, N'Blackburn', N'Evolution1', N'2024-05-01 00:00:00.0000000', N'2029-03-31 23:59:59.0000000', 102 , 1, 3, N'2024-05-31 12:30:39.5888312', null, null, null);
INSERT INTO dbo.Location (Id, Name, ContractId, LifetimeStart, LifetimeEnd, ParentLocationId, GenderProvisionId, LocationTypeId, Created, CreatedBy, LastModified, LastModifiedBy) VALUES (105, N'Durham', N'Evolution2', N'2024-05-01 00:00:00.0000000', N'2029-03-31 23:59:59.0000000', NULL , 1, 3, N'2024-05-31 12:30:39.5888312', null, null, null);
INSERT INTO dbo.Location (Id, Name, ContractId, LifetimeStart, LifetimeEnd, ParentLocationId, GenderProvisionId, LocationTypeId, Created, CreatedBy, LastModified, LastModifiedBy) VALUES (106, N'Middlesbrough', N'Evolution2', N'2024-05-01 00:00:00.0000000', N'2029-03-31 23:59:59.0000000', 105 , 1, 3, N'2024-05-31 12:30:39.5888312', null, null, null);
INSERT INTO dbo.Location (Id, Name, ContractId, LifetimeStart, LifetimeEnd, ParentLocationId, GenderProvisionId, LocationTypeId, Created, CreatedBy, LastModified, LastModifiedBy) VALUES (107, N'Darlington', N'Evolution2', N'2024-05-01 00:00:00.0000000', N'2029-03-31 23:59:59.0000000', 105 , 1, 3, N'2024-05-31 12:30:39.5888312', null, null, null);
INSERT INTO dbo.Location (Id, Name, ContractId, LifetimeStart, LifetimeEnd, ParentLocationId, GenderProvisionId, LocationTypeId, Created, CreatedBy, LastModified, LastModifiedBy) VALUES (108, N'Sunderland', N'Evolution2', N'2024-05-01 00:00:00.0000000', N'2029-03-31 23:59:59.0000000', NULL , 1, 3, N'2024-05-31 12:30:39.5888312', null, null, null);
INSERT INTO dbo.Location (Id, Name, ContractId, LifetimeStart, LifetimeEnd, ParentLocationId, GenderProvisionId, LocationTypeId, Created, CreatedBy, LastModified, LastModifiedBy) VALUES (109, N'Newcastle', N'Evolution2', N'2024-05-01 00:00:00.0000000', N'2029-03-31 23:59:59.0000000', 108 , 1, 3, N'2024-05-31 12:30:39.5888312', null, null, null);
INSERT INTO dbo.Location (Id, Name, ContractId, LifetimeStart, LifetimeEnd, ParentLocationId, GenderProvisionId, LocationTypeId, Created, CreatedBy, LastModified, LastModifiedBy) VALUES (110, N'Leeds', N'Evolution3', N'2024-05-01 00:00:00.0000000', N'2029-03-31 23:59:59.0000000', NULL , 1, 3, N'2024-05-31 12:30:39.5888312', null, null, null);
INSERT INTO dbo.Location (Id, Name, ContractId, LifetimeStart, LifetimeEnd, ParentLocationId, GenderProvisionId, LocationTypeId, Created, CreatedBy, LastModified, LastModifiedBy) VALUES (111, N'Bradford', N'Evolution3', N'2024-05-01 00:00:00.0000000', N'2029-03-31 23:59:59.0000000', 110 , 1, 3, N'2024-05-31 12:30:39.5888312', null, null, null);
INSERT INTO dbo.Location (Id, Name, ContractId, LifetimeStart, LifetimeEnd, ParentLocationId, GenderProvisionId, LocationTypeId, Created, CreatedBy, LastModified, LastModifiedBy) VALUES (112, N'Huddersfield', N'Evolution3', N'2024-05-01 00:00:00.0000000', N'2029-03-31 23:59:59.0000000', 110 , 1, 3, N'2024-05-31 12:30:39.5888312', null, null, null);
INSERT INTO dbo.Location (Id, Name, ContractId, LifetimeStart, LifetimeEnd, ParentLocationId, GenderProvisionId, LocationTypeId, Created, CreatedBy, LastModified, LastModifiedBy) VALUES (113, N'Doncaster', N'Evolution3', N'2024-05-01 00:00:00.0000000', N'2029-03-31 23:59:59.0000000', NULL , 1, 3, N'2024-05-31 12:30:39.5888312', null, null, null);
INSERT INTO dbo.Location (Id, Name, ContractId, LifetimeStart, LifetimeEnd, ParentLocationId, GenderProvisionId, LocationTypeId, Created, CreatedBy, LastModified, LastModifiedBy) VALUES (114, N'Sheffield', N'Evolution3', N'2024-05-01 00:00:00.0000000', N'2029-03-31 23:59:59.0000000', 113 , 1, 3, N'2024-05-31 12:30:39.5888312', null, null, null);
INSERT INTO dbo.Location (Id, Name, ContractId, LifetimeStart, LifetimeEnd, ParentLocationId, GenderProvisionId, LocationTypeId, Created, CreatedBy, LastModified, LastModifiedBy) VALUES (115, N'Hull', N'Evolution3', N'2024-05-01 00:00:00.0000000', N'2029-03-31 23:59:59.0000000', NULL , 1, 3, N'2024-05-31 12:30:39.5888312', null, null, null);
INSERT INTO dbo.Location (Id, Name, ContractId, LifetimeStart, LifetimeEnd, ParentLocationId, GenderProvisionId, LocationTypeId, Created, CreatedBy, LastModified, LastModifiedBy) VALUES (116, N'Birmingham', N'Evolution4', N'2024-05-01 00:00:00.0000000', N'2029-03-31 23:59:59.0000000', NULL , 1, 3, N'2024-05-31 12:30:39.5888312', null, null, null);
INSERT INTO dbo.Location (Id, Name, ContractId, LifetimeStart, LifetimeEnd, ParentLocationId, GenderProvisionId, LocationTypeId, Created, CreatedBy, LastModified, LastModifiedBy) VALUES (117, N'Wolverhampton', N'Evolution4', N'2024-05-01 00:00:00.0000000', N'2029-03-31 23:59:59.0000000', NULL , 1, 3, N'2024-05-31 12:30:39.5888312', null, null, null);
INSERT INTO dbo.Location (Id, Name, ContractId, LifetimeStart, LifetimeEnd, ParentLocationId, GenderProvisionId, LocationTypeId, Created, CreatedBy, LastModified, LastModifiedBy) VALUES (118, N'Stoke', N'Evolution4', N'2024-05-01 00:00:00.0000000', N'2029-03-31 23:59:59.0000000', 117 , 1, 3, N'2024-05-31 12:30:39.5888312', null, null, null);
INSERT INTO dbo.Location (Id, Name, ContractId, LifetimeStart, LifetimeEnd, ParentLocationId, GenderProvisionId, LocationTypeId, Created, CreatedBy, LastModified, LastModifiedBy) VALUES (119, N'Nottingham', N'Evolution5', N'2024-05-01 00:00:00.0000000', N'2029-03-31 23:59:59.0000000', NULL , 1, 3, N'2024-05-31 12:30:39.5888312', null, null, null);
INSERT INTO dbo.Location (Id, Name, ContractId, LifetimeStart, LifetimeEnd, ParentLocationId, GenderProvisionId, LocationTypeId, Created, CreatedBy, LastModified, LastModifiedBy) VALUES (120, N'Leicester', N'Evolution5', N'2024-05-01 00:00:00.0000000', N'2029-03-31 23:59:59.0000000', 119 , 1, 3, N'2024-05-31 12:30:39.5888312', null, null, null);
INSERT INTO dbo.Location (Id, Name, ContractId, LifetimeStart, LifetimeEnd, ParentLocationId, GenderProvisionId, LocationTypeId, Created, CreatedBy, LastModified, LastModifiedBy) VALUES (121, N'Derby', N'Evolution5', N'2024-05-01 00:00:00.0000000', N'2029-03-31 23:59:59.0000000', 119 , 1, 3, N'2024-05-31 12:30:39.5888312', null, null, null);
INSERT INTO dbo.Location (Id, Name, ContractId, LifetimeStart, LifetimeEnd, ParentLocationId, GenderProvisionId, LocationTypeId, Created, CreatedBy, LastModified, LastModifiedBy) VALUES (122, N'Peterborough', N'Evolution6', N'2024-05-01 00:00:00.0000000', N'2029-03-31 23:59:59.0000000', NULL , 1, 3, N'2024-05-31 12:30:39.5888312', null, null, null);
INSERT INTO dbo.Location (Id, Name, ContractId, LifetimeStart, LifetimeEnd, ParentLocationId, GenderProvisionId, LocationTypeId, Created, CreatedBy, LastModified, LastModifiedBy) VALUES (123, N'Luton', N'Evolution6', N'2024-05-01 00:00:00.0000000', N'2029-03-31 23:59:59.0000000', 122 , 1, 3, N'2024-05-31 12:30:39.5888312', null, null, null);
INSERT INTO dbo.Location (Id, Name, ContractId, LifetimeStart, LifetimeEnd, ParentLocationId, GenderProvisionId, LocationTypeId, Created, CreatedBy, LastModified, LastModifiedBy) VALUES (124, N'Croydon', N'Evolution7', N'2024-05-01 00:00:00.0000000', N'2029-03-31 23:59:59.0000000', NULL , 1, 3, N'2024-05-31 12:30:39.5888312', null, null, null);
INSERT INTO dbo.Location (Id, Name, ContractId, LifetimeStart, LifetimeEnd, ParentLocationId, GenderProvisionId, LocationTypeId, Created, CreatedBy, LastModified, LastModifiedBy) VALUES (125, N'Lambeth', N'Evolution7', N'2024-05-01 00:00:00.0000000', N'2029-03-31 23:59:59.0000000', 124 , 1, 3, N'2024-05-31 12:30:39.5888312', null, null, null);
INSERT INTO dbo.Location (Id, Name, ContractId, LifetimeStart, LifetimeEnd, ParentLocationId, GenderProvisionId, LocationTypeId, Created, CreatedBy, LastModified, LastModifiedBy) VALUES (126, N'Lewisham', N'Evolution7', N'2024-05-01 00:00:00.0000000', N'2029-03-31 23:59:59.0000000', 124 , 1, 3, N'2024-05-31 12:30:39.5888312', null, null, null);
INSERT INTO dbo.Location (Id, Name, ContractId, LifetimeStart, LifetimeEnd, ParentLocationId, GenderProvisionId, LocationTypeId, Created, CreatedBy, LastModified, LastModifiedBy) VALUES (127, N'Bristol', N'Evolution8', N'2024-05-01 00:00:00.0000000', N'2029-03-31 23:59:59.0000000', NULL , 1, 3, N'2024-05-31 12:30:39.5888312', null, null, null);
INSERT INTO dbo.Location (Id, Name, ContractId, LifetimeStart, LifetimeEnd, ParentLocationId, GenderProvisionId, LocationTypeId, Created, CreatedBy, LastModified, LastModifiedBy) VALUES (128, N'Plymouth', N'Evolution8', N'2024-05-01 00:00:00.0000000', N'2029-03-31 23:59:59.0000000', 127 , 1, 3, N'2024-05-31 12:30:39.5888312', null, null, null);
INSERT INTO dbo.Location (Id, Name, ContractId, LifetimeStart, LifetimeEnd, ParentLocationId, GenderProvisionId, LocationTypeId, Created, CreatedBy, LastModified, LastModifiedBy) VALUES (129, N'Medway', N'Evolution9', N'2024-05-01 00:00:00.0000000', N'2029-03-31 23:59:59.0000000', NULL , 1, 3, N'2024-05-31 12:30:39.5888312', null, null, null);
INSERT INTO dbo.Location (Id, Name, ContractId, LifetimeStart, LifetimeEnd, ParentLocationId, GenderProvisionId, LocationTypeId, Created, CreatedBy, LastModified, LastModifiedBy) VALUES (130, N'Southampton', N'Evolution9', N'2024-05-01 00:00:00.0000000', N'2029-03-31 23:59:59.0000000', 129 , 1, 3, N'2024-05-31 12:30:39.5888312', null, null, null);
INSERT INTO dbo.Location (Id, Name, ContractId, LifetimeStart, LifetimeEnd, ParentLocationId, GenderProvisionId, LocationTypeId, Created, CreatedBy, LastModified, LastModifiedBy) VALUES (131, N'Portsmouth', N'Evolution9', N'2024-05-01 00:00:00.0000000', N'2029-03-31 23:59:59.0000000', 129 , 1, 3, N'2024-05-31 12:30:39.5888312', null, null, null);


SET IDENTITY_INSERT Location OFF;