
SET NOCOUNT ON;

BEGIN TRANSACTION;

BEGIN TRY
    
    DECLARE @CreatedUserId NVARCHAR(36) = N'2a9b3450-1feb-4be3-ab94-24e64cd34829',
            @Created DATETIME2 = '01 Aug 2024'

    INSERT INTO Configuration.Tenant (Id, Name, Description, Created, CreatedBy, LastModified, LastModifiedBy) VALUES (N'1.', N'CFO', N'Root tenant for Creating Future Opportunities', @Created, @CreatedUserId, null, null);
    INSERT INTO Configuration.Tenant (Id, Name, Description, Created, CreatedBy, LastModified, LastModifiedBy) VALUES (N'1.1.', N'CFO Evolution', N'Top level tenant for Evolution Programme', @Created, @CreatedUserId, null, null);
    INSERT INTO Configuration.Tenant (Id, Name, Description, Created, CreatedBy, LastModified, LastModifiedBy) VALUES (N'1.1.1.', N'Achieve', N'Top level tenant for provider Achieve', @Created, @CreatedUserId, null, null);
    INSERT INTO Configuration.Tenant (Id, Name, Description, Created, CreatedBy, LastModified, LastModifiedBy) VALUES (N'1.1.1.1.', N'North West Contract', N'Achieve (North West Contract)', @Created, @CreatedUserId, null, null);
    INSERT INTO Configuration.Tenant (Id, Name, Description, Created, CreatedBy, LastModified, LastModifiedBy) VALUES (N'1.1.1.1.1.', N'Achieve_NW', N'Achieve (North West Team)', @Created, @CreatedUserId, null, null);
    INSERT INTO Configuration.Tenant (Id, Name, Description, Created, CreatedBy, LastModified, LastModifiedBy) VALUES (N'1.1.1.1.2.', N'Growth_NW', N'Achieve (Growth North West Team)', @Created, @CreatedUserId, null, null);
    INSERT INTO Configuration.Tenant (Id, Name, Description, Created, CreatedBy, LastModified, LastModifiedBy) VALUES (N'1.1.2.', N'Ingeus', N'Top level tenant for provider Ingeus', @Created, @CreatedUserId, null, null);
    INSERT INTO Configuration.Tenant (Id, Name, Description, Created, CreatedBy, LastModified, LastModifiedBy) VALUES (N'1.1.2.1.', N'North East Contract', N'Ingeus (North East Contract)', @Created, @CreatedUserId, null, null);
    INSERT INTO Configuration.Tenant (Id, Name, Description, Created, CreatedBy, LastModified, LastModifiedBy) VALUES (N'1.1.2.1.1.', N'Ingeus_NE', N'Ingeus (North East)', @Created, @CreatedUserId, null, null);
    INSERT INTO Configuration.Tenant (Id, Name, Description, Created, CreatedBy, LastModified, LastModifiedBy) VALUES (N'1.1.2.1.2.', N'AWayOut_NE', N'A way out (North East)', @Created, @CreatedUserId, null, null);
    INSERT INTO Configuration.Tenant (Id, Name, Description, Created, CreatedBy, LastModified, LastModifiedBy) VALUES (N'1.1.2.1.3.', N'ForcesEmploymentCharity_NE', N'Forces Employment Charity (North East)', @Created, @CreatedUserId, null, null);
    INSERT INTO Configuration.Tenant (Id, Name, Description, Created, CreatedBy, LastModified, LastModifiedBy) VALUES (N'1.1.2.2.', N'West Midlands Contract', N'Ingeus (West Midlands Contract)', @Created, @CreatedUserId, null, null);
    INSERT INTO Configuration.Tenant (Id, Name, Description, Created, CreatedBy, LastModified, LastModifiedBy) VALUES (N'1.1.2.2.1.', N'Ingeus_WM', N'Ingeus (West Midlands)', @Created, @CreatedUserId, null, null);
    INSERT INTO Configuration.Tenant (Id, Name, Description, Created, CreatedBy, LastModified, LastModifiedBy) VALUES (N'1.1.2.2.2.', N'AWayOut_WM', N'A way out (West Midlands)', @Created, @CreatedUserId, null, null);
    INSERT INTO Configuration.Tenant (Id, Name, Description, Created, CreatedBy, LastModified, LastModifiedBy) VALUES (N'1.1.2.2.3.', N'ChangingLives_WM', N'Changing Lives (West Midlands)', @Created, @CreatedUserId, null, null);
    INSERT INTO Configuration.Tenant (Id, Name, Description, Created, CreatedBy, LastModified, LastModifiedBy) VALUES (N'1.1.2.3.', N'East Midlands Contract', N'Ingeus (East Midlands Contract)', @Created, @CreatedUserId, null, null);
    INSERT INTO Configuration.Tenant (Id, Name, Description, Created, CreatedBy, LastModified, LastModifiedBy) VALUES (N'1.1.2.3.1.', N'Ingeus_EM', N'Ingeus (East Midlands)', @Created, @CreatedUserId, null, null);
    INSERT INTO Configuration.Tenant (Id, Name, Description, Created, CreatedBy, LastModified, LastModifiedBy) VALUES (N'1.1.2.3.2.', N'ChangingLives_EM', N'Changing Lives (East Midlands)', @Created, @CreatedUserId, null, null);
    INSERT INTO Configuration.Tenant (Id, Name, Description, Created, CreatedBy, LastModified, LastModifiedBy) VALUES (N'1.1.2.3.3.', N'LAT_EM', N'LAT (East Midlands)', @Created, @CreatedUserId, null, null);
    INSERT INTO Configuration.Tenant (Id, Name, Description, Created, CreatedBy, LastModified, LastModifiedBy) VALUES (N'1.1.3.', N'The Growth Co', N'Top level tenant for provider The Growth Co', @Created, @CreatedUserId, null, null);
    INSERT INTO Configuration.Tenant (Id, Name, Description, Created, CreatedBy, LastModified, LastModifiedBy) VALUES (N'1.1.3.1.', N'Yorkshire and Humberside Contract', N'The Growth Co (Yorkshire and Humberside Contract)', @Created, @CreatedUserId, null, null);
    INSERT INTO Configuration.Tenant (Id, Name, Description, Created, CreatedBy, LastModified, LastModifiedBy) VALUES (N'1.1.3.1.1.', N'Growth_YH', N'Growth (Yorkshire and Humberside)', @Created, @CreatedUserId, null, null);
    INSERT INTO Configuration.Tenant (Id, Name, Description, Created, CreatedBy, LastModified, LastModifiedBy) VALUES (N'1.1.3.1.2.', N'CommunityLinks_YH', N'Community Links (Yorkshire and Humberside)', @Created, @CreatedUserId, null, null);
    INSERT INTO Configuration.Tenant (Id, Name, Description, Created, CreatedBy, LastModified, LastModifiedBy) VALUES (N'1.1.3.1.3.', N'StGiles_YH', N'St Giles (Yorkshire and Humberside)', @Created, @CreatedUserId, null, null);
    INSERT INTO Configuration.Tenant (Id, Name, Description, Created, CreatedBy, LastModified, LastModifiedBy) VALUES (N'1.1.4.', N'Shaw Trust', N'Top level tenant for Shaw Trust', @Created, @CreatedUserId, null, null);
    INSERT INTO Configuration.Tenant (Id, Name, Description, Created, CreatedBy, LastModified, LastModifiedBy) VALUES (N'1.1.4.1.', N'East of England Contract', N'Shaw Trust (East of England Contract)', @Created, @CreatedUserId, null, null);
    INSERT INTO Configuration.Tenant (Id, Name, Description, Created, CreatedBy, LastModified, LastModifiedBy) VALUES (N'1.1.4.1.1.', N'ShawTrust_EE', N'Shaw Trust (East of England)', @Created, @CreatedUserId, null, null);
    INSERT INTO Configuration.Tenant (Id, Name, Description, Created, CreatedBy, LastModified, LastModifiedBy) VALUES (N'1.1.4.2.', N'South East Contract', N'Shaw Trust (South East Contract)', @Created, @CreatedUserId, null, null);
    INSERT INTO Configuration.Tenant (Id, Name, Description, Created, CreatedBy, LastModified, LastModifiedBy) VALUES (N'1.1.4.2.1.', N'ShawTrust_SE', N'Shaw Trust (South East)', @Created, @CreatedUserId, null, null);
    INSERT INTO Configuration.Tenant (Id, Name, Description, Created, CreatedBy, LastModified, LastModifiedBy) VALUES (N'1.1.5.', N'Reed', N'Reed', @Created, @CreatedUserId, null, null);
    INSERT INTO Configuration.Tenant (Id, Name, Description, Created, CreatedBy, LastModified, LastModifiedBy) VALUES (N'1.1.5.1.', N'London Contract', N'Reed (London Contract)', @Created, @CreatedUserId, null, null);
    INSERT INTO Configuration.Tenant (Id, Name, Description, Created, CreatedBy, LastModified, LastModifiedBy) VALUES (N'1.1.5.1.1.', N'Reed_LDN', N'Reed (London)', @Created, @CreatedUserId, null, null);
    INSERT INTO Configuration.Tenant (Id, Name, Description, Created, CreatedBy, LastModified, LastModifiedBy) VALUES (N'1.1.5.1.2.', N'ShawTrust_LDN', N'Reed (Shaw Trust)', @Created, @CreatedUserId, null, null);
    INSERT INTO Configuration.Tenant (Id, Name, Description, Created, CreatedBy, LastModified, LastModifiedBy) VALUES (N'1.1.6.', N'Seetec', N'Seetec', @Created, @CreatedUserId, null, null);
    INSERT INTO Configuration.Tenant (Id, Name, Description, Created, CreatedBy, LastModified, LastModifiedBy) VALUES (N'1.1.6.1.', N'South West Contract', N'Seetec (South West Contract)', @Created, @CreatedUserId, null, null);
    INSERT INTO Configuration.Tenant (Id, Name, Description, Created, CreatedBy, LastModified, LastModifiedBy) VALUES (N'1.1.6.1.1.', N'Seetec_SW', N'Seetec (South West)', @Created, @CreatedUserId, null, null);

    INSERT INTO Configuration.TenantDomain (Domain, TenantId, Created, CreatedBy, LastModified, LastModifiedBy) VALUES (N'@justice.gov.uk', N'1.', @Created, @CreatedUserId, null, null);
    INSERT INTO Configuration.TenantDomain (Domain, TenantId, Created, CreatedBy, LastModified, LastModifiedBy) VALUES (N'@justice.gov.uk', N'1.1.', @Created, @CreatedUserId, null, null);
    INSERT INTO Configuration.TenantDomain (Domain, TenantId, Created, CreatedBy, LastModified, LastModifiedBy) VALUES (N'@achieve.org', N'1.1.1.', @Created, @CreatedUserId, null, null);
    INSERT INTO Configuration.TenantDomain (Domain, TenantId, Created, CreatedBy, LastModified, LastModifiedBy) VALUES (N'@northwestcontract.org', N'1.1.1.1.', @Created, @CreatedUserId, null, null);
    INSERT INTO Configuration.TenantDomain (Domain, TenantId, Created, CreatedBy, LastModified, LastModifiedBy) VALUES (N'@achieve_nw.org', N'1.1.1.1.1.', @Created, @CreatedUserId, null, null);
    INSERT INTO Configuration.TenantDomain (Domain, TenantId, Created, CreatedBy, LastModified, LastModifiedBy) VALUES (N'@ingeus.org', N'1.1.2.', @Created, @CreatedUserId, null, null);
    INSERT INTO Configuration.TenantDomain (Domain, TenantId, Created, CreatedBy, LastModified, LastModifiedBy) VALUES (N'@northeastcontract.org', N'1.1.2.1.', @Created, @CreatedUserId, null, null);
    INSERT INTO Configuration.TenantDomain (Domain, TenantId, Created, CreatedBy, LastModified, LastModifiedBy) VALUES (N'@igneus_ne.org', N'1.1.2.1.1.', @Created, @CreatedUserId, null, null);
    INSERT INTO Configuration.TenantDomain (Domain, TenantId, Created, CreatedBy, LastModified, LastModifiedBy) VALUES (N'@awayout_ne.org', N'1.1.2.1.2.', @Created, @CreatedUserId, null, null);
    INSERT INTO Configuration.TenantDomain (Domain, TenantId, Created, CreatedBy, LastModified, LastModifiedBy) VALUES (N'@forcesemploymentcharity_ne.org', N'1.1.2.1.3.', @Created, @CreatedUserId, null, null);
    INSERT INTO Configuration.TenantDomain (Domain, TenantId, Created, CreatedBy, LastModified, LastModifiedBy) VALUES (N'@westmidlandscontract.org', N'1.1.2.2.', @Created, @CreatedUserId, null, null);
    INSERT INTO Configuration.TenantDomain (Domain, TenantId, Created, CreatedBy, LastModified, LastModifiedBy) VALUES (N'@igneus_wm.org', N'1.1.2.2.1.', @Created, @CreatedUserId, null, null);
    INSERT INTO Configuration.TenantDomain (Domain, TenantId, Created, CreatedBy, LastModified, LastModifiedBy) VALUES (N'@awayout_wm.org', N'1.1.2.2.2.', @Created, @CreatedUserId, null, null);
    INSERT INTO Configuration.TenantDomain (Domain, TenantId, Created, CreatedBy, LastModified, LastModifiedBy) VALUES (N'@changinglives_wm.org', N'1.1.2.2.3.', @Created, @CreatedUserId, null, null);
    INSERT INTO Configuration.TenantDomain (Domain, TenantId, Created, CreatedBy, LastModified, LastModifiedBy) VALUES (N'@eastmidlandscontract.org', N'1.1.2.3.', @Created, @CreatedUserId, null, null);
    INSERT INTO Configuration.TenantDomain (Domain, TenantId, Created, CreatedBy, LastModified, LastModifiedBy) VALUES (N'@igneus_em.org', N'1.1.2.3.1.', @Created, @CreatedUserId, null, null);
    INSERT INTO Configuration.TenantDomain (Domain, TenantId, Created, CreatedBy, LastModified, LastModifiedBy) VALUES (N'@changinglives_em.org', N'1.1.2.3.2.', @Created, @CreatedUserId, null, null);
    INSERT INTO Configuration.TenantDomain (Domain, TenantId, Created, CreatedBy, LastModified, LastModifiedBy) VALUES (N'@lat_em.org', N'1.1.2.3.3.', @Created, @CreatedUserId, null, null);
    INSERT INTO Configuration.TenantDomain (Domain, TenantId, Created, CreatedBy, LastModified, LastModifiedBy) VALUES (N'@thegrowthco.org', N'1.1.3.', @Created, @CreatedUserId, null, null);
    INSERT INTO Configuration.TenantDomain (Domain, TenantId, Created, CreatedBy, LastModified, LastModifiedBy) VALUES (N'@yorkshireandhumbersidecontract.org', N'1.1.3.1.', @Created, @CreatedUserId, null, null);
    INSERT INTO Configuration.TenantDomain (Domain, TenantId, Created, CreatedBy, LastModified, LastModifiedBy) VALUES (N'@growth_yh.org', N'1.1.3.1.1.', @Created, @CreatedUserId, null, null);
    INSERT INTO Configuration.TenantDomain (Domain, TenantId, Created, CreatedBy, LastModified, LastModifiedBy) VALUES (N'@communitylinks_yh.org', N'1.1.3.1.2.', @Created, @CreatedUserId, null, null);
    INSERT INTO Configuration.TenantDomain (Domain, TenantId, Created, CreatedBy, LastModified, LastModifiedBy) VALUES (N'@stgiles_yh.org', N'1.1.3.1.3.', @Created, @CreatedUserId, null, null);
    INSERT INTO Configuration.TenantDomain (Domain, TenantId, Created, CreatedBy, LastModified, LastModifiedBy) VALUES (N'@shawtrust.org', N'1.1.4.', @Created, @CreatedUserId, null, null);
    INSERT INTO Configuration.TenantDomain (Domain, TenantId, Created, CreatedBy, LastModified, LastModifiedBy) VALUES (N'@eastofenglandcontract.org', N'1.1.4.1.', @Created, @CreatedUserId, null, null);
    INSERT INTO Configuration.TenantDomain (Domain, TenantId, Created, CreatedBy, LastModified, LastModifiedBy) VALUES (N'@shawtrust_ee.org', N'1.1.4.1.1.', @Created, @CreatedUserId, null, null);
    INSERT INTO Configuration.TenantDomain (Domain, TenantId, Created, CreatedBy, LastModified, LastModifiedBy) VALUES (N'@southeastcontract.org', N'1.1.4.2.', @Created, @CreatedUserId, null, null);
    INSERT INTO Configuration.TenantDomain (Domain, TenantId, Created, CreatedBy, LastModified, LastModifiedBy) VALUES (N'@shawtrust_se.org', N'1.1.4.2.1.', @Created, @CreatedUserId, null, null);
    INSERT INTO Configuration.TenantDomain (Domain, TenantId, Created, CreatedBy, LastModified, LastModifiedBy) VALUES (N'@reed.org', N'1.1.5.', @Created, @CreatedUserId, null, null);
    INSERT INTO Configuration.TenantDomain (Domain, TenantId, Created, CreatedBy, LastModified, LastModifiedBy) VALUES (N'@londoncontract.org', N'1.1.5.1.', @Created, @CreatedUserId, null, null);
    INSERT INTO Configuration.TenantDomain (Domain, TenantId, Created, CreatedBy, LastModified, LastModifiedBy) VALUES (N'@reed_lnd.org', N'1.1.5.1.1.', @Created, @CreatedUserId, null, null);
    INSERT INTO Configuration.TenantDomain (Domain, TenantId, Created, CreatedBy, LastModified, LastModifiedBy) VALUES (N'@shawtrust_lnd.org', N'1.1.5.1.2.', @Created, @CreatedUserId, null, null);
    INSERT INTO Configuration.TenantDomain (Domain, TenantId, Created, CreatedBy, LastModified, LastModifiedBy) VALUES (N'@seetec.org', N'1.1.6.', @Created, @CreatedUserId, null, null);
    INSERT INTO Configuration.TenantDomain (Domain, TenantId, Created, CreatedBy, LastModified, LastModifiedBy) VALUES (N'@southwestcontract.org', N'1.1.6.1.', @Created, @CreatedUserId, null, null);
    INSERT INTO Configuration.TenantDomain (Domain, TenantId, Created, CreatedBy, LastModified, LastModifiedBy) VALUES (N'@seetec_sw.org', N'1.1.6.1.1.', @Created, @CreatedUserId, null, null);

    INSERT INTO [Identity].Role (Id, Description, Name, NormalizedName, ConcurrencyStamp, RoleRank) VALUES (N'a6bc93b6-0c06-43e7-bc8f-8d1f1ff6f136', N'User performance QA and finance functionality for providers', N'QA + Finance', N'QA + FINANCE', N'e6340a9c-8144-4f9d-8489-2e21af06bc56', 9999);
    INSERT INTO [Identity].Role (Id, Description, Name, NormalizedName, ConcurrencyStamp, RoleRank) VALUES (N'c1d2e3f4-5g6h-7i8j-9k0l-1m2n3o4p5q6r', N'Responsible for overseeing financial operations and quality assurance', N'CFO QA Officer', N'CFO QA OFFICER', N'7e8f9g0h-1i2j-3k4l-5m6n-7o8p9q0r1s2t', 60);
    INSERT INTO [Identity].Role (Id, Description, Name, NormalizedName, ConcurrencyStamp, RoleRank) VALUES (N'd3e4f5g6-7h8i-9j0k-1l2m-3n4o5p6q7r8s', N'Support manager for financial operations and quality assurance', N'CFO QA Support Manager', N'CFO QA SUPPORT MANAGER', N'8f9g0h1i-2j3k-4l5m-6n7o-8p9q0r1s2t3u', 40);
    INSERT INTO [Identity].Role (Id, Description, Name, NormalizedName, ConcurrencyStamp, RoleRank) VALUES (N'e5f6g7h8-9i0j-1k2l-3m4n-5o6p7q8r9s0t', N'Manager for financial operations and quality assurance', N'CFO QA Manager', N'CFO QA MANAGER', N'9g0h1i2j-3k4l-5m6n-7o8p-9q0r1s2t3u4v', 20);
    INSERT INTO [Identity].Role (Id, Description, Name, NormalizedName, ConcurrencyStamp, RoleRank) VALUES (N'f7g8h9i0-1j2k-3l4m-5n6o-7p8q9r0s1t2u', N'Senior Management Team member', N'SMT', N'SMT', N'0h1i2j3k-4l5m-6n7o-8p9q-0r1s2t3u4v5w', 10);
    INSERT INTO [Identity].Role (Id, Description, Name, NormalizedName, ConcurrencyStamp, RoleRank) VALUES (N'g7hf2g5f-5g9a-7gb1-d5f3-7f3e5f2f5g7g', N'User responsible for system-level support and maintenance.', N'System Support', N'SYSTEM SUPPORT', N'4e5f6d7c-8b9a-7e9f-3a4e-5f6d7c8b9a3e', 0);

    INSERT INTO [Identity].[User] (Id, DisplayName, ProviderId, TenantId, TenantName, ProfilePictureDataUrl, IsActive, IsLive, MemorablePlace, MemorableDate, RefreshToken, RequiresPasswordReset, RefreshTokenExpiryTime, SuperiorId, Created, CreatedBy, LastModified, LastModifiedBy, UserName, NormalizedUserName, Email, NormalizedEmail, EmailConfirmed, PasswordHash, SecurityStamp, ConcurrencyStamp, PhoneNumber, PhoneNumberConfirmed, TwoFactorEnabled, LockoutEnd, LockoutEnabled, AccessFailedCount) VALUES (N'0240afb1-78ee-497a-b42f-25f61cce5ecc', N'LAT_EM QA', N'1.1.2.3.3.', N'1.1.2.3.3.', N'LAT_EM', null, 1, 0, N'Password123!', N'12334', null, 1, N'0001-01-01 00:00:00.0000000', null, N'2024-07-24 11:53:59.0919292', @CreatedUserId, N'2024-07-24 11:54:08.5635871', @CreatedUserId, N'LAT_EM.qa@lat_em.org', N'LAT_EM.QA@LAT_EM.ORG', N'LAT_EM.qa@lat_em.org', N'LAT_EM.QA@LAT_EM.ORG', 1, N'AQAAAAIAAYagAAAAEFSZ6/zFDJMNGxRL9x9kDXX3NXqahaEkT1Jl1FA+YAfNJItN4HEbpfggPZEPZ30k1g==', N'PA3F4Q3TGS3HNEHFHSNEGNS5QWXGNY7Q', N'f535b8ef-5f82-40fe-b4ed-cf02ecbfd5d9', N'2222222222', 0, 0, null, 1, 0);
    INSERT INTO [Identity].[User] (Id, DisplayName, ProviderId, TenantId, TenantName, ProfilePictureDataUrl, IsActive, IsLive, MemorablePlace, MemorableDate, RefreshToken, RequiresPasswordReset, RefreshTokenExpiryTime, SuperiorId, Created, CreatedBy, LastModified, LastModifiedBy, UserName, NormalizedUserName, Email, NormalizedEmail, EmailConfirmed, PasswordHash, SecurityStamp, ConcurrencyStamp, PhoneNumber, PhoneNumberConfirmed, TwoFactorEnabled, LockoutEnd, LockoutEnabled, AccessFailedCount) VALUES (N'06098b9b-2a53-4bca-81fa-81e8e1befc47', N'The Growth Co QA', N'1.1.3.', N'1.1.3.', N'The Growth Co', null, 1, 0, N'Password123!', N'34567', null, 1, N'0001-01-01 00:00:00.0000000', null, N'2024-07-24 11:57:12.5783485', @CreatedUserId, N'2024-07-24 11:57:19.0224921', @CreatedUserId, N'TheGrowthCo.qa@thegrowthco.org', N'THEGROWTHCO.QA@THEGROWTHCO.ORG', N'TheGrowthCo.qa@thegrowthco.org', N'THEGROWTHCO.QA@THEGROWTHCO.ORG', 1, N'AQAAAAIAAYagAAAAEJLU13hAItHxI8uydQo2s4oyI0V2RfHLsPCdgjMJfSS1HGmcYn0m30UVoeAmZK4kSQ==', N'3P6HNDWZBSLWTHWXQSRDA4BBOATT3C5P', N'2c100a71-4487-44cd-9a18-82fbb541dfcb', N'7777777777777', 0, 0, null, 1, 0);
    INSERT INTO [Identity].[User] (Id, DisplayName, ProviderId, TenantId, TenantName, ProfilePictureDataUrl, IsActive, IsLive, MemorablePlace, MemorableDate, RefreshToken, RequiresPasswordReset, RefreshTokenExpiryTime, SuperiorId, Created, CreatedBy, LastModified, LastModifiedBy, UserName, NormalizedUserName, Email, NormalizedEmail, EmailConfirmed, PasswordHash, SecurityStamp, ConcurrencyStamp, PhoneNumber, PhoneNumberConfirmed, TwoFactorEnabled, LockoutEnd, LockoutEnabled, AccessFailedCount) VALUES (N'08cdee0b-a6c2-4c5a-8ebe-2cff53789052', N'ForcesEmploymentCharity_NE QA', N'1.1.2.1.3.', N'1.1.2.1.3.', N'ForcesEmploymentCharity_NE', null, 1, 0, N'Password123!', N'123456', null, 1, N'0001-01-01 00:00:00.0000000', null, N'2024-07-24 11:46:50.6051411', @CreatedUserId, N'2024-07-24 11:52:11.9337551', @CreatedUserId, N'ForcesEmploymentCharity_NE.qa@forcesemploymentcharity_ne.org', N'FORCESEMPLOYMENTCHARITY_NE.QA@FORCESEMPLOYMENTCHARITY_NE.ORG', N'ForcesEmploymentCharity_NE.qa@forcesemploymentcharity_ne.org', N'FORCESEMPLOYMENTCHARITY_NE.QA@FORCESEMPLOYMENTCHARITY_NE.ORG', 1, N'AQAAAAIAAYagAAAAEBFH1P/3dd6LVZBakn6hSXo3Av73RJ9wvMBxQ+RpwZDbpgK3IZFXdLukApXbIFmB/g==', N'A7DHEUYCCR25OJFSGGOTWKUGCTDGAMVP', N'74ea8d55-590f-4a59-bf1a-989421030bfe', N'2372024', 0, 0, null, 1, 0);
    INSERT INTO [Identity].[User] (Id, DisplayName, ProviderId, TenantId, TenantName, ProfilePictureDataUrl, IsActive, IsLive, MemorablePlace, MemorableDate, RefreshToken, RequiresPasswordReset, RefreshTokenExpiryTime, SuperiorId, Created, CreatedBy, LastModified, LastModifiedBy, UserName, NormalizedUserName, Email, NormalizedEmail, EmailConfirmed, PasswordHash, SecurityStamp, ConcurrencyStamp, PhoneNumber, PhoneNumberConfirmed, TwoFactorEnabled, LockoutEnd, LockoutEnabled, AccessFailedCount) VALUES (N'0df50dc3-8acf-49f6-9509-92793bf0fdfa', N'Igneus_WM QA', N'1.1.2.2.1.', N'1.1.2.2.1.', N'Igneus_WM', null, 1, 0, N'mmN40*o2R.MK', N'14/03/90', null, 1, N'0001-01-01 00:00:00.0000000', null, N'2024-07-24 12:13:44.7626520', @CreatedUserId, N'2024-07-24 12:14:21.1300286', @CreatedUserId, N'Igneus_WM.qa@igneus_wm.org', N'IGNEUS_WM.QA@IGNEUS_WM.ORG', N'Igneus_WM.qa@igneus_wm.org', N'IGNEUS_WM.QA@IGNEUS_WM.ORG', 1, N'AQAAAAIAAYagAAAAEPrWTg6Oejqc4zFs39Mt4XAOV+kJPnNmF9Z7jLicYK0xsrxDWpv/VWWRssNYYrjmKA==', N'KI6WHA7XHS67OYCKYXVABJBTFHKOLPVK', N'0225934e-d375-49ec-93d9-e75777295d3d', N'07983260902', 0, 0, null, 1, 0);
    INSERT INTO [Identity].[User] (Id, DisplayName, ProviderId, TenantId, TenantName, ProfilePictureDataUrl, IsActive, IsLive, MemorablePlace, MemorableDate, RefreshToken, RequiresPasswordReset, RefreshTokenExpiryTime, SuperiorId, Created, CreatedBy, LastModified, LastModifiedBy, UserName, NormalizedUserName, Email, NormalizedEmail, EmailConfirmed, PasswordHash, SecurityStamp, ConcurrencyStamp, PhoneNumber, PhoneNumberConfirmed, TwoFactorEnabled, LockoutEnd, LockoutEnabled, AccessFailedCount) VALUES (N'0fd39c10-9c58-4390-8486-8d1e8d8736c9', N'Reed User', N'1.1.5.', N'1.1.5.', N'Reed', null, 1, 0, N'Password123!', N'457896', null, 1, N'0001-01-01 00:00:00.0000000', null, N'2024-07-24 12:06:27.0809905', @CreatedUserId, N'2024-07-24 12:06:59.1739853', @CreatedUserId, N'Reed.user@reed.org', N'REED.USER@REED.ORG', N'Reed.user@reed.org', N'REED.USER@REED.ORG', 1, N'AQAAAAIAAYagAAAAEDRa4JfoO5D/YWCbZmK+/ajwuV9lDCjv1Q0TACqPaEVoEl2tZ5p7WTMR+dhT0rkNWw==', N'6ZE5FLWXB7I3PWG5QEVX546GTDDIVFMQ', N'56acd515-4b64-4d82-88cf-c711aa0291a8', N'0745896532', 0, 0, null, 1, 0);
    INSERT INTO [Identity].[User] (Id, DisplayName, ProviderId, TenantId, TenantName, ProfilePictureDataUrl, IsActive, IsLive, MemorablePlace, MemorableDate, RefreshToken, RequiresPasswordReset, RefreshTokenExpiryTime, SuperiorId, Created, CreatedBy, LastModified, LastModifiedBy, UserName, NormalizedUserName, Email, NormalizedEmail, EmailConfirmed, PasswordHash, SecurityStamp, ConcurrencyStamp, PhoneNumber, PhoneNumberConfirmed, TwoFactorEnabled, LockoutEnd, LockoutEnabled, AccessFailedCount) VALUES (N'1113c865-21f4-43c2-a03d-b7936da3b18b', N'CFO QA Manager', N'1.1.', N'1.1.', N'CFO Evolution', null, 1, 0, N'dsfsdf', N'sddsdfsdfs', null, 0, N'0001-01-01 00:00:00.0000000', null, N'2024-07-18 09:47:04.8211348', @CreatedUserId, N'2024-07-18 09:55:30.1500776', null, N'qa.manager@justice.gov.uk', N'QA.MANAGER@JUSTICE.GOV.UK', N'qa.manager@justice.gov.uk', N'QA.MANAGER@JUSTICE.GOV.UK', 1, N'AQAAAAIAAYagAAAAEA9UJWA46Xs8GwIvHSLSVo/flgsDq633xN0qy4UXPuPnTuM/MFLTl0c0jEwV7GDaLw==', N'4FIG7VHOXML4KSETLIGMRIMRIUEURCT7', N'90dfdac5-85ef-449a-8396-5bd72ce88f90', null, 0, 0, null, 1, 0);
    INSERT INTO [Identity].[User] (Id, DisplayName, ProviderId, TenantId, TenantName, ProfilePictureDataUrl, IsActive, IsLive, MemorablePlace, MemorableDate, RefreshToken, RequiresPasswordReset, RefreshTokenExpiryTime, SuperiorId, Created, CreatedBy, LastModified, LastModifiedBy, UserName, NormalizedUserName, Email, NormalizedEmail, EmailConfirmed, PasswordHash, SecurityStamp, ConcurrencyStamp, PhoneNumber, PhoneNumberConfirmed, TwoFactorEnabled, LockoutEnd, LockoutEnabled, AccessFailedCount) VALUES (N'13a3fb8c-ee5a-47fa-acf7-d3430a6c66fc', N'London Contract QA', N'1.1.5.1.', N'1.1.5.1.', N'London Contract', null, 1, 0, N'Password123!', N'124589', null, 1, N'0001-01-01 00:00:00.0000000', null, N'2024-07-24 12:08:35.3437764', @CreatedUserId, N'2024-07-24 12:08:46.6916341', @CreatedUserId, N'LondonContract.qa@londoncontract.org', N'LONDONCONTRACT.QA@LONDONCONTRACT.ORG', N'LondonContract.qa@londoncontract.org', N'LONDONCONTRACT.QA@LONDONCONTRACT.ORG', 1, N'AQAAAAIAAYagAAAAEG8/DzjiWQfu0/BJh1LSbhbG4TEhX/xy+h7Bmjix66gHfXzOPqxRrLsVkK0yHWs/mw==', N'QMO7W6JBTAWH2XJOUZDW5WF7YMPTWODR', N'5df9e87a-e3da-449b-8e87-3f2896ce5fde', N'07412589632', 0, 0, null, 1, 0);
    INSERT INTO [Identity].[User] (Id, DisplayName, ProviderId, TenantId, TenantName, ProfilePictureDataUrl, IsActive, IsLive, MemorablePlace, MemorableDate, RefreshToken, RequiresPasswordReset, RefreshTokenExpiryTime, SuperiorId, Created, CreatedBy, LastModified, LastModifiedBy, UserName, NormalizedUserName, Email, NormalizedEmail, EmailConfirmed, PasswordHash, SecurityStamp, ConcurrencyStamp, PhoneNumber, PhoneNumberConfirmed, TwoFactorEnabled, LockoutEnd, LockoutEnabled, AccessFailedCount) VALUES (N'179652cd-9284-4606-aec6-fd2de1df4a52', N'West Midlands Contract User', N'1.1.2.2.', N'1.1.2.2.', N'West Midlands Contract', null, 1, 0, N'Password123!', N'214365', null, 1, N'0001-01-01 00:00:00.0000000', null, N'2024-07-24 11:57:27.7866896', @CreatedUserId, N'2024-07-24 11:57:40.2586871', @CreatedUserId, N'WestMidlandsContract.user@westmidlandscontract.org', N'WESTMIDLANDSCONTRACT.USER@WESTMIDLANDSCONTRACT.ORG', N'WestMidlandsContract.user@westmidlandscontract.org', N'WESTMIDLANDSCONTRACT.USER@WESTMIDLANDSCONTRACT.ORG', 1, N'AQAAAAIAAYagAAAAEG8t5jkCHep3TWY093J/1IEPP7PIQHA1PV1cR4aX0jpB3/78CzDzgLUIPwl5n8hAGg==', N'VERWGITYSALKMN264HWRIJYGAZBWXM7S', N'65d10fc0-2d0e-4ee5-a905-e4c4fab41201', N'567890', 0, 0, null, 1, 0);
    INSERT INTO [Identity].[User] (Id, DisplayName, ProviderId, TenantId, TenantName, ProfilePictureDataUrl, IsActive, IsLive, MemorablePlace, MemorableDate, RefreshToken, RequiresPasswordReset, RefreshTokenExpiryTime, SuperiorId, Created, CreatedBy, LastModified, LastModifiedBy, UserName, NormalizedUserName, Email, NormalizedEmail, EmailConfirmed, PasswordHash, SecurityStamp, ConcurrencyStamp, PhoneNumber, PhoneNumberConfirmed, TwoFactorEnabled, LockoutEnd, LockoutEnabled, AccessFailedCount) VALUES (N'1dc6cb91-8365-4548-af47-839a89085786', N'StGiles_YH User', N'1.1.3.1.3.', N'1.1.3.1.3.', N'StGiles_YH', null, 1, 0, N'mmN40*o2R.MK', N'13/10/98', null, 1, N'0001-01-01 00:00:00.0000000', null, N'2024-07-24 12:06:06.2990514', @CreatedUserId, N'2024-07-24 12:06:16.3648549', @CreatedUserId, N'StGiles_YH.user@stgiles_yh.org', N'STGILES_YH.USER@STGILES_YH.ORG', N'StGiles_YH.user@stgiles_yh.org', N'STGILES_YH.USER@STGILES_YH.ORG', 1, N'AQAAAAIAAYagAAAAEIcXCMraJGyFMIBBYHsFoqLjlh12mnS/F1EZOPA3eu9cfF8ZFmRwKThM11vkcJXS6Q==', N'D7QCAL2DX6XVCPXDIKEGGNV5U55EJQCG', N'd23b2732-602c-45d6-90bc-00cf84fe078d', N'01414234456', 0, 0, null, 1, 0);
    INSERT INTO [Identity].[User] (Id, DisplayName, ProviderId, TenantId, TenantName, ProfilePictureDataUrl, IsActive, IsLive, MemorablePlace, MemorableDate, RefreshToken, RequiresPasswordReset, RefreshTokenExpiryTime, SuperiorId, Created, CreatedBy, LastModified, LastModifiedBy, UserName, NormalizedUserName, Email, NormalizedEmail, EmailConfirmed, PasswordHash, SecurityStamp, ConcurrencyStamp, PhoneNumber, PhoneNumberConfirmed, TwoFactorEnabled, LockoutEnd, LockoutEnabled, AccessFailedCount) VALUES (@CreatedUserId, N'System Support', N'1.', N'1.', N'CFO', null, 1, 0, N'sdfjkhsdkjfh', N'sjkdhfsdkjhsfdkjh', null, 0, N'0001-01-01 00:00:00.0000000', null, N'2024-07-18 09:44:06.3118132', @CreatedUserId, N'2024-07-18 09:53:15.4328414', null, N'system.support@justice.gov.uk', N'SYSTEM.SUPPORT@JUSTICE.GOV.UK', N'system.support@justice.gov.uk', N'SYSTEM.SUPPORT@JUSTICE.GOV.UK', 1, N'AQAAAAIAAYagAAAAEHSya2/M04HCehtcjHtdXSfyE+bbJBO+RTHHI5/AkofucmxMpe2I1knaWno0/w5wPg==', N'VISGGOKJ4OF6KIN4MHWNHVVL22TD3Q4V', N'2d902b3a-222b-4c6c-b83c-c09a2cad8605', null, 0, 0, null, 1, 0);
    INSERT INTO [Identity].[User] (Id, DisplayName, ProviderId, TenantId, TenantName, ProfilePictureDataUrl, IsActive, IsLive, MemorablePlace, MemorableDate, RefreshToken, RequiresPasswordReset, RefreshTokenExpiryTime, SuperiorId, Created, CreatedBy, LastModified, LastModifiedBy, UserName, NormalizedUserName, Email, NormalizedEmail, EmailConfirmed, PasswordHash, SecurityStamp, ConcurrencyStamp, PhoneNumber, PhoneNumberConfirmed, TwoFactorEnabled, LockoutEnd, LockoutEnabled, AccessFailedCount) VALUES (N'2c4343a8-50c1-4338-b1f5-c552a68beb5b', N'ChangingLives_WM QA', N'1.1.2.2.3.', N'1.1.2.2.3.', N'ChangingLives_WM', null, 1, 0, N'Password123!', N'1234', null, 1, N'0001-01-01 00:00:00.0000000', null, N'2024-07-24 11:44:56.8407377', @CreatedUserId, N'2024-07-24 11:45:07.5604377', @CreatedUserId, N'ChangingLives_WM.qa@changinglives_wm.org', N'CHANGINGLIVES_WM.QA@CHANGINGLIVES_WM.ORG', N'ChangingLives_WM.qa@changinglives_wm.org', N'CHANGINGLIVES_WM.QA@CHANGINGLIVES_WM.ORG', 1, N'AQAAAAIAAYagAAAAEKW1J4cNiXZP6k5AYwgEgcKD7wgog6LW/duG+DWaYly7iC7o0G+QfcWkhbucbV1mvQ==', N'ZNPCXQIZPKQF6U4ORHK2GMJCIBL6B4AP', N'3c3faae0-5877-47d8-a145-5da0adbd478c', N'12345678', 0, 0, null, 1, 0);
    INSERT INTO [Identity].[User] (Id, DisplayName, ProviderId, TenantId, TenantName, ProfilePictureDataUrl, IsActive, IsLive, MemorablePlace, MemorableDate, RefreshToken, RequiresPasswordReset, RefreshTokenExpiryTime, SuperiorId, Created, CreatedBy, LastModified, LastModifiedBy, UserName, NormalizedUserName, Email, NormalizedEmail, EmailConfirmed, PasswordHash, SecurityStamp, ConcurrencyStamp, PhoneNumber, PhoneNumberConfirmed, TwoFactorEnabled, LockoutEnd, LockoutEnabled, AccessFailedCount) VALUES (N'2fe21b83-49ce-4448-9a99-918d26f8571f', N'ShawTrust_EE QA', N'1.1.4.1.1.', N'1.1.4.1.1.', N'ShawTrust_EE', null, 1, 0, N'Password123!', N'w53535', null, 1, N'0001-01-01 00:00:00.0000000', null, N'2024-07-24 12:08:38.4963066', @CreatedUserId, N'2024-07-24 12:09:15.3477901', @CreatedUserId, N'ShawTrust_EE.qa@shawtrust_ee.org', N'SHAWTRUST_EE.QA@SHAWTRUST_EE.ORG', N'ShawTrust_EE.qa@shawtrust_ee.org', N'SHAWTRUST_EE.QA@SHAWTRUST_EE.ORG', 1, N'AQAAAAIAAYagAAAAEP05XSxU7iV9GpW0A6To+rquZ81EQWQ0B6VrTfUBmyIqMGEPsxIN5nXmyZGrQUBh3A==', N'NSRZD62N5SN7GKUIYXGEHT5PT44CBLCI', N'4500cff0-ddac-4602-85d4-102871348a69', N'2334568986578', 0, 0, null, 1, 0);
    INSERT INTO [Identity].[User] (Id, DisplayName, ProviderId, TenantId, TenantName, ProfilePictureDataUrl, IsActive, IsLive, MemorablePlace, MemorableDate, RefreshToken, RequiresPasswordReset, RefreshTokenExpiryTime, SuperiorId, Created, CreatedBy, LastModified, LastModifiedBy, UserName, NormalizedUserName, Email, NormalizedEmail, EmailConfirmed, PasswordHash, SecurityStamp, ConcurrencyStamp, PhoneNumber, PhoneNumberConfirmed, TwoFactorEnabled, LockoutEnd, LockoutEnabled, AccessFailedCount) VALUES (N'31bfbd95-fac0-4413-9388-59e344d70c39', N'North East Contract QA', N'1.1.2.1.', N'1.1.2.1.', N'North East Contract', null, 1, 0, N'Password123!', N'77895423', null, 1, N'0001-01-01 00:00:00.0000000', null, N'2024-07-24 11:46:22.7499481', @CreatedUserId, N'2024-07-24 11:46:39.5483645', @CreatedUserId, N'NorthEastContract.qa@northeastcontract.org', N'NORTHEASTCONTRACT.QA@NORTHEASTCONTRACT.ORG', N'NorthEastContract.qa@northeastcontract.org', N'NORTHEASTCONTRACT.QA@NORTHEASTCONTRACT.ORG', 1, N'AQAAAAIAAYagAAAAEHA1BgPp0UHhzUKaWMFJRvZvsMNKFwnPxImE3bMznY4Eq6Fr6ZhOqnJ+mqrjJjHiFg==', N'FPPEN47ZRDFCGVNDRDQUINJ2I7IKTN6H', N'7fdbeb6c-d2f9-4381-9969-879f7bba9fd9', N'07213215623', 0, 0, null, 1, 0);
    INSERT INTO [Identity].[User] (Id, DisplayName, ProviderId, TenantId, TenantName, ProfilePictureDataUrl, IsActive, IsLive, MemorablePlace, MemorableDate, RefreshToken, RequiresPasswordReset, RefreshTokenExpiryTime, SuperiorId, Created, CreatedBy, LastModified, LastModifiedBy, UserName, NormalizedUserName, Email, NormalizedEmail, EmailConfirmed, PasswordHash, SecurityStamp, ConcurrencyStamp, PhoneNumber, PhoneNumberConfirmed, TwoFactorEnabled, LockoutEnd, LockoutEnabled, AccessFailedCount) VALUES (N'31c433ea-6392-4343-8d4d-c90e11ae9a96', N'Reed QA', N'1.1.5.', N'1.1.5.', N'Reed', null, 1, 0, N'Password123!', N'45458651', null, 1, N'0001-01-01 00:00:00.0000000', null, N'2024-07-24 12:05:05.4568741', @CreatedUserId, N'2024-07-24 12:05:17.7071168', @CreatedUserId, N'Reed.qa@reed.org', N'REED.QA@REED.ORG', N'Reed.qa@reed.org', N'REED.QA@REED.ORG', 1, N'AQAAAAIAAYagAAAAEAN9ZWNoOypccu0FK9WvwDLmi1KOHzM9WZ8Gc2Mj5Gm4eFVUJkjAcz/luBG1/c4FwA==', N'H27XMEQG77XPRTYZQV3665JTWLE7MJBM', N'b3199b29-86c7-4966-a969-9f33c5c8d1be', N'07458213569', 0, 0, null, 1, 0);
    INSERT INTO [Identity].[User] (Id, DisplayName, ProviderId, TenantId, TenantName, ProfilePictureDataUrl, IsActive, IsLive, MemorablePlace, MemorableDate, RefreshToken, RequiresPasswordReset, RefreshTokenExpiryTime, SuperiorId, Created, CreatedBy, LastModified, LastModifiedBy, UserName, NormalizedUserName, Email, NormalizedEmail, EmailConfirmed, PasswordHash, SecurityStamp, ConcurrencyStamp, PhoneNumber, PhoneNumberConfirmed, TwoFactorEnabled, LockoutEnd, LockoutEnabled, AccessFailedCount) VALUES (N'3289fd04-959c-4615-b5ac-5752e21f1797', N'ChangingLives_WM User', N'1.1.2.2.3.', N'1.1.2.2.3.', N'ChangingLives_WM', null, 1, 0, N'Password123!', N'1235', null, 1, N'0001-01-01 00:00:00.0000000', null, N'2024-07-24 11:46:10.7432804', @CreatedUserId, N'2024-07-24 11:46:17.9438172', @CreatedUserId, N'ChangingLives_WM.user@changinglives_wm.org', N'CHANGINGLIVES_WM.USER@CHANGINGLIVES_WM.ORG', N'ChangingLives_WM.user@changinglives_wm.org', N'CHANGINGLIVES_WM.USER@CHANGINGLIVES_WM.ORG', 1, N'AQAAAAIAAYagAAAAEDUZmW1cNiOg72bMw05mH2sSMNw0p0m+eKjQf4xBSUDRHqJEFaiv/yuufrMQ6QH1dA==', N'66XNPP6GC7TSUW4G3IQSRY5K2T7ZFVLV', N'b866e0b5-194a-4131-a51a-7ad86486a5c0', N'01925423444', 0, 0, null, 1, 0);
    INSERT INTO [Identity].[User] (Id, DisplayName, ProviderId, TenantId, TenantName, ProfilePictureDataUrl, IsActive, IsLive, MemorablePlace, MemorableDate, RefreshToken, RequiresPasswordReset, RefreshTokenExpiryTime, SuperiorId, Created, CreatedBy, LastModified, LastModifiedBy, UserName, NormalizedUserName, Email, NormalizedEmail, EmailConfirmed, PasswordHash, SecurityStamp, ConcurrencyStamp, PhoneNumber, PhoneNumberConfirmed, TwoFactorEnabled, LockoutEnd, LockoutEnabled, AccessFailedCount) VALUES (N'3363a0da-a5fc-493c-9d07-283a4da236cb', N'East Midlands Contract User', N'1.1.2.3.', N'1.1.2.3.', N'East Midlands Contract', null, 1, 0, N'Password123!', N'12345', null, 1, N'0001-01-01 00:00:00.0000000', null, N'2024-07-24 11:50:51.3404630', @CreatedUserId, N'2024-07-24 11:50:58.5793582', @CreatedUserId, N'EastMidlandsContract.user@eastmidlandscontract.org', N'EASTMIDLANDSCONTRACT.USER@EASTMIDLANDSCONTRACT.ORG', N'EastMidlandsContract.user@eastmidlandscontract.org', N'EASTMIDLANDSCONTRACT.USER@EASTMIDLANDSCONTRACT.ORG', 1, N'AQAAAAIAAYagAAAAEKQEZH2xBoU22UwWmzFT9PkcrnpzOy3MLpks+Gjh9h/5a8N0/6CwBPtEqqsWMFeHDQ==', N'DAKYZ46L6SI2DJOU7R7XM2DRR6U66E3W', N'dbfd5c23-8bf2-45e5-b216-b24e18f14923', N'44444444444', 0, 0, null, 1, 0);
    INSERT INTO [Identity].[User] (Id, DisplayName, ProviderId, TenantId, TenantName, ProfilePictureDataUrl, IsActive, IsLive, MemorablePlace, MemorableDate, RefreshToken, RequiresPasswordReset, RefreshTokenExpiryTime, SuperiorId, Created, CreatedBy, LastModified, LastModifiedBy, UserName, NormalizedUserName, Email, NormalizedEmail, EmailConfirmed, PasswordHash, SecurityStamp, ConcurrencyStamp, PhoneNumber, PhoneNumberConfirmed, TwoFactorEnabled, LockoutEnd, LockoutEnabled, AccessFailedCount) VALUES (N'430342b3-fc19-49ba-bbf9-6380878bca49', N'Shaw Trust User', N'1.1.4.', N'1.1.4.', N'Shaw Trust', null, 1, 0, N'mmN40*o2R.MK', N'06/06/20', null, 1, N'0001-01-01 00:00:00.0000000', null, N'2024-07-24 12:09:54.0245191', @CreatedUserId, N'2024-07-24 12:10:12.3804091', @CreatedUserId, N'ShawTrust.user@shawtrust.org', N'SHAWTRUST.USER@SHAWTRUST.ORG', N'ShawTrust.user@shawtrust.org', N'SHAWTRUST.USER@SHAWTRUST.ORG', 1, N'AQAAAAIAAYagAAAAEOezkai+nOLBYl/uUn5fmEZ3NNkHYG7JN9ghR8b3xkRgzSqNfzlyHy8JuM/nkeYDgw==', N'IK2Y5VNHTXOG7NY7SGFUL7I6CNJLJECM', N'cab7a924-2024-472c-97d5-f37e8e62211c', N'01514241779', 0, 0, null, 1, 0);
    INSERT INTO [Identity].[User] (Id, DisplayName, ProviderId, TenantId, TenantName, ProfilePictureDataUrl, IsActive, IsLive, MemorablePlace, MemorableDate, RefreshToken, RequiresPasswordReset, RefreshTokenExpiryTime, SuperiorId, Created, CreatedBy, LastModified, LastModifiedBy, UserName, NormalizedUserName, Email, NormalizedEmail, EmailConfirmed, PasswordHash, SecurityStamp, ConcurrencyStamp, PhoneNumber, PhoneNumberConfirmed, TwoFactorEnabled, LockoutEnd, LockoutEnabled, AccessFailedCount) VALUES (N'4772fd06-ff8e-4745-8da2-fd97cd45b1f4', N'South East Contract User', N'1.1.4.2.', N'1.1.4.2.', N'South East Contract', null, 1, 0, N'Password123!', N'12458963', null, 1, N'0001-01-01 00:00:00.0000000', null, N'2024-07-24 12:00:00.3500421', @CreatedUserId, N'2024-07-24 12:00:18.1256933', @CreatedUserId, N'SouthEastContract.user@southeastcontract.org', N'SOUTHEASTCONTRACT.USER@SOUTHEASTCONTRACT.ORG', N'SouthEastContract.user@southeastcontract.org', N'SOUTHEASTCONTRACT.USER@SOUTHEASTCONTRACT.ORG', 1, N'AQAAAAIAAYagAAAAEKK7ppJsM8vLLv/ToDQyhRFC9FG60ODOpjByPmpOlWj1DyVN2d2ly835+SF9Mk+0ng==', N'D5EQJ5WLJZH7CKVO55PHAYHCQHNLZNNM', N'fd160404-2c47-4823-ac3e-46c2366f0302', N'07458956234', 0, 0, null, 1, 0);
    INSERT INTO [Identity].[User] (Id, DisplayName, ProviderId, TenantId, TenantName, ProfilePictureDataUrl, IsActive, IsLive, MemorablePlace, MemorableDate, RefreshToken, RequiresPasswordReset, RefreshTokenExpiryTime, SuperiorId, Created, CreatedBy, LastModified, LastModifiedBy, UserName, NormalizedUserName, Email, NormalizedEmail, EmailConfirmed, PasswordHash, SecurityStamp, ConcurrencyStamp, PhoneNumber, PhoneNumberConfirmed, TwoFactorEnabled, LockoutEnd, LockoutEnabled, AccessFailedCount) VALUES (N'484bb01b-ad4f-46f0-a2b0-2697b2dbaa51', N'AWayOut_WM QA', N'1.1.2.2.2.', N'1.1.2.2.2.', N'AWayOut_WM', null, 1, 0, N'home', N'121212', null, 1, N'0001-01-01 00:00:00.0000000', null, N'2024-07-24 11:41:53.7973164', @CreatedUserId, N'2024-07-24 11:42:06.2817806', @CreatedUserId, N'AWayOut_WM.qa@awayout_wm.org', N'AWAYOUT_WM.QA@AWAYOUT_WM.ORG', N'AWayOut_WM.qa@awayout_wm.org', N'AWAYOUT_WM.QA@AWAYOUT_WM.ORG', 1, N'AQAAAAIAAYagAAAAENtLvReK40ptKeftMm7PDr6xDa/iVlD08Tm7gMXNJUCgEAg3K2KtrlcAmRY1DCURZw==', N'SAEWQAGIJLQKDJFFE4YJHNPMK7YQBOUU', N'c9724446-fef5-40bc-a977-c4361fe8826e', N'077123123123', 0, 0, null, 1, 0);
    INSERT INTO [Identity].[User] (Id, DisplayName, ProviderId, TenantId, TenantName, ProfilePictureDataUrl, IsActive, IsLive, MemorablePlace, MemorableDate, RefreshToken, RequiresPasswordReset, RefreshTokenExpiryTime, SuperiorId, Created, CreatedBy, LastModified, LastModifiedBy, UserName, NormalizedUserName, Email, NormalizedEmail, EmailConfirmed, PasswordHash, SecurityStamp, ConcurrencyStamp, PhoneNumber, PhoneNumberConfirmed, TwoFactorEnabled, LockoutEnd, LockoutEnabled, AccessFailedCount) VALUES (N'4b1e5381-c681-4983-9103-59988eff06ce', N'ForcesEmploymentCharity_NE User', N'1.1.2.1.3.', N'1.1.2.1.3.', N'ForcesEmploymentCharity_NE', null, 1, 0, N'Password123!', N'5898953289', null, 0, N'0001-01-01 00:00:00.0000000', null, N'2024-07-24 11:51:45.2219372', @CreatedUserId, null, null, N'ForcesEmploymentCharity_NE.user@forcesemploymentcharity_ne.org', N'FORCESEMPLOYMENTCHARITY_NE.USER@FORCESEMPLOYMENTCHARITY_NE.ORG', N'ForcesEmploymentCharity_NE.user@forcesemploymentcharity_ne.org', N'FORCESEMPLOYMENTCHARITY_NE.USER@FORCESEMPLOYMENTCHARITY_NE.ORG', 1, null, N'SZI7VN5A5PSUAACSYUSYD3U7BUKQEUKI', N'ba869902-ca9c-4a53-a7db-9a60b865adbb', null, 0, 0, null, 1, 0);
    INSERT INTO [Identity].[User] (Id, DisplayName, ProviderId, TenantId, TenantName, ProfilePictureDataUrl, IsActive, IsLive, MemorablePlace, MemorableDate, RefreshToken, RequiresPasswordReset, RefreshTokenExpiryTime, SuperiorId, Created, CreatedBy, LastModified, LastModifiedBy, UserName, NormalizedUserName, Email, NormalizedEmail, EmailConfirmed, PasswordHash, SecurityStamp, ConcurrencyStamp, PhoneNumber, PhoneNumberConfirmed, TwoFactorEnabled, LockoutEnd, LockoutEnabled, AccessFailedCount) VALUES (N'4fd7010f-4c76-4e30-8222-3f2f6a106154', N'Igneus_WM User', N'1.1.2.2.1.', N'1.1.2.2.1.', N'Igneus_WM', null, 1, 0, N'mmN40*o2R.MK', N'16/09/1985', null, 1, N'0001-01-01 00:00:00.0000000', null, N'2024-07-24 12:15:37.6592693', @CreatedUserId, N'2024-07-24 12:16:00.4542698', @CreatedUserId, N'Igneus_WM.user@igneus_wm.org', N'IGNEUS_WM.USER@IGNEUS_WM.ORG', N'Igneus_WM.user@igneus_wm.org', N'IGNEUS_WM.USER@IGNEUS_WM.ORG', 1, N'AQAAAAIAAYagAAAAEK7GqOYi04RLa7k0PkVMPZucN2Qgi1XKwuPy8Xdxws8GGKEE/WvHQQ/AyhfdyQPQgw==', N'DQSTGUIGBAY27ULH6T2RTHX2RC4N2DPB', N'b31ba6c6-f444-41c7-ab69-bd3ba27dcfe1', N'01606592628', 0, 0, null, 1, 0);
    INSERT INTO [Identity].[User] (Id, DisplayName, ProviderId, TenantId, TenantName, ProfilePictureDataUrl, IsActive, IsLive, MemorablePlace, MemorableDate, RefreshToken, RequiresPasswordReset, RefreshTokenExpiryTime, SuperiorId, Created, CreatedBy, LastModified, LastModifiedBy, UserName, NormalizedUserName, Email, NormalizedEmail, EmailConfirmed, PasswordHash, SecurityStamp, ConcurrencyStamp, PhoneNumber, PhoneNumberConfirmed, TwoFactorEnabled, LockoutEnd, LockoutEnabled, AccessFailedCount) VALUES (N'579e92f6-80c4-4578-8902-fa71709c25c8', N'Achieve_NW QA', N'1.1.1.1.1.', N'1.1.1.1.1.', N'Achieve_NW', null, 1, 0, N'gkjgkjgdgd', N'125896', null, 1, N'0001-01-01 00:00:00.0000000', null, N'2024-07-24 11:37:09.8404400', @CreatedUserId, N'2024-07-24 11:38:52.2380223', null, N'Achieve_NW.qa@achieve_nw.org', N'ACHIEVE_NW.QA@ACHIEVE_NW.ORG', N'Achieve_NW.qa@achieve_nw.org', N'ACHIEVE_NW.QA@ACHIEVE_NW.ORG', 1, N'AQAAAAIAAYagAAAAELjA7Q338OEt7nLbHBZatNSgXU/6xlQcBqWaYYYc4kYCwX+Ikj6Gy2dkRO4uYNjJBA==', N'HHQ6RN4EZC3NR6DOBHALGVEMN6P2CQEL', N'f70ff513-d055-43f6-a04c-d143031965fc', N'07114355621', 0, 0, null, 1, 0);
    INSERT INTO [Identity].[User] (Id, DisplayName, ProviderId, TenantId, TenantName, ProfilePictureDataUrl, IsActive, IsLive, MemorablePlace, MemorableDate, RefreshToken, RequiresPasswordReset, RefreshTokenExpiryTime, SuperiorId, Created, CreatedBy, LastModified, LastModifiedBy, UserName, NormalizedUserName, Email, NormalizedEmail, EmailConfirmed, PasswordHash, SecurityStamp, ConcurrencyStamp, PhoneNumber, PhoneNumberConfirmed, TwoFactorEnabled, LockoutEnd, LockoutEnabled, AccessFailedCount) VALUES (N'59aeb2bf-d425-4c97-a9db-f608c4f0b742', N'system.support@justice.gov.uk', N'1.1.6.1.', N'1.1.6.1.', N'South West Contract', null, 1, 0, N'Password123!', N'785634', null, 1, N'0001-01-01 00:00:00.0000000', null, N'2024-07-24 12:14:46.5430797', @CreatedUserId, N'2024-07-24 12:15:20.5541593', @CreatedUserId, N'SouthWestContract.user@southwestcontract.org', N'SOUTHWESTCONTRACT.USER@SOUTHWESTCONTRACT.ORG', N'SouthWestContract.user@southwestcontract.org', N'SOUTHWESTCONTRACT.USER@SOUTHWESTCONTRACT.ORG', 1, N'AQAAAAIAAYagAAAAEK4cyFY7v1moHaCz23DrjjHNA6oJO+hrWkJA/oT94PMpqUJCYufqq0+JmYV6Wgnb0g==', N'J4X72KCPV7IGAD3J2OOF7BZWCLNPJYMG', N'a97d55ff-0cde-4a92-ad1f-87d962ff5186', N'754356', 0, 0, null, 1, 0);
    INSERT INTO [Identity].[User] (Id, DisplayName, ProviderId, TenantId, TenantName, ProfilePictureDataUrl, IsActive, IsLive, MemorablePlace, MemorableDate, RefreshToken, RequiresPasswordReset, RefreshTokenExpiryTime, SuperiorId, Created, CreatedBy, LastModified, LastModifiedBy, UserName, NormalizedUserName, Email, NormalizedEmail, EmailConfirmed, PasswordHash, SecurityStamp, ConcurrencyStamp, PhoneNumber, PhoneNumberConfirmed, TwoFactorEnabled, LockoutEnd, LockoutEnabled, AccessFailedCount) VALUES (N'5b8f7ea7-8a24-48e5-929c-873a70281212', N'ShawTrust_LND User', N'1.1.5.1.2.', N'1.1.5.1.2.', N'ShawTrust_LND', null, 1, 0, N'Password123!', N'896745', null, 1, N'0001-01-01 00:00:00.0000000', null, N'2024-07-24 12:05:48.8029722', @CreatedUserId, N'2024-07-24 12:06:46.6855621', @CreatedUserId, N'ShawTrust_LND.user@shawtrust_lnd.org', N'SHAWTRUST_LND.USER@SHAWTRUST_LND.ORG', N'ShawTrust_LND.user@shawtrust_lnd.org', N'SHAWTRUST_LND.USER@SHAWTRUST_LND.ORG', 1, N'AQAAAAIAAYagAAAAEBwx9+1OCZxxgOYDULyNkC41egYWzfzaKV9UpoSbxHVdZSp1/kFWsVs4M7lNVwdHFw==', N'ZPKVPSU35YY333FHDXRPB5AMO7PZZ45A', N'80a16f72-9511-4a79-af07-b0172c7e19be', N'876543', 0, 0, null, 1, 0);
    INSERT INTO [Identity].[User] (Id, DisplayName, ProviderId, TenantId, TenantName, ProfilePictureDataUrl, IsActive, IsLive, MemorablePlace, MemorableDate, RefreshToken, RequiresPasswordReset, RefreshTokenExpiryTime, SuperiorId, Created, CreatedBy, LastModified, LastModifiedBy, UserName, NormalizedUserName, Email, NormalizedEmail, EmailConfirmed, PasswordHash, SecurityStamp, ConcurrencyStamp, PhoneNumber, PhoneNumberConfirmed, TwoFactorEnabled, LockoutEnd, LockoutEnabled, AccessFailedCount) VALUES (N'626e57ae-29c5-4c2b-ac4b-4e509ec2677d', N'South West Contract QA', N'1.1.6.1.', N'1.1.6.1.', N'South West Contract', null, 1, 0, N'Password123!', N'673421', null, 1, N'0001-01-01 00:00:00.0000000', null, N'2024-07-24 12:12:49.7796926', @CreatedUserId, N'2024-07-24 12:13:28.2910860', @CreatedUserId, N'SouthWestContract.qa@southwestcontract.org', N'SOUTHWESTCONTRACT.QA@SOUTHWESTCONTRACT.ORG', N'SouthWestContract.qa@southwestcontract.org', N'SOUTHWESTCONTRACT.QA@SOUTHWESTCONTRACT.ORG', 1, N'AQAAAAIAAYagAAAAENDD6jJzleJhQjhOu6YCtgYKi4Kp+j1nL2nBOinVU2poKmvcQcbqsgfdYftb2B813w==', N'CY46Z6B4RT53RCGAWAEEDKCYV6Q7SABE', N'2eabd264-c867-4ab4-9a71-b95adfd12174', N'675432', 0, 0, null, 1, 0);
    INSERT INTO [Identity].[User] (Id, DisplayName, ProviderId, TenantId, TenantName, ProfilePictureDataUrl, IsActive, IsLive, MemorablePlace, MemorableDate, RefreshToken, RequiresPasswordReset, RefreshTokenExpiryTime, SuperiorId, Created, CreatedBy, LastModified, LastModifiedBy, UserName, NormalizedUserName, Email, NormalizedEmail, EmailConfirmed, PasswordHash, SecurityStamp, ConcurrencyStamp, PhoneNumber, PhoneNumberConfirmed, TwoFactorEnabled, LockoutEnd, LockoutEnabled, AccessFailedCount) VALUES (N'6452c624-a755-4cb5-9fca-0daa916d0e48', N'Igneus_EM User', N'1.1.2.3.1.', N'1.1.2.3.1.', N'Igneus_EM', null, 1, 0, N'zkjdfbg', N'01/01/21', null, 1, N'0001-01-01 00:00:00.0000000', null, N'2024-07-24 11:42:08.1809972', @CreatedUserId, N'2024-07-24 11:42:30.4385118', @CreatedUserId, N'Igneus_EM.user@igneus_em.org', N'IGNEUS_EM.USER@IGNEUS_EM.ORG', N'Igneus_EM.user@igneus_em.org', N'IGNEUS_EM.USER@IGNEUS_EM.ORG', 1, N'AQAAAAIAAYagAAAAEJjl4Xvaefr3I1OX2HKnDgj4Itl6MvgLXPogHsEl/FUU/af6RAL36Gnfo3fMMXqISQ==', N'P6KE7XILZEBIN4CKLB4PSJOX3S3K6LAO', N'2b22344a-ca15-409f-b847-2b90abc6b82b', N'012345678912', 0, 0, null, 1, 0);
    INSERT INTO [Identity].[User] (Id, DisplayName, ProviderId, TenantId, TenantName, ProfilePictureDataUrl, IsActive, IsLive, MemorablePlace, MemorableDate, RefreshToken, RequiresPasswordReset, RefreshTokenExpiryTime, SuperiorId, Created, CreatedBy, LastModified, LastModifiedBy, UserName, NormalizedUserName, Email, NormalizedEmail, EmailConfirmed, PasswordHash, SecurityStamp, ConcurrencyStamp, PhoneNumber, PhoneNumberConfirmed, TwoFactorEnabled, LockoutEnd, LockoutEnabled, AccessFailedCount) VALUES (N'651a59da-2d85-425a-80df-b85721135ed1', N'CommunityLinks_YH QA', N'1.1.3.1.2.', N'1.1.3.1.2.', N'CommunityLinks_YH', null, 1, 0, N'mmN40*o2R.MK', N'12/12/12', null, 1, N'0001-01-01 00:00:00.0000000', null, N'2024-07-24 11:55:12.4431189', @CreatedUserId, N'2024-07-24 11:56:05.2889368', @CreatedUserId, N'CommunityLinks_YH.qa@communitylinks_yh.org', N'COMMUNITYLINKS_YH.QA@COMMUNITYLINKS_YH.ORG', N'CommunityLinks_YH.qa@communitylinks_yh.org', N'COMMUNITYLINKS_YH.QA@COMMUNITYLINKS_YH.ORG', 1, N'AQAAAAIAAYagAAAAEFasiQgWj/4xaGsEu3Sr0ax56Of0Mqp/kfwyIdFEgb7EP4fta/hezEMJKWd6KvDuVQ==', N'WD34W5ITCF7YVBUDF6ACM2AVFKODAMX6', N'a6fb1bf4-11a4-4664-8edb-b8557696263f', N'07850129163', 0, 0, null, 1, 0);
    INSERT INTO [Identity].[User] (Id, DisplayName, ProviderId, TenantId, TenantName, ProfilePictureDataUrl, IsActive, IsLive, MemorablePlace, MemorableDate, RefreshToken, RequiresPasswordReset, RefreshTokenExpiryTime, SuperiorId, Created, CreatedBy, LastModified, LastModifiedBy, UserName, NormalizedUserName, Email, NormalizedEmail, EmailConfirmed, PasswordHash, SecurityStamp, ConcurrencyStamp, PhoneNumber, PhoneNumberConfirmed, TwoFactorEnabled, LockoutEnd, LockoutEnabled, AccessFailedCount) VALUES (N'65afa19b-908b-4469-8019-2939c7604cb1', N'ShawTrust_SE QA', N'1.1.4.2.1.', N'1.1.4.2.1.', N'ShawTrust_SE', null, 1, 0, N'Password123!', N'12356897', null, 1, N'0001-01-01 00:00:00.0000000', null, N'2024-07-24 12:01:51.9403929', @CreatedUserId, N'2024-07-24 12:02:13.1215942', @CreatedUserId, N'ShawTrust_SE.qa@shawtrust_se.org', N'SHAWTRUST_SE.QA@SHAWTRUST_SE.ORG', N'ShawTrust_SE.qa@shawtrust_se.org', N'SHAWTRUST_SE.QA@SHAWTRUST_SE.ORG', 1, N'AQAAAAIAAYagAAAAEABGw57uS0rA8bXPPNm4MU7vqCgYr/vC7LFB1NJH+0VSopjRoeSmqD+JxQK6Wno1YQ==', N'JI5GWF4AXVTEKU5OHON5AKINGS4CH6U6', N'b38fc5c7-1588-4515-ac1c-7105f028edc1', N'07454123698', 0, 0, null, 1, 0);
    INSERT INTO [Identity].[User] (Id, DisplayName, ProviderId, TenantId, TenantName, ProfilePictureDataUrl, IsActive, IsLive, MemorablePlace, MemorableDate, RefreshToken, RequiresPasswordReset, RefreshTokenExpiryTime, SuperiorId, Created, CreatedBy, LastModified, LastModifiedBy, UserName, NormalizedUserName, Email, NormalizedEmail, EmailConfirmed, PasswordHash, SecurityStamp, ConcurrencyStamp, PhoneNumber, PhoneNumberConfirmed, TwoFactorEnabled, LockoutEnd, LockoutEnabled, AccessFailedCount) VALUES (N'6634e4db-4dae-44c3-b789-4f7a523f3c94', N'ShawTrust_LND QA', N'1.1.5.1.2.', N'1.1.5.1.2.', N'ShawTrust_LND', null, 1, 0, N'Password123!', N'765643', null, 1, N'0001-01-01 00:00:00.0000000', null, N'2024-07-24 12:03:35.4179963', @CreatedUserId, N'2024-07-24 12:04:08.9812375', @CreatedUserId, N'ShawTrust_LND.qa@shawtrust_lnd.org', N'SHAWTRUST_LND.QA@SHAWTRUST_LND.ORG', N'ShawTrust_LND.qa@shawtrust_lnd.org', N'SHAWTRUST_LND.QA@SHAWTRUST_LND.ORG', 1, N'AQAAAAIAAYagAAAAEC/7UT50c95QgPyDpb+MAZn/D81gRjxf9EcHqJX+XWSn7JFw1Cw0ZphQPDPC20jVZg==', N'VPC7AYGEBZAIXS2RNPMHS5ZSZHYMSBQ5', N'4a06253e-033f-454f-bedd-a8cd5ebf9dad', N'987654', 0, 0, null, 1, 0);
    INSERT INTO [Identity].[User] (Id, DisplayName, ProviderId, TenantId, TenantName, ProfilePictureDataUrl, IsActive, IsLive, MemorablePlace, MemorableDate, RefreshToken, RequiresPasswordReset, RefreshTokenExpiryTime, SuperiorId, Created, CreatedBy, LastModified, LastModifiedBy, UserName, NormalizedUserName, Email, NormalizedEmail, EmailConfirmed, PasswordHash, SecurityStamp, ConcurrencyStamp, PhoneNumber, PhoneNumberConfirmed, TwoFactorEnabled, LockoutEnd, LockoutEnabled, AccessFailedCount) VALUES (N'669d758c-df88-4daf-936d-d2777cb2861d', N'Seetec_SW QA', N'1.1.6.1.1.', N'1.1.6.1.1.', N'Seetec_SW', null, 1, 0, N'Password123!', N'24232', null, 1, N'0001-01-01 00:00:00.0000000', null, N'2024-07-24 12:12:32.4436350', @CreatedUserId, N'2024-07-24 12:12:59.1065476', @CreatedUserId, N'Seetec_SW.qa@seetec_sw.org', N'SEETEC_SW.QA@SEETEC_SW.ORG', N'Seetec_SW.qa@seetec_sw.org', N'SEETEC_SW.QA@SEETEC_SW.ORG', 1, N'AQAAAAIAAYagAAAAEEMJZTtO7gc9ew/kJxNCvatx9VCEWc80P4fetxl8uEOBcEWq9GCBhvsMbRL46QLEZg==', N'IRY5MWWMVZJSF6TSIOJVANXSDLY7ZLLX', N'7d56fbc4-331d-40b6-859a-21b79c126832', N'3456789098766', 0, 0, null, 1, 0);
    INSERT INTO [Identity].[User] (Id, DisplayName, ProviderId, TenantId, TenantName, ProfilePictureDataUrl, IsActive, IsLive, MemorablePlace, MemorableDate, RefreshToken, RequiresPasswordReset, RefreshTokenExpiryTime, SuperiorId, Created, CreatedBy, LastModified, LastModifiedBy, UserName, NormalizedUserName, Email, NormalizedEmail, EmailConfirmed, PasswordHash, SecurityStamp, ConcurrencyStamp, PhoneNumber, PhoneNumberConfirmed, TwoFactorEnabled, LockoutEnd, LockoutEnabled, AccessFailedCount) VALUES (N'6c0667bf-00d9-4318-87cd-966b3bb6423f', N'AWayOut_WM User', N'1.1.2.2.2.', N'1.1.2.2.2.', N'AWayOut_WM', null, 1, 0, N'Password123!', N'12121212', null, 1, N'0001-01-01 00:00:00.0000000', null, N'2024-07-24 11:43:28.5549636', @CreatedUserId, N'2024-07-24 11:43:41.8190404', @CreatedUserId, N'AWayOut_WM.user@awayout_wm.org', N'AWAYOUT_WM.USER@AWAYOUT_WM.ORG', N'AWayOut_WM.user@awayout_wm.org', N'AWAYOUT_WM.USER@AWAYOUT_WM.ORG', 1, N'AQAAAAIAAYagAAAAECEO5DqcLxriYHpd87mfgROV6icj1tB/qg5NLHpdaK76BAyYf4O7JnpR1vh5pLIbAg==', N'DOHYB3A2TVKF73WOQUJ2YSW6TDX5BHMC', N'7299108c-8d4d-4e6d-aaec-090d61995866', N'1234356789', 0, 0, null, 1, 0);
    INSERT INTO [Identity].[User] (Id, DisplayName, ProviderId, TenantId, TenantName, ProfilePictureDataUrl, IsActive, IsLive, MemorablePlace, MemorableDate, RefreshToken, RequiresPasswordReset, RefreshTokenExpiryTime, SuperiorId, Created, CreatedBy, LastModified, LastModifiedBy, UserName, NormalizedUserName, Email, NormalizedEmail, EmailConfirmed, PasswordHash, SecurityStamp, ConcurrencyStamp, PhoneNumber, PhoneNumberConfirmed, TwoFactorEnabled, LockoutEnd, LockoutEnabled, AccessFailedCount) VALUES (N'6ce88d3d-0b93-4727-aeac-9b5fa287838c', N'East of England Contract User', N'1.1.4.1.', N'1.1.4.1.', N'East of England Contract', null, 1, 0, N'Password123!', N'etr7y', null, 1, N'0001-01-01 00:00:00.0000000', null, N'2024-07-24 12:07:00.7546322', @CreatedUserId, N'2024-07-24 12:07:20.1804408', @CreatedUserId, N'EastofEnglandContract.user@eastofenglandcontract.org', N'EASTOFENGLANDCONTRACT.USER@EASTOFENGLANDCONTRACT.ORG', N'EastofEnglandContract.user@eastofenglandcontract.org', N'EASTOFENGLANDCONTRACT.USER@EASTOFENGLANDCONTRACT.ORG', 1, N'AQAAAAIAAYagAAAAEN24+OtOUdpZkmA5YNrlemwi8hUq+xb8D3ZJAZA/rr9qOup8KEpH1eZ0BZxxWy/lJw==', N'CXRPJZAWZIR6HGBI64ZSYIZXI5PIJM3A', N'b97557a1-8577-4cb3-a144-8aa9aa5c39e3', N'234567789', 0, 0, null, 1, 0);
    INSERT INTO [Identity].[User] (Id, DisplayName, ProviderId, TenantId, TenantName, ProfilePictureDataUrl, IsActive, IsLive, MemorablePlace, MemorableDate, RefreshToken, RequiresPasswordReset, RefreshTokenExpiryTime, SuperiorId, Created, CreatedBy, LastModified, LastModifiedBy, UserName, NormalizedUserName, Email, NormalizedEmail, EmailConfirmed, PasswordHash, SecurityStamp, ConcurrencyStamp, PhoneNumber, PhoneNumberConfirmed, TwoFactorEnabled, LockoutEnd, LockoutEnabled, AccessFailedCount) VALUES (N'6efb5b92-eba8-476e-8535-6cea7d4a8a1f', N'West Midlands Contract QA', N'1.1.2.2.', N'1.1.2.2.', N'West Midlands Contract', null, 1, 0, N'Password123!', N'1234567', null, 1, N'0001-01-01 00:00:00.0000000', null, N'2024-07-24 11:54:48.0766037', @CreatedUserId, N'2024-07-24 11:55:24.3263797', @CreatedUserId, N'WestMidlandsContract.qa@westmidlandscontract.org', N'WESTMIDLANDSCONTRACT.QA@WESTMIDLANDSCONTRACT.ORG', N'WestMidlandsContract.qa@westmidlandscontract.org', N'WESTMIDLANDSCONTRACT.QA@WESTMIDLANDSCONTRACT.ORG', 1, N'AQAAAAIAAYagAAAAEM4sVD6gnGWQRA51v/QQaRkV1QDIMvkP8UBBnVPVOhavmFG85fUPSMiq3AYfXN9DJg==', N'EU6ZMPARZA2ISRHJBWNWWVSMBHLQRQ33', N'e0621bc9-ba3d-463e-8468-ca9832f65c43', N'87646378', 0, 0, null, 1, 0);
    INSERT INTO [Identity].[User] (Id, DisplayName, ProviderId, TenantId, TenantName, ProfilePictureDataUrl, IsActive, IsLive, MemorablePlace, MemorableDate, RefreshToken, RequiresPasswordReset, RefreshTokenExpiryTime, SuperiorId, Created, CreatedBy, LastModified, LastModifiedBy, UserName, NormalizedUserName, Email, NormalizedEmail, EmailConfirmed, PasswordHash, SecurityStamp, ConcurrencyStamp, PhoneNumber, PhoneNumberConfirmed, TwoFactorEnabled, LockoutEnd, LockoutEnabled, AccessFailedCount) VALUES (N'6f74f2b0-3725-4868-b4d3-31bebd2d3e43', N'Achieve QA', N'1.1.1.', N'1.1.1.', N'Achieve', null, 1, 0, N'fdsgdfgfd', N'dfdffdgfdg', null, 0, N'0001-01-01 00:00:00.0000000', null, N'2024-07-18 09:52:22.0162857', @CreatedUserId, N'2024-07-18 10:05:43.5018249', null, N'achieve.qa@Achieve.org', N'ACHIEVE.QA@ACHIEVE.ORG', N'achieve.qa@Achieve.org', N'ACHIEVE.QA@ACHIEVE.ORG', 1, N'AQAAAAIAAYagAAAAECvz7CJJOlFHFo7R2oflBL+h2D+NCnyoX4TH7cFlbMwjlYPhfS6pOoMTMrhtDrP/pw==', N'D4LIJ734BYFTEDPOVJJUCAXI65RKYO6D', N'74f6d131-5b41-41eb-ac31-601def3c427b', N'', 0, 0, null, 1, 0);
    INSERT INTO [Identity].[User] (Id, DisplayName, ProviderId, TenantId, TenantName, ProfilePictureDataUrl, IsActive, IsLive, MemorablePlace, MemorableDate, RefreshToken, RequiresPasswordReset, RefreshTokenExpiryTime, SuperiorId, Created, CreatedBy, LastModified, LastModifiedBy, UserName, NormalizedUserName, Email, NormalizedEmail, EmailConfirmed, PasswordHash, SecurityStamp, ConcurrencyStamp, PhoneNumber, PhoneNumberConfirmed, TwoFactorEnabled, LockoutEnd, LockoutEnabled, AccessFailedCount) VALUES (N'6fae4da7-fc6c-48d6-8f01-3b16cad91235', N'Ingeus User', N'1.1.2.', N'1.1.2.', N'Ingeus', null, 1, 0, N'Password123!', N'78459623', null, 1, N'0001-01-01 00:00:00.0000000', null, N'2024-07-24 11:44:13.4274278', @CreatedUserId, N'2024-07-24 11:44:48.9297174', @CreatedUserId, N'Ingeus.user@ingeus.org', N'INGEUS.USER@INGEUS.ORG', N'Ingeus.user@ingeus.org', N'INGEUS.USER@INGEUS.ORG', 1, N'AQAAAAIAAYagAAAAEBKfRCl2sgj7toJSQ2g/YNvsVJv6VOReLsf7s/6q71Py4HM2KaV80cIG/Jj38/OFpQ==', N'LOTH7GPILSRWGVGBOQ5ZJU72UOZTZNIX', N'b073bfc8-d017-418f-86da-5e49638ce945', N'07312312325', 0, 0, null, 1, 0);
    INSERT INTO [Identity].[User] (Id, DisplayName, ProviderId, TenantId, TenantName, ProfilePictureDataUrl, IsActive, IsLive, MemorablePlace, MemorableDate, RefreshToken, RequiresPasswordReset, RefreshTokenExpiryTime, SuperiorId, Created, CreatedBy, LastModified, LastModifiedBy, UserName, NormalizedUserName, Email, NormalizedEmail, EmailConfirmed, PasswordHash, SecurityStamp, ConcurrencyStamp, PhoneNumber, PhoneNumberConfirmed, TwoFactorEnabled, LockoutEnd, LockoutEnabled, AccessFailedCount) VALUES (N'74227da4-df29-4b8d-86b4-09db379dc4a3', N'AWayOut_NE User', N'1.1.2.1.2.', N'1.1.2.1.2.', N'AWayOut_NE', null, 1, 0, N'Password123!', N'123456', null, 1, N'0001-01-01 00:00:00.0000000', null, N'2024-07-24 11:42:30.6598218', @CreatedUserId, N'2024-07-24 11:43:16.5710543', @CreatedUserId, N'AWayOut_NE.user@awayout_ne.org', N'AWAYOUT_NE.USER@AWAYOUT_NE.ORG', N'AWayOut_NE.user@awayout_ne.org', N'AWAYOUT_NE.USER@AWAYOUT_NE.ORG', 1, N'AQAAAAIAAYagAAAAEGmrBErru8Xsq4gXSwbI3dPQclUhbT2lZ4EyTVmwndfJX+QMjcN1XbG1cX1UtFY5IQ==', N'BJ2TB7WQNNLVW57LZ75K5CJZY3VPE4N2', N'969de797-c7ec-40d9-a127-395318096f20', N'01733243564', 0, 0, null, 1, 0);
    INSERT INTO [Identity].[User] (Id, DisplayName, ProviderId, TenantId, TenantName, ProfilePictureDataUrl, IsActive, IsLive, MemorablePlace, MemorableDate, RefreshToken, RequiresPasswordReset, RefreshTokenExpiryTime, SuperiorId, Created, CreatedBy, LastModified, LastModifiedBy, UserName, NormalizedUserName, Email, NormalizedEmail, EmailConfirmed, PasswordHash, SecurityStamp, ConcurrencyStamp, PhoneNumber, PhoneNumberConfirmed, TwoFactorEnabled, LockoutEnd, LockoutEnabled, AccessFailedCount) VALUES (N'77467465-c7b2-40f8-b145-219225ae1459', N'QA Support Manager', N'1.1.', N'1.1.', N'CFO Evolution', null, 1, 0, N'65406540', N'65406540', null, 0, N'0001-01-01 00:00:00.0000000', null, N'2024-07-18 09:46:03.4857600', @CreatedUserId, N'2024-07-18 10:06:41.0753982', null, N'qa.supportmanager@justice.gov.uk', N'QA.SUPPORTMANAGER@JUSTICE.GOV.UK', N'qa.supportmanager@justice.gov.uk', N'QA.SUPPORTMANAGER@JUSTICE.GOV.UK', 1, N'AQAAAAIAAYagAAAAEK8RRdqG4KmDoMz57eQ62Qs1M+hIC7sufLULaFTCklUyl9fxlmOWmmhp18+DxkiDag==', N'3OFQEID2KLXHROJSUNXC6XCAH4XPWGQ4', N'6b327831-c7b9-42ac-a083-b51b78904915', null, 0, 0, null, 1, 0);
    INSERT INTO [Identity].[User] (Id, DisplayName, ProviderId, TenantId, TenantName, ProfilePictureDataUrl, IsActive, IsLive, MemorablePlace, MemorableDate, RefreshToken, RequiresPasswordReset, RefreshTokenExpiryTime, SuperiorId, Created, CreatedBy, LastModified, LastModifiedBy, UserName, NormalizedUserName, Email, NormalizedEmail, EmailConfirmed, PasswordHash, SecurityStamp, ConcurrencyStamp, PhoneNumber, PhoneNumberConfirmed, TwoFactorEnabled, LockoutEnd, LockoutEnabled, AccessFailedCount) VALUES (N'8045dc8f-b090-487e-915c-1aa570712f88', N'CommunityLinks_YH User', N'1.1.3.1.2.', N'1.1.3.1.2.', N'CommunityLinks_YH', null, 1, 0, N'mmN40*o2R.MK', N'jbg/fdzlvmkz/', null, 1, N'0001-01-01 00:00:00.0000000', null, N'2024-07-24 11:58:11.9392952', @CreatedUserId, N'2024-07-24 11:58:55.3560804', @CreatedUserId, N'CommunityLinks_YH.user@communitylinks_yh.org', N'COMMUNITYLINKS_YH.USER@COMMUNITYLINKS_YH.ORG', N'CommunityLinks_YH.user@communitylinks_yh.org', N'COMMUNITYLINKS_YH.USER@COMMUNITYLINKS_YH.ORG', 1, N'AQAAAAIAAYagAAAAEG4cKjGehoRW5JQyONFryzp0N7rFRptA83nsaiREQKkfyAZhFONCulb1suR2yF5cgA==', N'3QDQBKCPTMSA236LONJINKL2FC6VUOV7', N'eec5247d-7e21-4e98-b17c-805a7e7d45c9', N'07880234234', 0, 0, null, 1, 0);
    INSERT INTO [Identity].[User] (Id, DisplayName, ProviderId, TenantId, TenantName, ProfilePictureDataUrl, IsActive, IsLive, MemorablePlace, MemorableDate, RefreshToken, RequiresPasswordReset, RefreshTokenExpiryTime, SuperiorId, Created, CreatedBy, LastModified, LastModifiedBy, UserName, NormalizedUserName, Email, NormalizedEmail, EmailConfirmed, PasswordHash, SecurityStamp, ConcurrencyStamp, PhoneNumber, PhoneNumberConfirmed, TwoFactorEnabled, LockoutEnd, LockoutEnabled, AccessFailedCount) VALUES (N'85bbd0e6-1db3-41b0-affc-ecbf44efd29d', N'Shaw Trust QA', N'1.1.4.', N'1.1.4.', N'Shaw Trust', null, 1, 0, N'mmN40*o2R.MK', N'15/10/89', null, 1, N'0001-01-01 00:00:00.0000000', null, N'2024-07-24 12:07:46.3023786', @CreatedUserId, N'2024-07-24 12:08:23.2361413', @CreatedUserId, N'ShawTrust.qa@shawtrust.org', N'SHAWTRUST.QA@SHAWTRUST.ORG', N'ShawTrust.qa@shawtrust.org', N'SHAWTRUST.QA@SHAWTRUST.ORG', 1, N'AQAAAAIAAYagAAAAEMaC5WWhBEAbPUW6z30cZKcoXmQn5dLup6VjnjjfiW1PRhsgJ+o+2D/z+kf3HKjWpA==', N'JAYCIDCFJCNIGW424CKLS2IOLE54NMUZ', N'd3698642-58d9-4944-9bfe-d76c33cf0541', N'01925740587', 0, 0, null, 1, 0);
    INSERT INTO [Identity].[User] (Id, DisplayName, ProviderId, TenantId, TenantName, ProfilePictureDataUrl, IsActive, IsLive, MemorablePlace, MemorableDate, RefreshToken, RequiresPasswordReset, RefreshTokenExpiryTime, SuperiorId, Created, CreatedBy, LastModified, LastModifiedBy, UserName, NormalizedUserName, Email, NormalizedEmail, EmailConfirmed, PasswordHash, SecurityStamp, ConcurrencyStamp, PhoneNumber, PhoneNumberConfirmed, TwoFactorEnabled, LockoutEnd, LockoutEnabled, AccessFailedCount) VALUES (N'897ccf79-c30d-49ea-997b-723985aac12e', N'Growth_YH QA', N'1.1.3.1.1.', N'1.1.3.1.1.', N'Growth_YH', null, 1, 0, N'Password123!', N'12343', null, 1, N'0001-01-01 00:00:00.0000000', null, N'2024-07-24 12:03:25.6529919', @CreatedUserId, N'2024-07-24 12:03:43.0980667', @CreatedUserId, N'Growth_YH.qa@growth_yh.org', N'GROWTH_YH.QA@GROWTH_YH.ORG', N'Growth_YH.qa@growth_yh.org', N'GROWTH_YH.QA@GROWTH_YH.ORG', 1, N'AQAAAAIAAYagAAAAELRWpYBXRpY41zASdAbYtQgwCCT/A5f+YN/CSZ9MINpy8Eq6dbcTw2jRhhBDUkg95Q==', N'UXN2EN5ZF6DZLFHIBG2Z627AIW2PQJBE', N'8d48de66-05ec-4847-90bb-8a68a06ff6d6', N'4458654345678', 0, 0, null, 1, 0);
    INSERT INTO [Identity].[User] (Id, DisplayName, ProviderId, TenantId, TenantName, ProfilePictureDataUrl, IsActive, IsLive, MemorablePlace, MemorableDate, RefreshToken, RequiresPasswordReset, RefreshTokenExpiryTime, SuperiorId, Created, CreatedBy, LastModified, LastModifiedBy, UserName, NormalizedUserName, Email, NormalizedEmail, EmailConfirmed, PasswordHash, SecurityStamp, ConcurrencyStamp, PhoneNumber, PhoneNumberConfirmed, TwoFactorEnabled, LockoutEnd, LockoutEnabled, AccessFailedCount) VALUES (N'8a9711cd-5d08-477c-aa94-b2e72cf1101b', N'Yorkshire and Humberside Contract QA', N'1.1.3.1.', N'1.1.3.1.', N'Yorkshire and Humberside Contract', null, 1, 0, N'Password123!', N'45677', null, 1, N'0001-01-01 00:00:00.0000000', null, N'2024-07-24 12:00:27.1379545', @CreatedUserId, N'2024-07-24 12:00:50.4977398', @CreatedUserId, N'YorkshireandHumbersideContract.qa@yorkshireandhumbersidecontract.org', N'YORKSHIREANDHUMBERSIDECONTRACT.QA@YORKSHIREANDHUMBERSIDECONTRACT.ORG', N'YorkshireandHumbersideContract.qa@yorkshireandhumbersidecontract.org', N'YORKSHIREANDHUMBERSIDECONTRACT.QA@YORKSHIREANDHUMBERSIDECONTRACT.ORG', 1, N'AQAAAAIAAYagAAAAEMIEGOzWfFXY5dcs2GWCWiaHdbRb08fCfSZLLKJ/j4knsOlT+m1rYjq1bWlQrxG4LA==', N'YD3YFNLF2F4LAFYEOGFOG4XZ47QLA77U', N'522ac459-6f3a-4490-81b9-d76ad5228e28', N'9099888767', 0, 0, null, 1, 0);
    INSERT INTO [Identity].[User] (Id, DisplayName, ProviderId, TenantId, TenantName, ProfilePictureDataUrl, IsActive, IsLive, MemorablePlace, MemorableDate, RefreshToken, RequiresPasswordReset, RefreshTokenExpiryTime, SuperiorId, Created, CreatedBy, LastModified, LastModifiedBy, UserName, NormalizedUserName, Email, NormalizedEmail, EmailConfirmed, PasswordHash, SecurityStamp, ConcurrencyStamp, PhoneNumber, PhoneNumberConfirmed, TwoFactorEnabled, LockoutEnd, LockoutEnabled, AccessFailedCount) VALUES (N'8cb4b1a7-c338-46e1-ad41-ef151384ec3e', N'South East Contract QA', N'1.1.4.2.', N'1.1.4.2.', N'South East Contract', null, 1, 0, N'Password123!', N'12458963', null, 1, N'0001-01-01 00:00:00.0000000', null, N'2024-07-24 11:57:23.6787298', @CreatedUserId, N'2024-07-24 11:57:56.9932934', @CreatedUserId, N'SouthEastContract.qa@southeastcontract.org', N'SOUTHEASTCONTRACT.QA@SOUTHEASTCONTRACT.ORG', N'SouthEastContract.qa@southeastcontract.org', N'SOUTHEASTCONTRACT.QA@SOUTHEASTCONTRACT.ORG', 1, N'AQAAAAIAAYagAAAAEHXvjE90K1OfFOiZzehsgAnQPhZoWxm7tz+mCWfIVa/yp1LNvwlb9mjxzfmDmqRUZA==', N'JB2F2BGNIFLHSEMX433OE3KGGGRL6X7K', N'9d25c9ff-e224-43d4-8123-ef4190a5eb16', N'07145896321', 0, 0, null, 1, 0);
    INSERT INTO [Identity].[User] (Id, DisplayName, ProviderId, TenantId, TenantName, ProfilePictureDataUrl, IsActive, IsLive, MemorablePlace, MemorableDate, RefreshToken, RequiresPasswordReset, RefreshTokenExpiryTime, SuperiorId, Created, CreatedBy, LastModified, LastModifiedBy, UserName, NormalizedUserName, Email, NormalizedEmail, EmailConfirmed, PasswordHash, SecurityStamp, ConcurrencyStamp, PhoneNumber, PhoneNumberConfirmed, TwoFactorEnabled, LockoutEnd, LockoutEnabled, AccessFailedCount) VALUES (N'907a005d-2b19-413b-bdd2-f48e3b52ab6e', N'Yorkshire and Humberside Contract User', N'1.1.3.1.', N'1.1.3.1.', N'Yorkshire and Humberside Contract', null, 1, 0, N'Password123!', N'erwwet', null, 1, N'0001-01-01 00:00:00.0000000', null, N'2024-07-24 12:01:48.9408902', @CreatedUserId, N'2024-07-24 12:02:30.5999895', @CreatedUserId, N'YorkshireandHumbersideContract.user@yorkshireandhumbersidecontract.org', N'YORKSHIREANDHUMBERSIDECONTRACT.USER@YORKSHIREANDHUMBERSIDECONTRACT.ORG', N'YorkshireandHumbersideContract.user@yorkshireandhumbersidecontract.org', N'YORKSHIREANDHUMBERSIDECONTRACT.USER@YORKSHIREANDHUMBERSIDECONTRACT.ORG', 1, N'AQAAAAIAAYagAAAAEHGGMDOIcJuIqOaX3zaYUNgmEeaC4HmKEXEaHuiAi4UVDh/fvIJAvSgVJM35L2e8hw==', N'PHZUITHJ2DNCH6UVO2VOATBRF7FIDBXO', N'f263f8c1-6224-43e3-a810-a6191da3157d', N'4545676464363', 0, 0, null, 1, 0);
    INSERT INTO [Identity].[User] (Id, DisplayName, ProviderId, TenantId, TenantName, ProfilePictureDataUrl, IsActive, IsLive, MemorablePlace, MemorableDate, RefreshToken, RequiresPasswordReset, RefreshTokenExpiryTime, SuperiorId, Created, CreatedBy, LastModified, LastModifiedBy, UserName, NormalizedUserName, Email, NormalizedEmail, EmailConfirmed, PasswordHash, SecurityStamp, ConcurrencyStamp, PhoneNumber, PhoneNumberConfirmed, TwoFactorEnabled, LockoutEnd, LockoutEnabled, AccessFailedCount) VALUES (N'9424573a-8b6d-425f-a952-b062c3c5f6be', N'North West Contract QA', N'1.1.1.1.', N'1.1.1.1.', N'North West Contract', null, 1, 0, N'sdfsdf', N'sdfdsf', null, 1, N'0001-01-01 00:00:00.0000000', null, N'2024-07-24 11:06:34.0503779', @CreatedUserId, N'2024-07-24 11:07:45.2701359', N'9a699330-f706-401b-9fc1-fafd63b69c5c', N'NorthWestContract.qa@northwestcontract.org', N'NORTHWESTCONTRACT.QA@NORTHWESTCONTRACT.ORG', N'NorthWestContract.qa@northwestcontract.org', N'NORTHWESTCONTRACT.QA@NORTHWESTCONTRACT.ORG', 1, N'AQAAAAIAAYagAAAAEDcBwWwPmCWXTw3qXIaZuy6mTLij+dH5YwvSijuJtNufazKEq0aloO/qN++v8ELmyA==', N'QL6KIFSNMAVHUTHPSHLRA4KMFMLGHKA2', N'd7d61953-ec81-492d-9623-ef79b8a722e9', null, 0, 0, null, 1, 0);
    INSERT INTO [Identity].[User] (Id, DisplayName, ProviderId, TenantId, TenantName, ProfilePictureDataUrl, IsActive, IsLive, MemorablePlace, MemorableDate, RefreshToken, RequiresPasswordReset, RefreshTokenExpiryTime, SuperiorId, Created, CreatedBy, LastModified, LastModifiedBy, UserName, NormalizedUserName, Email, NormalizedEmail, EmailConfirmed, PasswordHash, SecurityStamp, ConcurrencyStamp, PhoneNumber, PhoneNumberConfirmed, TwoFactorEnabled, LockoutEnd, LockoutEnabled, AccessFailedCount) VALUES (N'969cd7a3-a9c4-4389-91df-1add45b17dbb', N'Igneus_EM QA', N'1.1.2.3.1.', N'1.1.2.3.1.', N'Igneus_EM', null, 1, 0, N'Password123!', N'12435', null, 1, N'0001-01-01 00:00:00.0000000', null, N'2024-07-24 11:52:01.6604130', @CreatedUserId, N'2024-07-24 11:52:24.0995693', @CreatedUserId, N'Igneus_EM.qa@igneus_em.org', N'IGNEUS_EM.QA@IGNEUS_EM.ORG', N'Igneus_EM.qa@igneus_em.org', N'IGNEUS_EM.QA@IGNEUS_EM.ORG', 1, N'AQAAAAIAAYagAAAAECk1fmPxWEjPLC1djcCHGrqEhM0oYurGjR6mAlzXf8tBH5G1jMI/EpkX82xA7/buDg==', N'MSPPPI64NDY4QQ2TA7B5CNEWY2IMTEFE', N'be861559-13e7-44eb-8f5c-2fb8fbcfc1ee', N'66666667888888', 0, 0, null, 1, 0);
    INSERT INTO [Identity].[User] (Id, DisplayName, ProviderId, TenantId, TenantName, ProfilePictureDataUrl, IsActive, IsLive, MemorablePlace, MemorableDate, RefreshToken, RequiresPasswordReset, RefreshTokenExpiryTime, SuperiorId, Created, CreatedBy, LastModified, LastModifiedBy, UserName, NormalizedUserName, Email, NormalizedEmail, EmailConfirmed, PasswordHash, SecurityStamp, ConcurrencyStamp, PhoneNumber, PhoneNumberConfirmed, TwoFactorEnabled, LockoutEnd, LockoutEnabled, AccessFailedCount) VALUES (N'98f8ac5b-8151-4342-896d-add3a146d44a', N'Seetec_SW User', N'1.1.6.1.1.', N'1.1.6.1.1.', N'Seetec_SW', null, 1, 0, N'Password123!', N'35353535', null, 1, N'0001-01-01 00:00:00.0000000', null, N'2024-07-24 12:14:27.8646786', @CreatedUserId, N'2024-07-24 12:14:35.9176321', @CreatedUserId, N'Seetec_SW.user@seetec_sw.org', N'SEETEC_SW.USER@SEETEC_SW.ORG', N'Seetec_SW.user@seetec_sw.org', N'SEETEC_SW.USER@SEETEC_SW.ORG', 1, N'AQAAAAIAAYagAAAAECkGUV1wrGMoYlSJ1+AgPKra+hi5c6rgesNGt+cL1wcIQ8GLtSI6q1LGPiO36IaecA==', N'B7BOBX2FL6B5Z7Q7QAITNINXO4HSDYZX', N'65d1093a-ad7a-417b-8fd3-df25bba7743b', N'3457890-9876', 0, 0, null, 1, 0);
    INSERT INTO [Identity].[User] (Id, DisplayName, ProviderId, TenantId, TenantName, ProfilePictureDataUrl, IsActive, IsLive, MemorablePlace, MemorableDate, RefreshToken, RequiresPasswordReset, RefreshTokenExpiryTime, SuperiorId, Created, CreatedBy, LastModified, LastModifiedBy, UserName, NormalizedUserName, Email, NormalizedEmail, EmailConfirmed, PasswordHash, SecurityStamp, ConcurrencyStamp, PhoneNumber, PhoneNumberConfirmed, TwoFactorEnabled, LockoutEnd, LockoutEnabled, AccessFailedCount) VALUES (N'994fca89-e2f7-48fc-b747-b9eba3c0332c', N'Growth_YH User', N'1.1.3.1.1.', N'1.1.3.1.1.', N'Growth_YH', null, 1, 0, N'Password123!', N'3245', null, 1, N'0001-01-01 00:00:00.0000000', null, N'2024-07-24 12:04:43.3327146', @CreatedUserId, N'2024-07-24 12:05:02.2130296', @CreatedUserId, N'Growth_YH.user@growth_yh.org', N'GROWTH_YH.USER@GROWTH_YH.ORG', N'Growth_YH.user@growth_yh.org', N'GROWTH_YH.USER@GROWTH_YH.ORG', 1, N'AQAAAAIAAYagAAAAEO36ZcrchJzJkOYfZls4S971iDcj3oW8PdTZTmps7DsqpnK8hocWdeb1GBt6BAw2eA==', N'4LDFI32FG7ARAVJJNNH22SPD3RC45SYZ', N'e001cf04-d874-4859-b788-80f2afe4ab6d', N'33333333456', 0, 0, null, 1, 0);
    INSERT INTO [Identity].[User] (Id, DisplayName, ProviderId, TenantId, TenantName, ProfilePictureDataUrl, IsActive, IsLive, MemorablePlace, MemorableDate, RefreshToken, RequiresPasswordReset, RefreshTokenExpiryTime, SuperiorId, Created, CreatedBy, LastModified, LastModifiedBy, UserName, NormalizedUserName, Email, NormalizedEmail, EmailConfirmed, PasswordHash, SecurityStamp, ConcurrencyStamp, PhoneNumber, PhoneNumberConfirmed, TwoFactorEnabled, LockoutEnd, LockoutEnabled, AccessFailedCount) VALUES (N'9a676d47-bc57-49aa-8e34-c8688a713449', N'Reed_LND User', N'1.1.5.1.1.', N'1.1.5.1.1.', N'Reed_LND', null, 1, 0, N'Password123!', N'154689', null, 1, N'0001-01-01 00:00:00.0000000', null, N'2024-07-24 12:15:36.1566791', @CreatedUserId, N'2024-07-24 12:15:48.1548984', @CreatedUserId, N'Reed_LND.user@reed_lnd.org', N'REED_LND.USER@REED_LND.ORG', N'Reed_LND.user@reed_lnd.org', N'REED_LND.USER@REED_LND.ORG', 1, N'AQAAAAIAAYagAAAAECIJmEBV7O/ruCGoO6fPneEZQZ8i2N32lioJUvb0H2uf/nNtmy1kAGM6YZgxxbEWKQ==', N'AYQM4QWWN5A3PBUX2N7TOL67RKJIKRMZ', N'7751baec-ef55-4ead-b2e3-b42cf1a47ecd', N'074152151851', 0, 0, null, 1, 0);
    INSERT INTO [Identity].[User] (Id, DisplayName, ProviderId, TenantId, TenantName, ProfilePictureDataUrl, IsActive, IsLive, MemorablePlace, MemorableDate, RefreshToken, RequiresPasswordReset, RefreshTokenExpiryTime, SuperiorId, Created, CreatedBy, LastModified, LastModifiedBy, UserName, NormalizedUserName, Email, NormalizedEmail, EmailConfirmed, PasswordHash, SecurityStamp, ConcurrencyStamp, PhoneNumber, PhoneNumberConfirmed, TwoFactorEnabled, LockoutEnd, LockoutEnabled, AccessFailedCount) VALUES (N'9a699330-f706-401b-9fc1-fafd63b69c5c', N'QA Officer', N'1.1.', N'1.1.', N'CFO Evolution', null, 1, 0, N'654654', N'654654654', null, 0, N'0001-01-01 00:00:00.0000000', null, N'2024-07-18 09:45:14.6662875', @CreatedUserId, N'2024-07-18 09:54:05.3132649', null, N'qa.officer@justice.gov.uk', N'QA.OFFICER@JUSTICE.GOV.UK', N'qa.officer@justice.gov.uk', N'QA.OFFICER@JUSTICE.GOV.UK', 1, N'AQAAAAIAAYagAAAAEGVgb8aZ6I3Orlww2ybi6FZ7EUSOG06LDs/BcdYoIl5noOibPhDswN77m0rcNblX3w==', N'4DKBJMGUYOUVKHQ7JOMVAJF3O7X4ROLA', N'd5789eab-c7ee-4bb1-9b1f-ceced53f5f86', null, 0, 0, null, 1, 0);
    INSERT INTO [Identity].[User] (Id, DisplayName, ProviderId, TenantId, TenantName, ProfilePictureDataUrl, IsActive, IsLive, MemorablePlace, MemorableDate, RefreshToken, RequiresPasswordReset, RefreshTokenExpiryTime, SuperiorId, Created, CreatedBy, LastModified, LastModifiedBy, UserName, NormalizedUserName, Email, NormalizedEmail, EmailConfirmed, PasswordHash, SecurityStamp, ConcurrencyStamp, PhoneNumber, PhoneNumberConfirmed, TwoFactorEnabled, LockoutEnd, LockoutEnabled, AccessFailedCount) VALUES (N'9e4e7408-41c0-4213-bfd8-343b097d0434', N'The Growth Co User', N'1.1.3.', N'1.1.3.', N'The Growth Co', null, 1, 0, N'Password123!', N'45566', null, 1, N'0001-01-01 00:00:00.0000000', null, N'2024-07-24 11:58:16.3540440', @CreatedUserId, N'2024-07-24 11:59:13.0796745', @CreatedUserId, N'TheGrowthCo.user@thegrowthco.org', N'THEGROWTHCO.USER@THEGROWTHCO.ORG', N'TheGrowthCo.user@thegrowthco.org', N'THEGROWTHCO.USER@THEGROWTHCO.ORG', 1, N'AQAAAAIAAYagAAAAEGHGm4IA+sg76Cgt5sC7tJGw3Tf2WstA6kWo884/Ojkd1uiKKRdv1qsyAGTMWvKeHw==', N'XMJZFFE3KQPRENH5WZBBBB6MSUF3ZJTJ', N'741451e3-b82f-4fe7-8ff6-8ed939cebd10', N'455667789', 0, 0, null, 1, 0);
    INSERT INTO [Identity].[User] (Id, DisplayName, ProviderId, TenantId, TenantName, ProfilePictureDataUrl, IsActive, IsLive, MemorablePlace, MemorableDate, RefreshToken, RequiresPasswordReset, RefreshTokenExpiryTime, SuperiorId, Created, CreatedBy, LastModified, LastModifiedBy, UserName, NormalizedUserName, Email, NormalizedEmail, EmailConfirmed, PasswordHash, SecurityStamp, ConcurrencyStamp, PhoneNumber, PhoneNumberConfirmed, TwoFactorEnabled, LockoutEnd, LockoutEnabled, AccessFailedCount) VALUES (N'9fc33852-8b16-4836-b4f3-21bab6697e70', N'StGiles_YH QA', N'1.1.3.1.3.', N'1.1.3.1.3.', N'StGiles_YH', null, 1, 0, N'mmN40*o2R.MK', N'08/0819', null, 1, N'0001-01-01 00:00:00.0000000', null, N'2024-07-24 12:01:36.3315576', @CreatedUserId, N'2024-07-24 12:02:50.6505331', @CreatedUserId, N'StGiles_YH.qa@stgiles_yh.org', N'STGILES_YH.QA@STGILES_YH.ORG', N'StGiles_YH.qa@stgiles_yh.org', N'STGILES_YH.QA@STGILES_YH.ORG', 1, N'AQAAAAIAAYagAAAAEADmdpA0oAX2XEe+NeCKAo7oofPSZq8/zcXDUe+lUQt5W5KxyET64Padzix5g3Xkbw==', N'ARKMR25XJ5L3CRPHHSUQOY2ZPT6RCCIB', N'7ee077b8-eb60-4b78-b089-e0b4bcd70814', N'01514244493', 0, 0, null, 1, 0);
    INSERT INTO [Identity].[User] (Id, DisplayName, ProviderId, TenantId, TenantName, ProfilePictureDataUrl, IsActive, IsLive, MemorablePlace, MemorableDate, RefreshToken, RequiresPasswordReset, RefreshTokenExpiryTime, SuperiorId, Created, CreatedBy, LastModified, LastModifiedBy, UserName, NormalizedUserName, Email, NormalizedEmail, EmailConfirmed, PasswordHash, SecurityStamp, ConcurrencyStamp, PhoneNumber, PhoneNumberConfirmed, TwoFactorEnabled, LockoutEnd, LockoutEnabled, AccessFailedCount) VALUES (N'a10582e7-3deb-4569-a354-34e57e75ea9d', N'Achieve_NW User', N'1.1.1.1.1.', N'1.1.1.1.1.', N'Achieve_NW', null, 1, 0, N'Password123!', N'45123698', null, 1, N'0001-01-01 00:00:00.0000000', null, N'2024-07-24 11:40:22.5494072', @CreatedUserId, N'2024-07-24 11:40:55.1228112', @CreatedUserId, N'Achieve_NW.user@achieve_nw.org', N'ACHIEVE_NW.USER@ACHIEVE_NW.ORG', N'Achieve_NW.user@achieve_nw.org', N'ACHIEVE_NW.USER@ACHIEVE_NW.ORG', 1, N'AQAAAAIAAYagAAAAEOzaXdqwNS7moE3eWJXZK/beaql9R7X68Ln7du01vXA61mgm4DOFIUId/R5WuzxeEQ==', N'G4UXNCWWH7NQDZSYQL72M37GN5ATFGEJ', N'62c14ab2-11c8-4e7f-96b1-7459e24933d1', N'07441231231', 0, 0, null, 1, 0);
    INSERT INTO [Identity].[User] (Id, DisplayName, ProviderId, TenantId, TenantName, ProfilePictureDataUrl, IsActive, IsLive, MemorablePlace, MemorableDate, RefreshToken, RequiresPasswordReset, RefreshTokenExpiryTime, SuperiorId, Created, CreatedBy, LastModified, LastModifiedBy, UserName, NormalizedUserName, Email, NormalizedEmail, EmailConfirmed, PasswordHash, SecurityStamp, ConcurrencyStamp, PhoneNumber, PhoneNumberConfirmed, TwoFactorEnabled, LockoutEnd, LockoutEnabled, AccessFailedCount) VALUES (N'a88b4a23-f5a9-4627-b347-6c7568a716de', N'Ingeus QA', N'1.1.2.', N'1.1.2.', N'Ingeus', null, 1, 0, N'Password123!', N'44545489', null, 1, N'0001-01-01 00:00:00.0000000', null, N'2024-07-24 11:42:26.3479380', @CreatedUserId, N'2024-07-24 11:42:52.8719304', @CreatedUserId, N'Ingeus.qa@ingeus.org', N'INGEUS.QA@INGEUS.ORG', N'Ingeus.qa@ingeus.org', N'INGEUS.QA@INGEUS.ORG', 1, N'AQAAAAIAAYagAAAAEJ13C0hUtHBd/tj/VMAGod+Lxx5skDhKgZiqPCtEMJh/Jihlh2PjK7ddlizaS1iQWA==', N'QPFM2MEV4PXGOWKWW3DMDO55MXIKCQEE', N'9bf71429-ec86-410d-b845-a0cb4e8877d8', N'07123123123', 0, 0, null, 1, 0);
    INSERT INTO [Identity].[User] (Id, DisplayName, ProviderId, TenantId, TenantName, ProfilePictureDataUrl, IsActive, IsLive, MemorablePlace, MemorableDate, RefreshToken, RequiresPasswordReset, RefreshTokenExpiryTime, SuperiorId, Created, CreatedBy, LastModified, LastModifiedBy, UserName, NormalizedUserName, Email, NormalizedEmail, EmailConfirmed, PasswordHash, SecurityStamp, ConcurrencyStamp, PhoneNumber, PhoneNumberConfirmed, TwoFactorEnabled, LockoutEnd, LockoutEnabled, AccessFailedCount) VALUES (N'ad092e45-a6ac-4fcf-b156-c2ae0699923c', N'ShawTrust_SE User', N'1.1.4.2.1.', N'1.1.4.2.1.', N'ShawTrust_SE', null, 1, 0, N'Password123!', N'454785541', null, 1, N'0001-01-01 00:00:00.0000000', null, N'2024-07-24 12:03:34.3885338', @CreatedUserId, N'2024-07-24 12:03:49.6197851', @CreatedUserId, N'ShawTrust_SE.user@shawtrust_se.org', N'SHAWTRUST_SE.USER@SHAWTRUST_SE.ORG', N'ShawTrust_SE.user@shawtrust_se.org', N'SHAWTRUST_SE.USER@SHAWTRUST_SE.ORG', 1, N'AQAAAAIAAYagAAAAEJpv1eqGgadqbXjubkK9o0vut+CSOiUfr+qQqleOOoYIFrjfQuV3e2BfW1p7VvnIrg==', N'OPVDXL6PINFR3GO3A3XM6IOK2S75RSZ6', N'4d1c7541-d0ce-4bc1-915e-8d6ac78ba58d', N'07458965231', 0, 0, null, 1, 0);
    INSERT INTO [Identity].[User] (Id, DisplayName, ProviderId, TenantId, TenantName, ProfilePictureDataUrl, IsActive, IsLive, MemorablePlace, MemorableDate, RefreshToken, RequiresPasswordReset, RefreshTokenExpiryTime, SuperiorId, Created, CreatedBy, LastModified, LastModifiedBy, UserName, NormalizedUserName, Email, NormalizedEmail, EmailConfirmed, PasswordHash, SecurityStamp, ConcurrencyStamp, PhoneNumber, PhoneNumberConfirmed, TwoFactorEnabled, LockoutEnd, LockoutEnabled, AccessFailedCount) VALUES (N'b0275b64-7357-436c-88d2-3b67ea3a361b', N'East of England Contract QA', N'1.1.4.1.', N'1.1.4.1.', N'East of England Contract', null, 1, 0, N'mmN40*o2R.MK', N'24/05/20', null, 1, N'0001-01-01 00:00:00.0000000', null, N'2024-07-24 12:11:12.9510915', @CreatedUserId, N'2024-07-24 12:12:15.9699201', @CreatedUserId, N'EastofEnglandContract.qa@eastofenglandcontract.org', N'EASTOFENGLANDCONTRACT.QA@EASTOFENGLANDCONTRACT.ORG', N'EastofEnglandContract.qa@eastofenglandcontract.org', N'EASTOFENGLANDCONTRACT.QA@EASTOFENGLANDCONTRACT.ORG', 1, N'AQAAAAIAAYagAAAAEBREfMFrB0L23srXGZmFaF2bgMZAVmwulMv10JuvO1olg+IZ8o8U3sJwl01+8fCM2g==', N'45TGPU7YJVBH7Q7OF4MGFRRZ2KMCERK4', N'e75c2eb5-8cc2-4d44-950c-5804f4645a20', N'01606592451', 0, 0, null, 1, 0);
    INSERT INTO [Identity].[User] (Id, DisplayName, ProviderId, TenantId, TenantName, ProfilePictureDataUrl, IsActive, IsLive, MemorablePlace, MemorableDate, RefreshToken, RequiresPasswordReset, RefreshTokenExpiryTime, SuperiorId, Created, CreatedBy, LastModified, LastModifiedBy, UserName, NormalizedUserName, Email, NormalizedEmail, EmailConfirmed, PasswordHash, SecurityStamp, ConcurrencyStamp, PhoneNumber, PhoneNumberConfirmed, TwoFactorEnabled, LockoutEnd, LockoutEnabled, AccessFailedCount) VALUES (N'b224e476-233c-4488-a11a-6b7a4e11eb78', N'East Midlands Contract QA', N'1.1.2.3.', N'1.1.2.3.', N'East Midlands Contract', null, 1, 0, N'Password123!', N'12345', null, 1, N'0001-01-01 00:00:00.0000000', null, N'2024-07-24 11:47:36.1933282', @CreatedUserId, N'2024-07-24 11:48:24.0616429', @CreatedUserId, N'EastMidlandsContract.qa@eastmidlandscontract.org', N'EASTMIDLANDSCONTRACT.QA@EASTMIDLANDSCONTRACT.ORG', N'EastMidlandsContract.qa@eastmidlandscontract.org', N'EASTMIDLANDSCONTRACT.QA@EASTMIDLANDSCONTRACT.ORG', 1, N'AQAAAAIAAYagAAAAEISr9GvcsXPxnNH9opwsS3ZM/L13T8GeccfeQWn4d6IAbGIFT3FJm6pMOUsrLmHz1g==', N'3C32HIA2VSQ3V47A67P7GC3NAIHCGKLE', N'cb043b63-fc55-4bbb-9159-8ce4e9674a65', N'66666666666', 0, 0, null, 1, 0);
    INSERT INTO [Identity].[User] (Id, DisplayName, ProviderId, TenantId, TenantName, ProfilePictureDataUrl, IsActive, IsLive, MemorablePlace, MemorableDate, RefreshToken, RequiresPasswordReset, RefreshTokenExpiryTime, SuperiorId, Created, CreatedBy, LastModified, LastModifiedBy, UserName, NormalizedUserName, Email, NormalizedEmail, EmailConfirmed, PasswordHash, SecurityStamp, ConcurrencyStamp, PhoneNumber, PhoneNumberConfirmed, TwoFactorEnabled, LockoutEnd, LockoutEnabled, AccessFailedCount) VALUES (N'b8ead276-e405-4cfb-b4ac-2e49869524e4', N'ChangingLives_EM QA', N'1.1.2.3.2.', N'1.1.2.3.2.', N'ChangingLives_EM', null, 1, 0, N'mmN40*o2R.MK', N'02/02/23', null, 1, N'0001-01-01 00:00:00.0000000', null, N'2024-07-24 11:45:01.2853740', @CreatedUserId, N'2024-07-24 11:50:44.6227965', @CreatedUserId, N'ChangingLives_EM.qa@changinglives_em.org', N'CHANGINGLIVES_EM.QA@CHANGINGLIVES_EM.ORG', N'ChangingLives_EM.qa@changinglives_em.org', N'CHANGINGLIVES_EM.QA@CHANGINGLIVES_EM.ORG', 1, N'AQAAAAIAAYagAAAAEDwf9PlqODRpftowRnPm8gIMXMa7GTCn+XWzXnauwSn6XLIugzcWaL82MqIrgNd35g==', N'DQXFQ2UGGMQ7Y2JNDCVNI5L27ZKHSFNN', N'3ecd223c-8837-4319-8e19-8fb9c7e4ac76', N'07432123432', 0, 0, null, 1, 0);
    INSERT INTO [Identity].[User] (Id, DisplayName, ProviderId, TenantId, TenantName, ProfilePictureDataUrl, IsActive, IsLive, MemorablePlace, MemorableDate, RefreshToken, RequiresPasswordReset, RefreshTokenExpiryTime, SuperiorId, Created, CreatedBy, LastModified, LastModifiedBy, UserName, NormalizedUserName, Email, NormalizedEmail, EmailConfirmed, PasswordHash, SecurityStamp, ConcurrencyStamp, PhoneNumber, PhoneNumberConfirmed, TwoFactorEnabled, LockoutEnd, LockoutEnabled, AccessFailedCount) VALUES (N'bd41a35a-f0bf-4fc8-bd39-096a845b600a', N'achive user', N'1.1.1.', N'1.1.1.', N'Achieve', null, 1, 0, N'sdfsdf', N'sdfsdf', null, 0, N'0001-01-01 00:00:00.0000000', null, N'2024-07-18 09:51:32.0432900', @CreatedUserId, N'2024-07-18 10:05:20.0851128', null, N'achieve.user@Achieve.org', N'ACHIEVE.USER@ACHIEVE.ORG', N'achieve.user@Achieve.org', N'ACHIEVE.USER@ACHIEVE.ORG', 1, N'AQAAAAIAAYagAAAAEKPQb/8I3liGtSSbE3yME0YjjPOQ1vGfiFlC8nhFzZ7YIcFYGlS0Ju1Y1nkQ+cV/Mw==', N'QIBS7SDSLXKZF45FQGB75XEVQ272QE6X', N'f24f37cc-d020-41b2-9c5c-11823008ebd3', null, 0, 0, null, 1, 0);
    INSERT INTO [Identity].[User] (Id, DisplayName, ProviderId, TenantId, TenantName, ProfilePictureDataUrl, IsActive, IsLive, MemorablePlace, MemorableDate, RefreshToken, RequiresPasswordReset, RefreshTokenExpiryTime, SuperiorId, Created, CreatedBy, LastModified, LastModifiedBy, UserName, NormalizedUserName, Email, NormalizedEmail, EmailConfirmed, PasswordHash, SecurityStamp, ConcurrencyStamp, PhoneNumber, PhoneNumberConfirmed, TwoFactorEnabled, LockoutEnd, LockoutEnabled, AccessFailedCount) VALUES (N'bd7e12f9-eac9-4f49-abe5-2239cdc1fa1f', N'AWayOut_NE QA', N'1.1.2.1.2.', N'1.1.2.1.2.', N'AWayOut_NE', null, 1, 0, N'homew', N'0101010', null, 1, N'0001-01-01 00:00:00.0000000', null, N'2024-07-24 11:37:12.1244048', @CreatedUserId, N'2024-07-24 11:37:30.1744640', @CreatedUserId, N'AWayOut_NE.qa@awayout_ne.org', N'AWAYOUT_NE.QA@AWAYOUT_NE.ORG', N'AWayOut_NE.qa@awayout_ne.org', N'AWAYOUT_NE.QA@AWAYOUT_NE.ORG', 1, N'AQAAAAIAAYagAAAAELCfP+dUKFZPtUYxCulrjQJ7OhE/CbcfZp1tlNcC38hE2j3q1tdPa49WAB5hu6iFJA==', N'4OP6HEL3PNWFXDNCELMKEB3VBMT5UGYB', N'57c59671-6dc9-4aec-a5ea-f4e1e84e50af', N'07123123123', 0, 0, null, 1, 0);
    INSERT INTO [Identity].[User] (Id, DisplayName, ProviderId, TenantId, TenantName, ProfilePictureDataUrl, IsActive, IsLive, MemorablePlace, MemorableDate, RefreshToken, RequiresPasswordReset, RefreshTokenExpiryTime, SuperiorId, Created, CreatedBy, LastModified, LastModifiedBy, UserName, NormalizedUserName, Email, NormalizedEmail, EmailConfirmed, PasswordHash, SecurityStamp, ConcurrencyStamp, PhoneNumber, PhoneNumberConfirmed, TwoFactorEnabled, LockoutEnd, LockoutEnabled, AccessFailedCount) VALUES (N'bf4eca61-1694-45c5-a915-ff3626301e36', N'ChangingLives_EM User', N'1.1.2.3.2.', N'1.1.2.3.2.', N'ChangingLives_EM', null, 1, 0, N'12345', N'11/11/20', null, 1, N'0001-01-01 00:00:00.0000000', null, N'2024-07-24 11:49:14.7324944', @CreatedUserId, N'2024-07-24 11:52:33.7434378', @CreatedUserId, N'ChangingLives_EM.user@changinglives_em.org', N'CHANGINGLIVES_EM.USER@CHANGINGLIVES_EM.ORG', N'ChangingLives_EM.user@changinglives_em.org', N'CHANGINGLIVES_EM.USER@CHANGINGLIVES_EM.ORG', 1, N'AQAAAAIAAYagAAAAEK0srPjx3QTpD/493SvcKEW+sYF5cB9/wHpqPDyio+sGjqxZQZSumYtccONYmBXNMg==', N'XLCED44ZMYZUNCDGOWL67PTBMTW3OUAA', N'4d8eb4fd-7eac-474a-ae65-c69492fec10f', N'07983260909', 0, 0, null, 1, 0);
    INSERT INTO [Identity].[User] (Id, DisplayName, ProviderId, TenantId, TenantName, ProfilePictureDataUrl, IsActive, IsLive, MemorablePlace, MemorableDate, RefreshToken, RequiresPasswordReset, RefreshTokenExpiryTime, SuperiorId, Created, CreatedBy, LastModified, LastModifiedBy, UserName, NormalizedUserName, Email, NormalizedEmail, EmailConfirmed, PasswordHash, SecurityStamp, ConcurrencyStamp, PhoneNumber, PhoneNumberConfirmed, TwoFactorEnabled, LockoutEnd, LockoutEnabled, AccessFailedCount) VALUES (N'bff3e17e-9784-40ae-a8d0-cd085d065b23', N'Seetec QA', N'1.1.6.', N'1.1.6.', N'Seetec', null, 1, 0, N'Password123!', N'674590', null, 1, N'0001-01-01 00:00:00.0000000', null, N'2024-07-24 12:08:26.8241380', @CreatedUserId, N'2024-07-24 12:09:02.4391794', @CreatedUserId, N'Seetec.qa@seetec.org', N'SEETEC.QA@SEETEC.ORG', N'Seetec.qa@seetec.org', N'SEETEC.QA@SEETEC.ORG', 1, N'AQAAAAIAAYagAAAAENtoW8EH7+yYJL1llIruk6bYN5cDylnoO5fmJp/1cCWhvKYR175Fwz0OzaO+P+i7Gg==', N'6DEPZKBWOQGTM3TYG3KBKQSJHGA2ZWNL', N'9cdaeac0-5754-468b-8b23-9dfc1550247d', N'09671234', 0, 0, null, 1, 0);
    INSERT INTO [Identity].[User] (Id, DisplayName, ProviderId, TenantId, TenantName, ProfilePictureDataUrl, IsActive, IsLive, MemorablePlace, MemorableDate, RefreshToken, RequiresPasswordReset, RefreshTokenExpiryTime, SuperiorId, Created, CreatedBy, LastModified, LastModifiedBy, UserName, NormalizedUserName, Email, NormalizedEmail, EmailConfirmed, PasswordHash, SecurityStamp, ConcurrencyStamp, PhoneNumber, PhoneNumberConfirmed, TwoFactorEnabled, LockoutEnd, LockoutEnabled, AccessFailedCount) VALUES (N'cff25b43-7c5f-499a-a3f6-d8e32ae3b0de', N'Igneus_NE QA', N'1.1.2.1.1.', N'1.1.2.1.1.', N'Igneus_NE', null, 1, 0, N'Password123!', N'45895623', null, 1, N'0001-01-01 00:00:00.0000000', null, N'2024-07-24 11:52:22.0429854', @CreatedUserId, N'2024-07-24 11:53:24.5666526', @CreatedUserId, N'Igneus_NE.qa@igneus_ne.org', N'IGNEUS_NE.QA@IGNEUS_NE.ORG', N'Igneus_NE.qa@igneus_ne.org', N'IGNEUS_NE.QA@IGNEUS_NE.ORG', 1, N'AQAAAAIAAYagAAAAECtHKAWSTxQ7szZgpAvmIKp9qY4yhS7c7gA4vlS5x6fYF5Ylr6gXmEig4Q2CRLh+tA==', N'57KCUM22WXWY24MFR2POG3N7H3GE3536', N'4d42c1c9-694f-4623-9a5e-e92029acd8cc', N'07154895623', 0, 0, null, 1, 0);
    INSERT INTO [Identity].[User] (Id, DisplayName, ProviderId, TenantId, TenantName, ProfilePictureDataUrl, IsActive, IsLive, MemorablePlace, MemorableDate, RefreshToken, RequiresPasswordReset, RefreshTokenExpiryTime, SuperiorId, Created, CreatedBy, LastModified, LastModifiedBy, UserName, NormalizedUserName, Email, NormalizedEmail, EmailConfirmed, PasswordHash, SecurityStamp, ConcurrencyStamp, PhoneNumber, PhoneNumberConfirmed, TwoFactorEnabled, LockoutEnd, LockoutEnabled, AccessFailedCount) VALUES (N'dc339552-334c-41e0-8d5e-a5a4e06398a9', N'SMT', N'1.1.', N'1.1.', N'CFO Evolution', null, 1, 0, N'sdsdf', N'sdfsddsf', null, 0, N'0001-01-01 00:00:00.0000000', null, N'2024-07-18 09:49:00.4535673', @CreatedUserId, N'2024-07-18 10:04:18.4860271', null, N'smt@justice.gov.uk', N'SMT@JUSTICE.GOV.UK', N'smt@justice.gov.uk', N'SMT@JUSTICE.GOV.UK', 1, N'AQAAAAIAAYagAAAAELxakrYyp0xNiT0rPi86vASc6GpynC6UHtexDR4g2hR4nObiRcAKB/ZvgcyO3+pidg==', N'VEOLHI5E7JIVNKCNH2J43MSEQIAL6ANZ', N'3b36bf04-352d-4858-b3d2-52785bec5c34', null, 0, 0, null, 1, 0);
    INSERT INTO [Identity].[User] (Id, DisplayName, ProviderId, TenantId, TenantName, ProfilePictureDataUrl, IsActive, IsLive, MemorablePlace, MemorableDate, RefreshToken, RequiresPasswordReset, RefreshTokenExpiryTime, SuperiorId, Created, CreatedBy, LastModified, LastModifiedBy, UserName, NormalizedUserName, Email, NormalizedEmail, EmailConfirmed, PasswordHash, SecurityStamp, ConcurrencyStamp, PhoneNumber, PhoneNumberConfirmed, TwoFactorEnabled, LockoutEnd, LockoutEnabled, AccessFailedCount) VALUES (N'e86a4995-aa47-46a5-964e-47da22ae3351', N'Igneus_NE User', N'1.1.2.1.1.', N'1.1.2.1.1.', N'Igneus_NE', null, 1, 0, N'Password123!', N'12345897', null, 1, N'0001-01-01 00:00:00.0000000', null, N'2024-07-24 11:54:54.9532535', @CreatedUserId, N'2024-07-24 11:55:28.9334313', @CreatedUserId, N'Igneus_NE.user@igneus_ne.org', N'IGNEUS_NE.USER@IGNEUS_NE.ORG', N'Igneus_NE.user@igneus_ne.org', N'IGNEUS_NE.USER@IGNEUS_NE.ORG', 1, N'AQAAAAIAAYagAAAAEEhffDlZoMBPNspivl3yjLN5DwQDU9rv87rk50Nlt3T2xqXY7YoWEtJ9n9+yj0wCYg==', N'A35ZPC5KLZS3ZFBEV3733IGEUFSPTG2U', N'b5bcdcee-48e6-4162-a1c6-8f2dc9bd9e7e', N'07485959874', 0, 0, null, 1, 0);
    INSERT INTO [Identity].[User] (Id, DisplayName, ProviderId, TenantId, TenantName, ProfilePictureDataUrl, IsActive, IsLive, MemorablePlace, MemorableDate, RefreshToken, RequiresPasswordReset, RefreshTokenExpiryTime, SuperiorId, Created, CreatedBy, LastModified, LastModifiedBy, UserName, NormalizedUserName, Email, NormalizedEmail, EmailConfirmed, PasswordHash, SecurityStamp, ConcurrencyStamp, PhoneNumber, PhoneNumberConfirmed, TwoFactorEnabled, LockoutEnd, LockoutEnabled, AccessFailedCount) VALUES (N'eaf5afcd-2878-4e59-b746-127f7ebf506f', N'LAT_EM User', N'1.1.2.3.3.', N'1.1.2.3.3.', N'LAT_EM', null, 1, 0, N'Password123!', N'123344', null, 1, N'0001-01-01 00:00:00.0000000', null, N'2024-07-24 11:55:12.2899494', @CreatedUserId, N'2024-07-24 11:56:05.5240502', @CreatedUserId, N'LAT_EM.user@lat_em.org', N'LAT_EM.USER@LAT_EM.ORG', N'LAT_EM.user@lat_em.org', N'LAT_EM.USER@LAT_EM.ORG', 1, N'AQAAAAIAAYagAAAAEB+fsyU7a4nDmEFY8TPeaUUIS6cq5rnslJkoErYll+Oh5o3g+encf2oB8yFaykJZAA==', N'JP5LT2MVBFOPCBMVITJ7HBZH5GLCRWW3', N'c40edcdb-4b6b-49d1-9f2d-117161331ff5', N'33333333333', 0, 0, null, 1, 0);
    INSERT INTO [Identity].[User] (Id, DisplayName, ProviderId, TenantId, TenantName, ProfilePictureDataUrl, IsActive, IsLive, MemorablePlace, MemorableDate, RefreshToken, RequiresPasswordReset, RefreshTokenExpiryTime, SuperiorId, Created, CreatedBy, LastModified, LastModifiedBy, UserName, NormalizedUserName, Email, NormalizedEmail, EmailConfirmed, PasswordHash, SecurityStamp, ConcurrencyStamp, PhoneNumber, PhoneNumberConfirmed, TwoFactorEnabled, LockoutEnd, LockoutEnabled, AccessFailedCount) VALUES (N'f07e506f-fbd0-4417-8dd5-890c2b7b4edf', N'Reed_LND QA', N'1.1.5.1.1.', N'1.1.5.1.1.', N'Reed_LND', null, 1, 0, N'Password123!', N'124569', null, 1, N'0001-01-01 00:00:00.0000000', null, N'2024-07-24 12:14:01.9283262', @CreatedUserId, N'2024-07-24 12:14:18.1487054', @CreatedUserId, N'Reed_LND.qa@reed_lnd.org', N'REED_LND.QA@REED_LND.ORG', N'Reed_LND.qa@reed_lnd.org', N'REED_LND.QA@REED_LND.ORG', 1, N'AQAAAAIAAYagAAAAEJKL5wzFl1Tcngz5JH0aTGv+6uaTjVqrevxlQcXtzWUw/gvWvG6/EweFZqfMkGt6og==', N'QXOEL326WCAIGUTLFZJDH6RWP6SZVDTJ', N'5f68af3b-ea70-4ae3-9f71-63fd12f65a74', N'07451213659', 0, 0, null, 1, 0);
    INSERT INTO [Identity].[User] (Id, DisplayName, ProviderId, TenantId, TenantName, ProfilePictureDataUrl, IsActive, IsLive, MemorablePlace, MemorableDate, RefreshToken, RequiresPasswordReset, RefreshTokenExpiryTime, SuperiorId, Created, CreatedBy, LastModified, LastModifiedBy, UserName, NormalizedUserName, Email, NormalizedEmail, EmailConfirmed, PasswordHash, SecurityStamp, ConcurrencyStamp, PhoneNumber, PhoneNumberConfirmed, TwoFactorEnabled, LockoutEnd, LockoutEnabled, AccessFailedCount) VALUES (N'f4480c06-7322-4272-85b3-594c84778293', N'Seetec User', N'1.1.6.', N'1.1.6.', N'Seetec', null, 1, 0, N'Password123!', N'9766314', null, 1, N'0001-01-01 00:00:00.0000000', null, N'2024-07-24 12:10:34.5305968', @CreatedUserId, N'2024-07-24 12:11:04.3627414', @CreatedUserId, N'Seetec.user@seetec.org', N'SEETEC.USER@SEETEC.ORG', N'Seetec.user@seetec.org', N'SEETEC.USER@SEETEC.ORG', 1, N'AQAAAAIAAYagAAAAEMH+Q6PQy1vmGd4SnGq1z+uBEqxAqUesMJbMXa7GLINUBlxyPM54dNO8iUZRa3SnqA==', N'EZZNOGNUUR76ZSBVDXMUPUOHPWNMDHWQ', N'652e8414-5c6f-45ad-8fe9-2d64e64bce80', N'6734234', 0, 0, null, 1, 0);
    INSERT INTO [Identity].[User] (Id, DisplayName, ProviderId, TenantId, TenantName, ProfilePictureDataUrl, IsActive, IsLive, MemorablePlace, MemorableDate, RefreshToken, RequiresPasswordReset, RefreshTokenExpiryTime, SuperiorId, Created, CreatedBy, LastModified, LastModifiedBy, UserName, NormalizedUserName, Email, NormalizedEmail, EmailConfirmed, PasswordHash, SecurityStamp, ConcurrencyStamp, PhoneNumber, PhoneNumberConfirmed, TwoFactorEnabled, LockoutEnd, LockoutEnabled, AccessFailedCount) VALUES (N'f4e05295-c8c5-4125-be00-382ddc946286', N'North West Contract User', N'1.1.1.1.', N'1.1.1.1.', N'North West Contract', null, 1, 0, N'drf.gnjx grf', N'11/12/23', null, 1, N'0001-01-01 00:00:00.0000000', null, N'2024-07-24 11:23:38.8656483', @CreatedUserId, N'2024-07-24 11:27:07.8397355', @CreatedUserId, N'NorthWestContract.user@northwestcontract.org', N'NORTHWESTCONTRACT.USER@NORTHWESTCONTRACT.ORG', N'NorthWestContract.user@northwestcontract.org', N'NORTHWESTCONTRACT.USER@NORTHWESTCONTRACT.ORG', 1, N'AQAAAAIAAYagAAAAEMJfu+FKugMzLWT7g/fAYOZf0zAv9txTGyhDiIST87kNbyuLGgE2+C16gflNLqOT2g==', N'EKV6XMSQKBB37UI4FAB3JL57XUAO4XNH', N'eda22bbb-64b7-4eb8-866c-2603aab495c0', N'07123123123', 0, 0, null, 1, 0);
    INSERT INTO [Identity].[User] (Id, DisplayName, ProviderId, TenantId, TenantName, ProfilePictureDataUrl, IsActive, IsLive, MemorablePlace, MemorableDate, RefreshToken, RequiresPasswordReset, RefreshTokenExpiryTime, SuperiorId, Created, CreatedBy, LastModified, LastModifiedBy, UserName, NormalizedUserName, Email, NormalizedEmail, EmailConfirmed, PasswordHash, SecurityStamp, ConcurrencyStamp, PhoneNumber, PhoneNumberConfirmed, TwoFactorEnabled, LockoutEnd, LockoutEnabled, AccessFailedCount) VALUES (N'f9b778eb-bb07-45ea-a7e6-49287343d3f2', N'ShawTrust_EE User', N'1.1.4.1.1.', N'1.1.4.1.1.', N'ShawTrust_EE', null, 1, 0, N'Password123!', N'w5353', null, 1, N'0001-01-01 00:00:00.0000000', null, N'2024-07-24 12:10:18.5434578', @CreatedUserId, N'2024-07-24 12:10:46.0362915', @CreatedUserId, N'ShawTrust_EE.user@shawtrust_ee.org', N'SHAWTRUST_EE.USER@SHAWTRUST_EE.ORG', N'ShawTrust_EE.user@shawtrust_ee.org', N'SHAWTRUST_EE.USER@SHAWTRUST_EE.ORG', 1, N'AQAAAAIAAYagAAAAEG1H4GggOPN5PxMZD0iH9tL7jq6gRZPaQuHUrg44Ob9Neu845I9V1xmU9GY09sswUQ==', N'6PMJK5HHUR5PXANCXPEBN4U7OWVNGJFF', N'115f1481-d2ed-4e3a-a735-ac3b025077d4', N'334567890856', 0, 0, null, 1, 0);
    INSERT INTO [Identity].[User] (Id, DisplayName, ProviderId, TenantId, TenantName, ProfilePictureDataUrl, IsActive, IsLive, MemorablePlace, MemorableDate, RefreshToken, RequiresPasswordReset, RefreshTokenExpiryTime, SuperiorId, Created, CreatedBy, LastModified, LastModifiedBy, UserName, NormalizedUserName, Email, NormalizedEmail, EmailConfirmed, PasswordHash, SecurityStamp, ConcurrencyStamp, PhoneNumber, PhoneNumberConfirmed, TwoFactorEnabled, LockoutEnd, LockoutEnabled, AccessFailedCount) VALUES (N'f9c42459-01e8-4ad3-8fb6-47e159d59693', N'North East Contract User', N'1.1.2.1.', N'1.1.2.1.', N'North East Contract', null, 1, 0, N'Password123!', N'123456845', null, 1, N'0001-01-01 00:00:00.0000000', null, N'2024-07-24 11:48:12.5771633', @CreatedUserId, N'2024-07-24 11:51:05.7875573', @CreatedUserId, N'NorthEastContract.user@northeastcontract.org', N'NORTHEASTCONTRACT.USER@NORTHEASTCONTRACT.ORG', N'NorthEastContract.user@northeastcontract.org', N'NORTHEASTCONTRACT.USER@NORTHEASTCONTRACT.ORG', 1, N'AQAAAAIAAYagAAAAEJNkbDpuFwA7sbXkuv972OM1M4TESjPC643BaciFBzaC7BXw4yG1Gn+BLa+VC3A0yA==', N'NVJ2GJEQUGMSXF2M5SLTMJSGTNFUFIVT', N'd3fd54de-7056-4740-af53-f5e2ef0c9eff', N'07123123256', 0, 0, null, 1, 0);
    INSERT INTO [Identity].[User] (Id, DisplayName, ProviderId, TenantId, TenantName, ProfilePictureDataUrl, IsActive, IsLive, MemorablePlace, MemorableDate, RefreshToken, RequiresPasswordReset, RefreshTokenExpiryTime, SuperiorId, Created, CreatedBy, LastModified, LastModifiedBy, UserName, NormalizedUserName, Email, NormalizedEmail, EmailConfirmed, PasswordHash, SecurityStamp, ConcurrencyStamp, PhoneNumber, PhoneNumberConfirmed, TwoFactorEnabled, LockoutEnd, LockoutEnabled, AccessFailedCount) VALUES (N'ffe079b0-b976-4e60-bf70-06cf2bd2b065', N'London Contract User', N'1.1.5.1.', N'1.1.5.1.', N'London Contract', null, 1, 0, N'Password123!', N'123659', null, 1, N'0001-01-01 00:00:00.0000000', null, N'2024-07-24 12:09:57.1828400', @CreatedUserId, N'2024-07-24 12:12:11.9286715', @CreatedUserId, N'LondonContract.user@londoncontract.org', N'LONDONCONTRACT.USER@LONDONCONTRACT.ORG', N'LondonContract.user@londoncontract.org', N'LONDONCONTRACT.USER@LONDONCONTRACT.ORG', 1, N'AQAAAAIAAYagAAAAEBNwqdcVkVZ8RzYXP+5/sp387yt5j2nNG3alHojVXNCjxxz74jcb4+e1SEzIr5FL4g==', N'JN6P4JZVSMUDBGICD6ZGDU7XII427FAB', N'2f3fdd1b-dc57-4658-b22a-0f4aa94c8320', N'07412356894', 0, 0, null, 1, 0);

    -- remember first time passwords to prevent them being re-used
    INSERT INTO [Identity].PasswordHistory ( [UserId], [PasswordHash], [CreatedAt] )
    SELECT [Id], [PasswordHash], SYSUTCDATETIME() FROM [Identity].[User]
    WHERE [PasswordHash] IS NOT NULL;
    
    INSERT INTO [Identity].UserRole (UserId, RoleId) VALUES (N'0240afb1-78ee-497a-b42f-25f61cce5ecc', N'a6bc93b6-0c06-43e7-bc8f-8d1f1ff6f136');
    INSERT INTO [Identity].UserRole (UserId, RoleId) VALUES (N'06098b9b-2a53-4bca-81fa-81e8e1befc47', N'a6bc93b6-0c06-43e7-bc8f-8d1f1ff6f136');
    INSERT INTO [Identity].UserRole (UserId, RoleId) VALUES (N'08cdee0b-a6c2-4c5a-8ebe-2cff53789052', N'a6bc93b6-0c06-43e7-bc8f-8d1f1ff6f136');
    INSERT INTO [Identity].UserRole (UserId, RoleId) VALUES (N'0df50dc3-8acf-49f6-9509-92793bf0fdfa', N'a6bc93b6-0c06-43e7-bc8f-8d1f1ff6f136');
    INSERT INTO [Identity].UserRole (UserId, RoleId) VALUES (N'13a3fb8c-ee5a-47fa-acf7-d3430a6c66fc', N'a6bc93b6-0c06-43e7-bc8f-8d1f1ff6f136');
    INSERT INTO [Identity].UserRole (UserId, RoleId) VALUES (N'2c4343a8-50c1-4338-b1f5-c552a68beb5b', N'a6bc93b6-0c06-43e7-bc8f-8d1f1ff6f136');
    INSERT INTO [Identity].UserRole (UserId, RoleId) VALUES (N'2fe21b83-49ce-4448-9a99-918d26f8571f', N'a6bc93b6-0c06-43e7-bc8f-8d1f1ff6f136');
    INSERT INTO [Identity].UserRole (UserId, RoleId) VALUES (N'31bfbd95-fac0-4413-9388-59e344d70c39', N'a6bc93b6-0c06-43e7-bc8f-8d1f1ff6f136');
    INSERT INTO [Identity].UserRole (UserId, RoleId) VALUES (N'31c433ea-6392-4343-8d4d-c90e11ae9a96', N'a6bc93b6-0c06-43e7-bc8f-8d1f1ff6f136');
    INSERT INTO [Identity].UserRole (UserId, RoleId) VALUES (N'484bb01b-ad4f-46f0-a2b0-2697b2dbaa51', N'a6bc93b6-0c06-43e7-bc8f-8d1f1ff6f136');
    INSERT INTO [Identity].UserRole (UserId, RoleId) VALUES (N'579e92f6-80c4-4578-8902-fa71709c25c8', N'a6bc93b6-0c06-43e7-bc8f-8d1f1ff6f136');
    INSERT INTO [Identity].UserRole (UserId, RoleId) VALUES (N'626e57ae-29c5-4c2b-ac4b-4e509ec2677d', N'a6bc93b6-0c06-43e7-bc8f-8d1f1ff6f136');
    INSERT INTO [Identity].UserRole (UserId, RoleId) VALUES (N'651a59da-2d85-425a-80df-b85721135ed1', N'a6bc93b6-0c06-43e7-bc8f-8d1f1ff6f136');
    INSERT INTO [Identity].UserRole (UserId, RoleId) VALUES (N'65afa19b-908b-4469-8019-2939c7604cb1', N'a6bc93b6-0c06-43e7-bc8f-8d1f1ff6f136');
    INSERT INTO [Identity].UserRole (UserId, RoleId) VALUES (N'6634e4db-4dae-44c3-b789-4f7a523f3c94', N'a6bc93b6-0c06-43e7-bc8f-8d1f1ff6f136');
    INSERT INTO [Identity].UserRole (UserId, RoleId) VALUES (N'669d758c-df88-4daf-936d-d2777cb2861d', N'a6bc93b6-0c06-43e7-bc8f-8d1f1ff6f136');
    INSERT INTO [Identity].UserRole (UserId, RoleId) VALUES (N'6efb5b92-eba8-476e-8535-6cea7d4a8a1f', N'a6bc93b6-0c06-43e7-bc8f-8d1f1ff6f136');
    INSERT INTO [Identity].UserRole (UserId, RoleId) VALUES (N'6f74f2b0-3725-4868-b4d3-31bebd2d3e43', N'a6bc93b6-0c06-43e7-bc8f-8d1f1ff6f136');
    INSERT INTO [Identity].UserRole (UserId, RoleId) VALUES (N'85bbd0e6-1db3-41b0-affc-ecbf44efd29d', N'a6bc93b6-0c06-43e7-bc8f-8d1f1ff6f136');
    INSERT INTO [Identity].UserRole (UserId, RoleId) VALUES (N'897ccf79-c30d-49ea-997b-723985aac12e', N'a6bc93b6-0c06-43e7-bc8f-8d1f1ff6f136');
    INSERT INTO [Identity].UserRole (UserId, RoleId) VALUES (N'8a9711cd-5d08-477c-aa94-b2e72cf1101b', N'a6bc93b6-0c06-43e7-bc8f-8d1f1ff6f136');
    INSERT INTO [Identity].UserRole (UserId, RoleId) VALUES (N'8cb4b1a7-c338-46e1-ad41-ef151384ec3e', N'a6bc93b6-0c06-43e7-bc8f-8d1f1ff6f136');
    INSERT INTO [Identity].UserRole (UserId, RoleId) VALUES (N'9424573a-8b6d-425f-a952-b062c3c5f6be', N'a6bc93b6-0c06-43e7-bc8f-8d1f1ff6f136');
    INSERT INTO [Identity].UserRole (UserId, RoleId) VALUES (N'969cd7a3-a9c4-4389-91df-1add45b17dbb', N'a6bc93b6-0c06-43e7-bc8f-8d1f1ff6f136');
    INSERT INTO [Identity].UserRole (UserId, RoleId) VALUES (N'9fc33852-8b16-4836-b4f3-21bab6697e70', N'a6bc93b6-0c06-43e7-bc8f-8d1f1ff6f136');
    INSERT INTO [Identity].UserRole (UserId, RoleId) VALUES (N'a88b4a23-f5a9-4627-b347-6c7568a716de', N'a6bc93b6-0c06-43e7-bc8f-8d1f1ff6f136');
    INSERT INTO [Identity].UserRole (UserId, RoleId) VALUES (N'b0275b64-7357-436c-88d2-3b67ea3a361b', N'a6bc93b6-0c06-43e7-bc8f-8d1f1ff6f136');
    INSERT INTO [Identity].UserRole (UserId, RoleId) VALUES (N'b224e476-233c-4488-a11a-6b7a4e11eb78', N'a6bc93b6-0c06-43e7-bc8f-8d1f1ff6f136');
    INSERT INTO [Identity].UserRole (UserId, RoleId) VALUES (N'b8ead276-e405-4cfb-b4ac-2e49869524e4', N'a6bc93b6-0c06-43e7-bc8f-8d1f1ff6f136');
    INSERT INTO [Identity].UserRole (UserId, RoleId) VALUES (N'bd7e12f9-eac9-4f49-abe5-2239cdc1fa1f', N'a6bc93b6-0c06-43e7-bc8f-8d1f1ff6f136');
    INSERT INTO [Identity].UserRole (UserId, RoleId) VALUES (N'bff3e17e-9784-40ae-a8d0-cd085d065b23', N'a6bc93b6-0c06-43e7-bc8f-8d1f1ff6f136');
    INSERT INTO [Identity].UserRole (UserId, RoleId) VALUES (N'cff25b43-7c5f-499a-a3f6-d8e32ae3b0de', N'a6bc93b6-0c06-43e7-bc8f-8d1f1ff6f136');
    INSERT INTO [Identity].UserRole (UserId, RoleId) VALUES (N'f07e506f-fbd0-4417-8dd5-890c2b7b4edf', N'a6bc93b6-0c06-43e7-bc8f-8d1f1ff6f136');
    INSERT INTO [Identity].UserRole (UserId, RoleId) VALUES (N'9a699330-f706-401b-9fc1-fafd63b69c5c', N'c1d2e3f4-5g6h-7i8j-9k0l-1m2n3o4p5q6r');
    INSERT INTO [Identity].UserRole (UserId, RoleId) VALUES (N'77467465-c7b2-40f8-b145-219225ae1459', N'd3e4f5g6-7h8i-9j0k-1l2m-3n4o5p6q7r8s');
    INSERT INTO [Identity].UserRole (UserId, RoleId) VALUES (N'1113c865-21f4-43c2-a03d-b7936da3b18b', N'e5f6g7h8-9i0j-1k2l-3m4n-5o6p7q8r9s0t');
    INSERT INTO [Identity].UserRole (UserId, RoleId) VALUES (N'dc339552-334c-41e0-8d5e-a5a4e06398a9', N'f7g8h9i0-1j2k-3l4m-5n6o-7p8q9r0s1t2u');
    INSERT INTO [Identity].UserRole (UserId, RoleId) VALUES (@CreatedUserId, N'g7hf2g5f-5g9a-7gb1-d5f3-7f3e5f2f5g7g');

    INSERT INTO Configuration.Contract (Id, LotNumber, LifetimeStart, LifetimeEnd, Description, TenantId, Created, CreatedBy, LastModified, LastModifiedBy) VALUES (N'con_24036', 1, @Created, N'2029-03-31 23:59:59.0000000', N'North West', N'1.1.1.1.', @Created, @CreatedUserId, null, null);
    INSERT INTO Configuration.Contract (Id, LotNumber, LifetimeStart, LifetimeEnd, Description, TenantId, Created, CreatedBy, LastModified, LastModifiedBy) VALUES (N'con_24037', 2, @Created, N'2029-03-31 23:59:59.0000000', N'North East', N'1.1.2.1.', @Created, @CreatedUserId, null, null);
    INSERT INTO Configuration.Contract (Id, LotNumber, LifetimeStart, LifetimeEnd, Description, TenantId, Created, CreatedBy, LastModified, LastModifiedBy) VALUES (N'con_24038', 3, @Created, N'2029-03-31 23:59:59.0000000', N'Yorkshire and Humberside', N'1.1.3.1.', @Created, @CreatedUserId, null, null);
    INSERT INTO Configuration.Contract (Id, LotNumber, LifetimeStart, LifetimeEnd, Description, TenantId, Created, CreatedBy, LastModified, LastModifiedBy) VALUES (N'con_24041', 4, @Created, N'2029-03-31 23:59:59.0000000', N'West Midlands', N'1.1.2.2.', @Created, @CreatedUserId, null, null);
    INSERT INTO Configuration.Contract (Id, LotNumber, LifetimeStart, LifetimeEnd, Description, TenantId, Created, CreatedBy, LastModified, LastModifiedBy) VALUES (N'con_24042', 5, @Created, N'2029-03-31 23:59:59.0000000', N'East Midlands', N'1.1.2.3.', @Created, @CreatedUserId, null, null);
    INSERT INTO Configuration.Contract (Id, LotNumber, LifetimeStart, LifetimeEnd, Description, TenantId, Created, CreatedBy, LastModified, LastModifiedBy) VALUES (N'con_24043', 6, @Created, N'2029-03-31 23:59:59.0000000', N'East Of England', N'1.1.4.1.', @Created, @CreatedUserId, null, null);
    INSERT INTO Configuration.Contract (Id, LotNumber, LifetimeStart, LifetimeEnd, Description, TenantId, Created, CreatedBy, LastModified, LastModifiedBy) VALUES (N'con_24044', 7, @Created, N'2029-03-31 23:59:59.0000000', N'London', N'1.1.5.1.', @Created, @CreatedUserId, null, null);
    INSERT INTO Configuration.Contract (Id, LotNumber, LifetimeStart, LifetimeEnd, Description, TenantId, Created, CreatedBy, LastModified, LastModifiedBy) VALUES (N'con_24045', 8, @Created, N'2029-03-31 23:59:59.0000000', N'South West', N'1.1.6.1.', @Created, @CreatedUserId, null, null);
    INSERT INTO Configuration.Contract (Id, LotNumber, LifetimeStart, LifetimeEnd, Description, TenantId, Created, CreatedBy, LastModified, LastModifiedBy) VALUES (N'con_24046', 9, @Created, N'2029-03-31 23:59:59.0000000', N'South East', N'1.1.4.2.', @Created, @CreatedUserId, null, null);

    SET IDENTITY_INSERT [Configuration].[KeyValue] ON;

    INSERT INTO Configuration.KeyValue (Id, Name, Value, Text, Description, Created, CreatedBy, LastModified, LastModifiedBy) VALUES (1, N'ReferralSource', N'CFO Evolution Provider', N'CFO Evolution Provider', N'A referral source', @Created, @CreatedUserId, null, null);
    INSERT INTO Configuration.KeyValue (Id, Name, Value, Text, Description, Created, CreatedBy, LastModified, LastModifiedBy) VALUES (2, N'ReferralSource', N'Probation', N'Probation', N'A referral source', @Created, @CreatedUserId, null, null);
    INSERT INTO Configuration.KeyValue (Id, Name, Value, Text, Description, Created, CreatedBy, LastModified, LastModifiedBy) VALUES (3, N'ReferralSource', N'Approved Premises', N'Approved Premises', N'A referral source', @Created, @CreatedUserId, null, null);
    INSERT INTO Configuration.KeyValue (Id, Name, Value, Text, Description, Created, CreatedBy, LastModified, LastModifiedBy) VALUES (4, N'ReferralSource', N'CAS2', N'CAS2', N'A referral source', @Created, @CreatedUserId, null, null);
    INSERT INTO Configuration.KeyValue (Id, Name, Value, Text, Description, Created, CreatedBy, LastModified, LastModifiedBy) VALUES (5, N'ReferralSource', N'CAS3', N'CAS3', N'A referral source', @Created, @CreatedUserId, null, null);
    INSERT INTO Configuration.KeyValue (Id, Name, Value, Text, Description, Created, CreatedBy, LastModified, LastModifiedBy) VALUES (6, N'ReferralSource', N'Custodial Family Services', N'Custodial Family Services', N'A referral source', @Created, @CreatedUserId, null, null);
    INSERT INTO Configuration.KeyValue (Id, Name, Value, Text, Description, Created, CreatedBy, LastModified, LastModifiedBy) VALUES (7, N'ReferralSource', N'CRS - Women', N'CRS- Women', N'A referral source', @Created, @CreatedUserId, null, null);
    INSERT INTO Configuration.KeyValue (Id, Name, Value, Text, Description, Created, CreatedBy, LastModified, LastModifiedBy) VALUES (8, N'ReferralSource', N'CRS - Personal Wellbeing', N'CRS- Personal Wellbeing', N'A referral source', @Created, @CreatedUserId, null, null);
    INSERT INTO Configuration.KeyValue (Id, Name, Value, Text, Description, Created, CreatedBy, LastModified, LastModifiedBy) VALUES (9, N'ReferralSource', N'CRS - Dependency & Recovery', N'CRS- Dependency & Recovery', N'A referral source', @Created, @CreatedUserId, null, null);
    INSERT INTO Configuration.KeyValue (Id, Name, Value, Text, Description, Created, CreatedBy, LastModified, LastModifiedBy) VALUES (10, N'ReferralSource', N'CRS - Accommodation', N'CRS- Accommodation', N'A referral source', @Created, @CreatedUserId, null, null);
    INSERT INTO Configuration.KeyValue (Id, Name, Value, Text, Description, Created, CreatedBy, LastModified, LastModifiedBy) VALUES (11, N'ReferralSource', N'Custody staff', N'Custody staff', N'A referral source', @Created, @CreatedUserId, null, null);
    INSERT INTO Configuration.KeyValue (Id, Name, Value, Text, Description, Created, CreatedBy, LastModified, LastModifiedBy) VALUES (12, N'ReferralSource', N'New Futures Network', N'New Futures Network', N'A referral source', @Created, @CreatedUserId, null, null);
    INSERT INTO Configuration.KeyValue (Id, Name, Value, Text, Description, Created, CreatedBy, LastModified, LastModifiedBy) VALUES (13, N'ReferralSource', N'Prison Education Provider', N'Prison Education Provider', N'A referral source', @Created, @CreatedUserId, null, null);
    INSERT INTO Configuration.KeyValue (Id, Name, Value, Text, Description, Created, CreatedBy, LastModified, LastModifiedBy) VALUES (14, N'ReferralSource', N'DWP', N'DWP', N'A referral source', @Created, @CreatedUserId, null, null);
    INSERT INTO Configuration.KeyValue (Id, Name, Value, Text, Description, Created, CreatedBy, LastModified, LastModifiedBy) VALUES (15, N'ReferralSource', N'Healthcare', N'Healthcare', N'A referral source', @Created, @CreatedUserId, null, null);
    INSERT INTO Configuration.KeyValue (Id, Name, Value, Text, Description, Created, CreatedBy, LastModified, LastModifiedBy) VALUES (16, N'ReferralSource', N'Community / Voluntary Sector organisation', N'Community / Voluntary Sector organisation', N'A referral source', @Created, @CreatedUserId, null, null);
    INSERT INTO Configuration.KeyValue (Id, Name, Value, Text, Description, Created, CreatedBy, LastModified, LastModifiedBy) VALUES (17, N'ReferralSource', N'Local Authority', N'Local Authority', N'A referral source', @Created, @CreatedUserId, null, null);
    INSERT INTO Configuration.KeyValue (Id, Name, Value, Text, Description, Created, CreatedBy, LastModified, LastModifiedBy) VALUES (18, N'ReferralSource', N'Courts', N'Courts', N'A referral source', @Created, @CreatedUserId, null, null);
    INSERT INTO Configuration.KeyValue (Id, Name, Value, Text, Description, Created, CreatedBy, LastModified, LastModifiedBy) VALUES (19, N'ReferralSource', N'Self-referral', N'Self-referral', N'A referral source', @Created, @CreatedUserId, null, null);
    INSERT INTO Configuration.KeyValue (Id, Name, Value, Text, Description, Created, CreatedBy, LastModified, LastModifiedBy) VALUES (20, N'ReferralSource', N'Other', N'Other', N'A referral source (please state)', @Created, @CreatedUserId, null, null);

    SET IDENTITY_INSERT [Configuration].[KeyValue] OFF;

    SET IDENTITY_INSERT [Configuration].[Location] ON;

    INSERT INTO Configuration.Location (Id, Name, ContractId, LifetimeStart, LifetimeEnd, ParentLocationId, GenderProvisionId, LocationTypeId, Created, CreatedBy, LastModified, LastModifiedBy) VALUES (1, N'HMP Risley', N'con_24036', @Created, N'2029-03-31 23:59:59.0000000', null, 0, 0, @Created, @CreatedUserId, null, null);
    INSERT INTO Configuration.Location (Id, Name, ContractId, LifetimeStart, LifetimeEnd, ParentLocationId, GenderProvisionId, LocationTypeId, Created, CreatedBy, LastModified, LastModifiedBy) VALUES (2, N'HMP Lancaster Farms', N'con_24036', @Created, N'2029-03-31 23:59:59.0000000', null, 0, 0, @Created, @CreatedUserId, null, null);
    INSERT INTO Configuration.Location (Id, Name, ContractId, LifetimeStart, LifetimeEnd, ParentLocationId, GenderProvisionId, LocationTypeId, Created, CreatedBy, LastModified, LastModifiedBy) VALUES (3, N'HMP Forest Bank', N'con_24036', @Created, N'2029-03-31 23:59:59.0000000', null, 0, 1, @Created, @CreatedUserId, null, null);
    INSERT INTO Configuration.Location (Id, Name, ContractId, LifetimeStart, LifetimeEnd, ParentLocationId, GenderProvisionId, LocationTypeId, Created, CreatedBy, LastModified, LastModifiedBy) VALUES (4, N'HMP Altcourse', N'con_24036', @Created, N'2029-03-31 23:59:59.0000000', null, 0, 1, @Created, @CreatedUserId, null, null);
    INSERT INTO Configuration.Location (Id, Name, ContractId, LifetimeStart, LifetimeEnd, ParentLocationId, GenderProvisionId, LocationTypeId, Created, CreatedBy, LastModified, LastModifiedBy) VALUES (5, N'HMP Preston', N'con_24036', @Created, N'2029-03-31 23:59:59.0000000', null, 0, 1, @Created, @CreatedUserId, null, null);
    INSERT INTO Configuration.Location (Id, Name, ContractId, LifetimeStart, LifetimeEnd, ParentLocationId, GenderProvisionId, LocationTypeId, Created, CreatedBy, LastModified, LastModifiedBy) VALUES (6, N'HMP Buckley Hall', N'con_24036', @Created, N'2029-03-31 23:59:59.0000000', null, 0, 2, @Created, @CreatedUserId, null, null);
    INSERT INTO Configuration.Location (Id, Name, ContractId, LifetimeStart, LifetimeEnd, ParentLocationId, GenderProvisionId, LocationTypeId, Created, CreatedBy, LastModified, LastModifiedBy) VALUES (7, N'HMP Liverpool', N'con_24036', @Created, N'2029-03-31 23:59:59.0000000', null, 0, 2, @Created, @CreatedUserId, null, null);
    INSERT INTO Configuration.Location (Id, Name, ContractId, LifetimeStart, LifetimeEnd, ParentLocationId, GenderProvisionId, LocationTypeId, Created, CreatedBy, LastModified, LastModifiedBy) VALUES (8, N'HMP Manchester', N'con_24036', @Created, N'2029-03-31 23:59:59.0000000', null, 0, 2, @Created, @CreatedUserId, null, null);
    INSERT INTO Configuration.Location (Id, Name, ContractId, LifetimeStart, LifetimeEnd, ParentLocationId, GenderProvisionId, LocationTypeId, Created, CreatedBy, LastModified, LastModifiedBy) VALUES (9, N'HMP Thorn Cross', N'con_24036', @Created, N'2029-03-31 23:59:59.0000000', null, 0, 2, @Created, @CreatedUserId, null, null);
    INSERT INTO Configuration.Location (Id, Name, ContractId, LifetimeStart, LifetimeEnd, ParentLocationId, GenderProvisionId, LocationTypeId, Created, CreatedBy, LastModified, LastModifiedBy) VALUES (10, N'HMP Haverigg', N'con_24036', @Created, N'2029-03-31 23:59:59.0000000', null, 0, 2, @Created, @CreatedUserId, null, null);
    INSERT INTO Configuration.Location (Id, Name, ContractId, LifetimeStart, LifetimeEnd, ParentLocationId, GenderProvisionId, LocationTypeId, Created, CreatedBy, LastModified, LastModifiedBy) VALUES (11, N'HMP Hindley', N'con_24036', @Created, N'2029-03-31 23:59:59.0000000', null, 0, 2, @Created, @CreatedUserId, null, null);
    INSERT INTO Configuration.Location (Id, Name, ContractId, LifetimeStart, LifetimeEnd, ParentLocationId, GenderProvisionId, LocationTypeId, Created, CreatedBy, LastModified, LastModifiedBy) VALUES (12, N'HMP Kirkham', N'con_24036', @Created, N'2029-03-31 23:59:59.0000000', null, 0, 2, @Created, @CreatedUserId, null, null);
    INSERT INTO Configuration.Location (Id, Name, ContractId, LifetimeStart, LifetimeEnd, ParentLocationId, GenderProvisionId, LocationTypeId, Created, CreatedBy, LastModified, LastModifiedBy) VALUES (13, N'HMP Wymott', N'con_24036', @Created, N'2029-03-31 23:59:59.0000000', null, 0, 2, @Created, @CreatedUserId, null, null);
    INSERT INTO Configuration.Location (Id, Name, ContractId, LifetimeStart, LifetimeEnd, ParentLocationId, GenderProvisionId, LocationTypeId, Created, CreatedBy, LastModified, LastModifiedBy) VALUES (14, N'HMP Styal', N'con_24036', @Created, N'2029-03-31 23:59:59.0000000', null, 1, 3, @Created, @CreatedUserId, null, null);
    INSERT INTO Configuration.Location (Id, Name, ContractId, LifetimeStart, LifetimeEnd, ParentLocationId, GenderProvisionId, LocationTypeId, Created, CreatedBy, LastModified, LastModifiedBy) VALUES (15, N'HMP Holme House', N'con_24037', @Created, N'2029-03-31 23:59:59.0000000', null, 0, 0, @Created, @CreatedUserId, null, null);
    INSERT INTO Configuration.Location (Id, Name, ContractId, LifetimeStart, LifetimeEnd, ParentLocationId, GenderProvisionId, LocationTypeId, Created, CreatedBy, LastModified, LastModifiedBy) VALUES (16, N'HMP Northumberland', N'con_24037', @Created, N'2029-03-31 23:59:59.0000000', null, 0, 0, @Created, @CreatedUserId, null, null);
    INSERT INTO Configuration.Location (Id, Name, ContractId, LifetimeStart, LifetimeEnd, ParentLocationId, GenderProvisionId, LocationTypeId, Created, CreatedBy, LastModified, LastModifiedBy) VALUES (17, N'HMP Durham', N'con_24037', @Created, N'2029-03-31 23:59:59.0000000', null, 0, 1, @Created, @CreatedUserId, null, null);
    INSERT INTO Configuration.Location (Id, Name, ContractId, LifetimeStart, LifetimeEnd, ParentLocationId, GenderProvisionId, LocationTypeId, Created, CreatedBy, LastModified, LastModifiedBy) VALUES (18, N'HMP Kirklevington Grange', N'con_24037', @Created, N'2029-03-31 23:59:59.0000000', null, 0, 2, @Created, @CreatedUserId, null, null);
    INSERT INTO Configuration.Location (Id, Name, ContractId, LifetimeStart, LifetimeEnd, ParentLocationId, GenderProvisionId, LocationTypeId, Created, CreatedBy, LastModified, LastModifiedBy) VALUES (19, N'HMP Low Newton', N'con_24037', @Created, N'2029-03-31 23:59:59.0000000', null, 1, 3, @Created, @CreatedUserId, null, null);
    INSERT INTO Configuration.Location (Id, Name, ContractId, LifetimeStart, LifetimeEnd, ParentLocationId, GenderProvisionId, LocationTypeId, Created, CreatedBy, LastModified, LastModifiedBy) VALUES (20, N'HMP Wealstun', N'con_24038', @Created, N'2029-03-31 23:59:59.0000000', null, 0, 0, @Created, @CreatedUserId, null, null);
    INSERT INTO Configuration.Location (Id, Name, ContractId, LifetimeStart, LifetimeEnd, ParentLocationId, GenderProvisionId, LocationTypeId, Created, CreatedBy, LastModified, LastModifiedBy) VALUES (21, N'HMP Moorland', N'con_24038', @Created, N'2029-03-31 23:59:59.0000000', null, 0, 0, @Created, @CreatedUserId, null, null);
    INSERT INTO Configuration.Location (Id, Name, ContractId, LifetimeStart, LifetimeEnd, ParentLocationId, GenderProvisionId, LocationTypeId, Created, CreatedBy, LastModified, LastModifiedBy) VALUES (22, N'HMP Humber', N'con_24038', @Created, N'2029-03-31 23:59:59.0000000', null, 0, 0, @Created, @CreatedUserId, null, null);
    INSERT INTO Configuration.Location (Id, Name, ContractId, LifetimeStart, LifetimeEnd, ParentLocationId, GenderProvisionId, LocationTypeId, Created, CreatedBy, LastModified, LastModifiedBy) VALUES (23, N'HMP Doncaster', N'con_24038', @Created, N'2029-03-31 23:59:59.0000000', null, 0, 1, @Created, @CreatedUserId, null, null);
    INSERT INTO Configuration.Location (Id, Name, ContractId, LifetimeStart, LifetimeEnd, ParentLocationId, GenderProvisionId, LocationTypeId, Created, CreatedBy, LastModified, LastModifiedBy) VALUES (24, N'HMP Leeds', N'con_24038', @Created, N'2029-03-31 23:59:59.0000000', null, 0, 1, @Created, @CreatedUserId, null, null);
    INSERT INTO Configuration.Location (Id, Name, ContractId, LifetimeStart, LifetimeEnd, ParentLocationId, GenderProvisionId, LocationTypeId, Created, CreatedBy, LastModified, LastModifiedBy) VALUES (25, N'HMP Hull', N'con_24038', @Created, N'2029-03-31 23:59:59.0000000', null, 0, 1, @Created, @CreatedUserId, null, null);
    INSERT INTO Configuration.Location (Id, Name, ContractId, LifetimeStart, LifetimeEnd, ParentLocationId, GenderProvisionId, LocationTypeId, Created, CreatedBy, LastModified, LastModifiedBy) VALUES (26, N'HMP Full Sutton', N'con_24038', @Created, N'2029-03-31 23:59:59.0000000', null, 0, 2, @Created, @CreatedUserId, null, null);
    INSERT INTO Configuration.Location (Id, Name, ContractId, LifetimeStart, LifetimeEnd, ParentLocationId, GenderProvisionId, LocationTypeId, Created, CreatedBy, LastModified, LastModifiedBy) VALUES (27, N'HMP Hatfield', N'con_24038', @Created, N'2029-03-31 23:59:59.0000000', null, 0, 2, @Created, @CreatedUserId, null, null);
    INSERT INTO Configuration.Location (Id, Name, ContractId, LifetimeStart, LifetimeEnd, ParentLocationId, GenderProvisionId, LocationTypeId, Created, CreatedBy, LastModified, LastModifiedBy) VALUES (28, N'HMP Lindholme', N'con_24038', @Created, N'2029-03-31 23:59:59.0000000', null, 0, 2, @Created, @CreatedUserId, null, null);
    INSERT INTO Configuration.Location (Id, Name, ContractId, LifetimeStart, LifetimeEnd, ParentLocationId, GenderProvisionId, LocationTypeId, Created, CreatedBy, LastModified, LastModifiedBy) VALUES (29, N'HMP Askham Grange', N'con_24038', @Created, N'2029-03-31 23:59:59.0000000', null, 1, 3, @Created, @CreatedUserId, null, null);
    INSERT INTO Configuration.Location (Id, Name, ContractId, LifetimeStart, LifetimeEnd, ParentLocationId, GenderProvisionId, LocationTypeId, Created, CreatedBy, LastModified, LastModifiedBy) VALUES (30, N'HMP New Hall', N'con_24038', @Created, N'2029-03-31 23:59:59.0000000', null, 1, 3, @Created, @CreatedUserId, null, null);
    INSERT INTO Configuration.Location (Id, Name, ContractId, LifetimeStart, LifetimeEnd, ParentLocationId, GenderProvisionId, LocationTypeId, Created, CreatedBy, LastModified, LastModifiedBy) VALUES (31, N'HMP Featherstone', N'con_24041', @Created, N'2029-03-31 23:59:59.0000000', null, 0, 0, @Created, @CreatedUserId, null, null);
    INSERT INTO Configuration.Location (Id, Name, ContractId, LifetimeStart, LifetimeEnd, ParentLocationId, GenderProvisionId, LocationTypeId, Created, CreatedBy, LastModified, LastModifiedBy) VALUES (32, N'HMP Drake Hall', N'con_24041', @Created, N'2029-03-31 23:59:59.0000000', null, 0, 0, @Created, @CreatedUserId, null, null);
    INSERT INTO Configuration.Location (Id, Name, ContractId, LifetimeStart, LifetimeEnd, ParentLocationId, GenderProvisionId, LocationTypeId, Created, CreatedBy, LastModified, LastModifiedBy) VALUES (33, N'HMP Birmingham', N'con_24041', @Created, N'2029-03-31 23:59:59.0000000', null, 0, 1, @Created, @CreatedUserId, null, null);
    INSERT INTO Configuration.Location (Id, Name, ContractId, LifetimeStart, LifetimeEnd, ParentLocationId, GenderProvisionId, LocationTypeId, Created, CreatedBy, LastModified, LastModifiedBy) VALUES (34, N'HMP Brinsford', N'con_24041', @Created, N'2029-03-31 23:59:59.0000000', null, 0, 2, @Created, @CreatedUserId, null, null);
    INSERT INTO Configuration.Location (Id, Name, ContractId, LifetimeStart, LifetimeEnd, ParentLocationId, GenderProvisionId, LocationTypeId, Created, CreatedBy, LastModified, LastModifiedBy) VALUES (35, N'HMP Dovegate', N'con_24041', @Created, N'2029-03-31 23:59:59.0000000', null, 0, 2, @Created, @CreatedUserId, null, null);
    INSERT INTO Configuration.Location (Id, Name, ContractId, LifetimeStart, LifetimeEnd, ParentLocationId, GenderProvisionId, LocationTypeId, Created, CreatedBy, LastModified, LastModifiedBy) VALUES (36, N'HMP Hewell', N'con_24041', @Created, N'2029-03-31 23:59:59.0000000', null, 0, 2, @Created, @CreatedUserId, null, null);
    INSERT INTO Configuration.Location (Id, Name, ContractId, LifetimeStart, LifetimeEnd, ParentLocationId, GenderProvisionId, LocationTypeId, Created, CreatedBy, LastModified, LastModifiedBy) VALUES (37, N'HMP Oakwood', N'con_24041', @Created, N'2029-03-31 23:59:59.0000000', null, 0, 2, @Created, @CreatedUserId, null, null);
    INSERT INTO Configuration.Location (Id, Name, ContractId, LifetimeStart, LifetimeEnd, ParentLocationId, GenderProvisionId, LocationTypeId, Created, CreatedBy, LastModified, LastModifiedBy) VALUES (38, N'HMP Stoke Heath', N'con_24041', @Created, N'2029-03-31 23:59:59.0000000', null, 0, 2, @Created, @CreatedUserId, null, null);
    INSERT INTO Configuration.Location (Id, Name, ContractId, LifetimeStart, LifetimeEnd, ParentLocationId, GenderProvisionId, LocationTypeId, Created, CreatedBy, LastModified, LastModifiedBy) VALUES (39, N'HMP Swinfen Hall', N'con_24041', @Created, N'2029-03-31 23:59:59.0000000', null, 0, 2, @Created, @CreatedUserId, null, null);
    INSERT INTO Configuration.Location (Id, Name, ContractId, LifetimeStart, LifetimeEnd, ParentLocationId, GenderProvisionId, LocationTypeId, Created, CreatedBy, LastModified, LastModifiedBy) VALUES (40, N'HMP Ranby', N'con_24042', @Created, N'2029-03-31 23:59:59.0000000', null, 0, 0, @Created, @CreatedUserId, null, null);
    INSERT INTO Configuration.Location (Id, Name, ContractId, LifetimeStart, LifetimeEnd, ParentLocationId, GenderProvisionId, LocationTypeId, Created, CreatedBy, LastModified, LastModifiedBy) VALUES (41, N'HMP Nottingham', N'con_24042', @Created, N'2029-03-31 23:59:59.0000000', null, 0, 1, @Created, @CreatedUserId, null, null);
    INSERT INTO Configuration.Location (Id, Name, ContractId, LifetimeStart, LifetimeEnd, ParentLocationId, GenderProvisionId, LocationTypeId, Created, CreatedBy, LastModified, LastModifiedBy) VALUES (42, N'HMP Five Wells', N'con_24042', @Created, N'2029-03-31 23:59:59.0000000', null, 0, 2, @Created, @CreatedUserId, null, null);
    INSERT INTO Configuration.Location (Id, Name, ContractId, LifetimeStart, LifetimeEnd, ParentLocationId, GenderProvisionId, LocationTypeId, Created, CreatedBy, LastModified, LastModifiedBy) VALUES (43, N'HMP Lincoln', N'con_24042', @Created, N'2029-03-31 23:59:59.0000000', null, 0, 2, @Created, @CreatedUserId, null, null);
    INSERT INTO Configuration.Location (Id, Name, ContractId, LifetimeStart, LifetimeEnd, ParentLocationId, GenderProvisionId, LocationTypeId, Created, CreatedBy, LastModified, LastModifiedBy) VALUES (44, N'HMP North Sea Camp', N'con_24042', @Created, N'2029-03-31 23:59:59.0000000', null, 0, 2, @Created, @CreatedUserId, null, null);
    INSERT INTO Configuration.Location (Id, Name, ContractId, LifetimeStart, LifetimeEnd, ParentLocationId, GenderProvisionId, LocationTypeId, Created, CreatedBy, LastModified, LastModifiedBy) VALUES (45, N'HMP Onley', N'con_24042', @Created, N'2029-03-31 23:59:59.0000000', null, 0, 2, @Created, @CreatedUserId, null, null);
    INSERT INTO Configuration.Location (Id, Name, ContractId, LifetimeStart, LifetimeEnd, ParentLocationId, GenderProvisionId, LocationTypeId, Created, CreatedBy, LastModified, LastModifiedBy) VALUES (46, N'HMP Stocken', N'con_24042', @Created, N'2029-03-31 23:59:59.0000000', null, 0, 2, @Created, @CreatedUserId, null, null);
    INSERT INTO Configuration.Location (Id, Name, ContractId, LifetimeStart, LifetimeEnd, ParentLocationId, GenderProvisionId, LocationTypeId, Created, CreatedBy, LastModified, LastModifiedBy) VALUES (47, N'HMP Whatton', N'con_24042', @Created, N'2029-03-31 23:59:59.0000000', null, 0, 2, @Created, @CreatedUserId, null, null);
    INSERT INTO Configuration.Location (Id, Name, ContractId, LifetimeStart, LifetimeEnd, ParentLocationId, GenderProvisionId, LocationTypeId, Created, CreatedBy, LastModified, LastModifiedBy) VALUES (48, N'HMP Foston Hall', N'con_24042', @Created, N'2029-03-31 23:59:59.0000000', null, 1, 3, @Created, @CreatedUserId, null, null);
    INSERT INTO Configuration.Location (Id, Name, ContractId, LifetimeStart, LifetimeEnd, ParentLocationId, GenderProvisionId, LocationTypeId, Created, CreatedBy, LastModified, LastModifiedBy) VALUES (49, N'HMP The Mount', N'con_24043', @Created, N'2029-03-31 23:59:59.0000000', null, 0, 0, @Created, @CreatedUserId, null, null);
    INSERT INTO Configuration.Location (Id, Name, ContractId, LifetimeStart, LifetimeEnd, ParentLocationId, GenderProvisionId, LocationTypeId, Created, CreatedBy, LastModified, LastModifiedBy) VALUES (50, N'HMP Peterborough (M)', N'con_24043', @Created, N'2029-03-31 23:59:59.0000000', null, 0, 1, @Created, @CreatedUserId, null, null);
    INSERT INTO Configuration.Location (Id, Name, ContractId, LifetimeStart, LifetimeEnd, ParentLocationId, GenderProvisionId, LocationTypeId, Created, CreatedBy, LastModified, LastModifiedBy) VALUES (51, N'HMP Bedford', N'con_24043', @Created, N'2029-03-31 23:59:59.0000000', null, 0, 1, @Created, @CreatedUserId, null, null);
    INSERT INTO Configuration.Location (Id, Name, ContractId, LifetimeStart, LifetimeEnd, ParentLocationId, GenderProvisionId, LocationTypeId, Created, CreatedBy, LastModified, LastModifiedBy) VALUES (52, N'HMP Chelmsford', N'con_24043', @Created, N'2029-03-31 23:59:59.0000000', null, 0, 2, @Created, @CreatedUserId, null, null);
    INSERT INTO Configuration.Location (Id, Name, ContractId, LifetimeStart, LifetimeEnd, ParentLocationId, GenderProvisionId, LocationTypeId, Created, CreatedBy, LastModified, LastModifiedBy) VALUES (53, N'HMP Highpoint', N'con_24043', @Created, N'2029-03-31 23:59:59.0000000', null, 0, 2, @Created, @CreatedUserId, null, null);
    INSERT INTO Configuration.Location (Id, Name, ContractId, LifetimeStart, LifetimeEnd, ParentLocationId, GenderProvisionId, LocationTypeId, Created, CreatedBy, LastModified, LastModifiedBy) VALUES (54, N'HMP Hollesley Bay', N'con_24043', @Created, N'2029-03-31 23:59:59.0000000', null, 0, 2, @Created, @CreatedUserId, null, null);
    INSERT INTO Configuration.Location (Id, Name, ContractId, LifetimeStart, LifetimeEnd, ParentLocationId, GenderProvisionId, LocationTypeId, Created, CreatedBy, LastModified, LastModifiedBy) VALUES (55, N'HMP Littlehey', N'con_24043', @Created, N'2029-03-31 23:59:59.0000000', null, 0, 2, @Created, @CreatedUserId, null, null);
    INSERT INTO Configuration.Location (Id, Name, ContractId, LifetimeStart, LifetimeEnd, ParentLocationId, GenderProvisionId, LocationTypeId, Created, CreatedBy, LastModified, LastModifiedBy) VALUES (56, N'HMP Norwich', N'con_24043', @Created, N'2029-03-31 23:59:59.0000000', null, 0, 2, @Created, @CreatedUserId, null, null);
    INSERT INTO Configuration.Location (Id, Name, ContractId, LifetimeStart, LifetimeEnd, ParentLocationId, GenderProvisionId, LocationTypeId, Created, CreatedBy, LastModified, LastModifiedBy) VALUES (57, N'HMP Wayland', N'con_24043', @Created, N'2029-03-31 23:59:59.0000000', null, 0, 2, @Created, @CreatedUserId, null, null);
    INSERT INTO Configuration.Location (Id, Name, ContractId, LifetimeStart, LifetimeEnd, ParentLocationId, GenderProvisionId, LocationTypeId, Created, CreatedBy, LastModified, LastModifiedBy) VALUES (58, N'HMP Peterborough (F)', N'con_24043', @Created, N'2029-03-31 23:59:59.0000000', null, 1, 3, @Created, @CreatedUserId, null, null);
    INSERT INTO Configuration.Location (Id, Name, ContractId, LifetimeStart, LifetimeEnd, ParentLocationId, GenderProvisionId, LocationTypeId, Created, CreatedBy, LastModified, LastModifiedBy) VALUES (59, N'HMP High Down', N'con_24044', @Created, N'2029-03-31 23:59:59.0000000', null, 0, 0, @Created, @CreatedUserId, null, null);
    INSERT INTO Configuration.Location (Id, Name, ContractId, LifetimeStart, LifetimeEnd, ParentLocationId, GenderProvisionId, LocationTypeId, Created, CreatedBy, LastModified, LastModifiedBy) VALUES (60, N'HMP Wandsworth', N'con_24044', @Created, N'2029-03-31 23:59:59.0000000', null, 0, 1, @Created, @CreatedUserId, null, null);
    INSERT INTO Configuration.Location (Id, Name, ContractId, LifetimeStart, LifetimeEnd, ParentLocationId, GenderProvisionId, LocationTypeId, Created, CreatedBy, LastModified, LastModifiedBy) VALUES (61, N'HMP Thameside', N'con_24044', @Created, N'2029-03-31 23:59:59.0000000', null, 0, 1, @Created, @CreatedUserId, null, null);
    INSERT INTO Configuration.Location (Id, Name, ContractId, LifetimeStart, LifetimeEnd, ParentLocationId, GenderProvisionId, LocationTypeId, Created, CreatedBy, LastModified, LastModifiedBy) VALUES (62, N'HMP Brixton', N'con_24044', @Created, N'2029-03-31 23:59:59.0000000', null, 0, 2, @Created, @CreatedUserId, null, null);
    INSERT INTO Configuration.Location (Id, Name, ContractId, LifetimeStart, LifetimeEnd, ParentLocationId, GenderProvisionId, LocationTypeId, Created, CreatedBy, LastModified, LastModifiedBy) VALUES (63, N'HMP Feltham', N'con_24044', @Created, N'2029-03-31 23:59:59.0000000', null, 0, 2, @Created, @CreatedUserId, null, null);
    INSERT INTO Configuration.Location (Id, Name, ContractId, LifetimeStart, LifetimeEnd, ParentLocationId, GenderProvisionId, LocationTypeId, Created, CreatedBy, LastModified, LastModifiedBy) VALUES (64, N'HMP Isis', N'con_24044', @Created, N'2029-03-31 23:59:59.0000000', null, 0, 2, @Created, @CreatedUserId, null, null);
    INSERT INTO Configuration.Location (Id, Name, ContractId, LifetimeStart, LifetimeEnd, ParentLocationId, GenderProvisionId, LocationTypeId, Created, CreatedBy, LastModified, LastModifiedBy) VALUES (65, N'HMP Pentonville', N'con_24044', @Created, N'2029-03-31 23:59:59.0000000', null, 0, 2, @Created, @CreatedUserId, null, null);
    INSERT INTO Configuration.Location (Id, Name, ContractId, LifetimeStart, LifetimeEnd, ParentLocationId, GenderProvisionId, LocationTypeId, Created, CreatedBy, LastModified, LastModifiedBy) VALUES (66, N'HMP Bronzefield', N'con_24044', @Created, N'2029-03-31 23:59:59.0000000', null, 1, 3, @Created, @CreatedUserId, null, null);
    INSERT INTO Configuration.Location (Id, Name, ContractId, LifetimeStart, LifetimeEnd, ParentLocationId, GenderProvisionId, LocationTypeId, Created, CreatedBy, LastModified, LastModifiedBy) VALUES (67, N'HMP Downview', N'con_24044', @Created, N'2029-03-31 23:59:59.0000000', null, 1, 3, @Created, @CreatedUserId, null, null);
    INSERT INTO Configuration.Location (Id, Name, ContractId, LifetimeStart, LifetimeEnd, ParentLocationId, GenderProvisionId, LocationTypeId, Created, CreatedBy, LastModified, LastModifiedBy) VALUES (68, N'HMP Portland', N'con_24045', @Created, N'2029-03-31 23:59:59.0000000', null, 0, 0, @Created, @CreatedUserId, null, null);
    INSERT INTO Configuration.Location (Id, Name, ContractId, LifetimeStart, LifetimeEnd, ParentLocationId, GenderProvisionId, LocationTypeId, Created, CreatedBy, LastModified, LastModifiedBy) VALUES (69, N'HMP Exeter', N'con_24045', @Created, N'2029-03-31 23:59:59.0000000', null, 0, 1, @Created, @CreatedUserId, null, null);
    INSERT INTO Configuration.Location (Id, Name, ContractId, LifetimeStart, LifetimeEnd, ParentLocationId, GenderProvisionId, LocationTypeId, Created, CreatedBy, LastModified, LastModifiedBy) VALUES (70, N'HMP Bristol', N'con_24045', @Created, N'2029-03-31 23:59:59.0000000', null, 0, 1, @Created, @CreatedUserId, null, null);
    INSERT INTO Configuration.Location (Id, Name, ContractId, LifetimeStart, LifetimeEnd, ParentLocationId, GenderProvisionId, LocationTypeId, Created, CreatedBy, LastModified, LastModifiedBy) VALUES (71, N'HMP Channings Wood', N'con_24045', @Created, N'2029-03-31 23:59:59.0000000', null, 0, 2, @Created, @CreatedUserId, null, null);
    INSERT INTO Configuration.Location (Id, Name, ContractId, LifetimeStart, LifetimeEnd, ParentLocationId, GenderProvisionId, LocationTypeId, Created, CreatedBy, LastModified, LastModifiedBy) VALUES (72, N'HMP Dartmoor', N'con_24045', @Created, N'2029-03-31 23:59:59.0000000', null, 0, 2, @Created, @CreatedUserId, null, null);
    INSERT INTO Configuration.Location (Id, Name, ContractId, LifetimeStart, LifetimeEnd, ParentLocationId, GenderProvisionId, LocationTypeId, Created, CreatedBy, LastModified, LastModifiedBy) VALUES (73, N'HMP Leyhill', N'con_24045', @Created, N'2029-03-31 23:59:59.0000000', null, 0, 2, @Created, @CreatedUserId, null, null);
    INSERT INTO Configuration.Location (Id, Name, ContractId, LifetimeStart, LifetimeEnd, ParentLocationId, GenderProvisionId, LocationTypeId, Created, CreatedBy, LastModified, LastModifiedBy) VALUES (74, N'HMP Guys Marsh', N'con_24045', @Created, N'2029-03-31 23:59:59.0000000', null, 0, 2, @Created, @CreatedUserId, null, null);
    INSERT INTO Configuration.Location (Id, Name, ContractId, LifetimeStart, LifetimeEnd, ParentLocationId, GenderProvisionId, LocationTypeId, Created, CreatedBy, LastModified, LastModifiedBy) VALUES (75, N'HMP The Verne', N'con_24045', @Created, N'2029-03-31 23:59:59.0000000', null, 0, 2, @Created, @CreatedUserId, null, null);
    INSERT INTO Configuration.Location (Id, Name, ContractId, LifetimeStart, LifetimeEnd, ParentLocationId, GenderProvisionId, LocationTypeId, Created, CreatedBy, LastModified, LastModifiedBy) VALUES (76, N'HMP Eastwood Park', N'con_24045', @Created, N'2029-03-31 23:59:59.0000000', null, 1, 3, @Created, @CreatedUserId, null, null);
    INSERT INTO Configuration.Location (Id, Name, ContractId, LifetimeStart, LifetimeEnd, ParentLocationId, GenderProvisionId, LocationTypeId, Created, CreatedBy, LastModified, LastModifiedBy) VALUES (77, N'HMP Rochester', N'con_24046', @Created, N'2029-03-31 23:59:59.0000000', null, 0, 0, @Created, @CreatedUserId, null, null);
    INSERT INTO Configuration.Location (Id, Name, ContractId, LifetimeStart, LifetimeEnd, ParentLocationId, GenderProvisionId, LocationTypeId, Created, CreatedBy, LastModified, LastModifiedBy) VALUES (78, N'HMP Elmley', N'con_24046', @Created, N'2029-03-31 23:59:59.0000000', null, 0, 1, @Created, @CreatedUserId, null, null);
    INSERT INTO Configuration.Location (Id, Name, ContractId, LifetimeStart, LifetimeEnd, ParentLocationId, GenderProvisionId, LocationTypeId, Created, CreatedBy, LastModified, LastModifiedBy) VALUES (79, N'HMP Lewes', N'con_24046', @Created, N'2029-03-31 23:59:59.0000000', null, 0, 1, @Created, @CreatedUserId, null, null);
    INSERT INTO Configuration.Location (Id, Name, ContractId, LifetimeStart, LifetimeEnd, ParentLocationId, GenderProvisionId, LocationTypeId, Created, CreatedBy, LastModified, LastModifiedBy) VALUES (80, N'HMP Winchester', N'con_24046', @Created, N'2029-03-31 23:59:59.0000000', null, 0, 1, @Created, @CreatedUserId, null, null);
    INSERT INTO Configuration.Location (Id, Name, ContractId, LifetimeStart, LifetimeEnd, ParentLocationId, GenderProvisionId, LocationTypeId, Created, CreatedBy, LastModified, LastModifiedBy) VALUES (81, N'HMP Aylesbury', N'con_24046', @Created, N'2029-03-31 23:59:59.0000000', null, 0, 2, @Created, @CreatedUserId, null, null);
    INSERT INTO Configuration.Location (Id, Name, ContractId, LifetimeStart, LifetimeEnd, ParentLocationId, GenderProvisionId, LocationTypeId, Created, CreatedBy, LastModified, LastModifiedBy) VALUES (82, N'HMP Bullingdon', N'con_24046', @Created, N'2029-03-31 23:59:59.0000000', null, 0, 2, @Created, @CreatedUserId, null, null);
    INSERT INTO Configuration.Location (Id, Name, ContractId, LifetimeStart, LifetimeEnd, ParentLocationId, GenderProvisionId, LocationTypeId, Created, CreatedBy, LastModified, LastModifiedBy) VALUES (83, N'HMP Ford', N'con_24046', @Created, N'2029-03-31 23:59:59.0000000', null, 0, 2, @Created, @CreatedUserId, null, null);
    INSERT INTO Configuration.Location (Id, Name, ContractId, LifetimeStart, LifetimeEnd, ParentLocationId, GenderProvisionId, LocationTypeId, Created, CreatedBy, LastModified, LastModifiedBy) VALUES (84, N'HMP Spring Hill', N'con_24046', @Created, N'2029-03-31 23:59:59.0000000', null, 0, 2, @Created, @CreatedUserId, null, null);
    INSERT INTO Configuration.Location (Id, Name, ContractId, LifetimeStart, LifetimeEnd, ParentLocationId, GenderProvisionId, LocationTypeId, Created, CreatedBy, LastModified, LastModifiedBy) VALUES (85, N'HMP Stanford Hill', N'con_24046', @Created, N'2029-03-31 23:59:59.0000000', null, 0, 2, @Created, @CreatedUserId, null, null);
    INSERT INTO Configuration.Location (Id, Name, ContractId, LifetimeStart, LifetimeEnd, ParentLocationId, GenderProvisionId, LocationTypeId, Created, CreatedBy, LastModified, LastModifiedBy) VALUES (86, N'HMP Swaleside', N'con_24046', @Created, N'2029-03-31 23:59:59.0000000', null, 0, 2, @Created, @CreatedUserId, null, null);
    INSERT INTO Configuration.Location (Id, Name, ContractId, LifetimeStart, LifetimeEnd, ParentLocationId, GenderProvisionId, LocationTypeId, Created, CreatedBy, LastModified, LastModifiedBy) VALUES (87, N'HMP Woodhill', N'con_24046', @Created, N'2029-03-31 23:59:59.0000000', null, 0, 2, @Created, @CreatedUserId, null, null);
    INSERT INTO Configuration.Location (Id, Name, ContractId, LifetimeStart, LifetimeEnd, ParentLocationId, GenderProvisionId, LocationTypeId, Created, CreatedBy, LastModified, LastModifiedBy) VALUES (88, N'HMP Send', N'con_24046', @Created, N'2029-03-31 23:59:59.0000000', null, 1, 3, @Created, @CreatedUserId, null, null);
    INSERT INTO Configuration.Location (Id, Name, ContractId, LifetimeStart, LifetimeEnd, ParentLocationId, GenderProvisionId, LocationTypeId, Created, CreatedBy, LastModified, LastModifiedBy) VALUES (89, N'HMP East Sutton Park', N'con_24046', @Created, N'2029-03-31 23:59:59.0000000', null, 1, 3, @Created, @CreatedUserId, null, null);
    INSERT INTO Configuration.Location (Id, Name, ContractId, LifetimeStart, LifetimeEnd, ParentLocationId, GenderProvisionId, LocationTypeId, Created, CreatedBy, LastModified, LastModifiedBy) VALUES (90, N'North West Community', N'con_24036', @Created, N'2029-03-31 23:59:59.0000000', null, 2, 4, @Created, @CreatedUserId, null, null);
    INSERT INTO Configuration.Location (Id, Name, ContractId, LifetimeStart, LifetimeEnd, ParentLocationId, GenderProvisionId, LocationTypeId, Created, CreatedBy, LastModified, LastModifiedBy) VALUES (91, N'North East Community', N'con_24037', @Created, N'2029-03-31 23:59:59.0000000', null, 2, 4, @Created, @CreatedUserId, null, null);
    INSERT INTO Configuration.Location (Id, Name, ContractId, LifetimeStart, LifetimeEnd, ParentLocationId, GenderProvisionId, LocationTypeId, Created, CreatedBy, LastModified, LastModifiedBy) VALUES (92, N'Yorkshire and Humberside Community', N'con_24038', @Created, N'2029-03-31 23:59:59.0000000', null, 2, 4, @Created, @CreatedUserId, null, null);
    INSERT INTO Configuration.Location (Id, Name, ContractId, LifetimeStart, LifetimeEnd, ParentLocationId, GenderProvisionId, LocationTypeId, Created, CreatedBy, LastModified, LastModifiedBy) VALUES (93, N'West Midlands Community', N'con_24041', @Created, N'2029-03-31 23:59:59.0000000', null, 2, 4, @Created, @CreatedUserId, null, null);
    INSERT INTO Configuration.Location (Id, Name, ContractId, LifetimeStart, LifetimeEnd, ParentLocationId, GenderProvisionId, LocationTypeId, Created, CreatedBy, LastModified, LastModifiedBy) VALUES (94, N'East Midlands Community', N'con_24042', @Created, N'2029-03-31 23:59:59.0000000', null, 2, 4, @Created, @CreatedUserId, null, null);
    INSERT INTO Configuration.Location (Id, Name, ContractId, LifetimeStart, LifetimeEnd, ParentLocationId, GenderProvisionId, LocationTypeId, Created, CreatedBy, LastModified, LastModifiedBy) VALUES (95, N'East Of England Community', N'con_24043', @Created, N'2029-03-31 23:59:59.0000000', null, 2, 4, @Created, @CreatedUserId, null, null);
    INSERT INTO Configuration.Location (Id, Name, ContractId, LifetimeStart, LifetimeEnd, ParentLocationId, GenderProvisionId, LocationTypeId, Created, CreatedBy, LastModified, LastModifiedBy) VALUES (96, N'London Community', N'con_24044', @Created, N'2029-03-31 23:59:59.0000000', null, 2, 4, @Created, @CreatedUserId, null, null);
    INSERT INTO Configuration.Location (Id, Name, ContractId, LifetimeStart, LifetimeEnd, ParentLocationId, GenderProvisionId, LocationTypeId, Created, CreatedBy, LastModified, LastModifiedBy) VALUES (97, N'South West Community', N'con_24045', @Created, N'2029-03-31 23:59:59.0000000', null, 2, 4, @Created, @CreatedUserId, null, null);
    INSERT INTO Configuration.Location (Id, Name, ContractId, LifetimeStart, LifetimeEnd, ParentLocationId, GenderProvisionId, LocationTypeId, Created, CreatedBy, LastModified, LastModifiedBy) VALUES (98, N'South East Community', N'con_24046', @Created, N'2029-03-31 23:59:59.0000000', null, 2, 4, @Created, @CreatedUserId, null, null);
    INSERT INTO Configuration.Location (Id, Name, ContractId, LifetimeStart, LifetimeEnd, ParentLocationId, GenderProvisionId, LocationTypeId, Created, CreatedBy, LastModified, LastModifiedBy) VALUES (99, N'Manchester', N'con_24036', @Created, N'2029-03-31 23:59:59.0000000', null, 2, 5, @Created, @CreatedUserId, null, null);
    INSERT INTO Configuration.Location (Id, Name, ContractId, LifetimeStart, LifetimeEnd, ParentLocationId, GenderProvisionId, LocationTypeId, Created, CreatedBy, LastModified, LastModifiedBy) VALUES (100, N'Liverpool', N'con_24036', @Created, N'2029-03-31 23:59:59.0000000', null, 2, 5, @Created, @CreatedUserId, null, null);
    INSERT INTO Configuration.Location (Id, Name, ContractId, LifetimeStart, LifetimeEnd, ParentLocationId, GenderProvisionId, LocationTypeId, Created, CreatedBy, LastModified, LastModifiedBy) VALUES (101, N'Warrington', N'con_24036', @Created, N'2029-03-31 23:59:59.0000000', 100, 2, 6, @Created, @CreatedUserId, null, null);
    INSERT INTO Configuration.Location (Id, Name, ContractId, LifetimeStart, LifetimeEnd, ParentLocationId, GenderProvisionId, LocationTypeId, Created, CreatedBy, LastModified, LastModifiedBy) VALUES (102, N'Blackpool', N'con_24036', @Created, N'2029-03-31 23:59:59.0000000', null, 2, 5, @Created, @CreatedUserId, null, null);
    INSERT INTO Configuration.Location (Id, Name, ContractId, LifetimeStart, LifetimeEnd, ParentLocationId, GenderProvisionId, LocationTypeId, Created, CreatedBy, LastModified, LastModifiedBy) VALUES (103, N'Preston', N'con_24036', @Created, N'2029-03-31 23:59:59.0000000', 102, 2, 6, @Created, @CreatedUserId, null, null);
    INSERT INTO Configuration.Location (Id, Name, ContractId, LifetimeStart, LifetimeEnd, ParentLocationId, GenderProvisionId, LocationTypeId, Created, CreatedBy, LastModified, LastModifiedBy) VALUES (104, N'Blackburn', N'con_24036', @Created, N'2029-03-31 23:59:59.0000000', 102, 2, 6, @Created, @CreatedUserId, null, null);
    INSERT INTO Configuration.Location (Id, Name, ContractId, LifetimeStart, LifetimeEnd, ParentLocationId, GenderProvisionId, LocationTypeId, Created, CreatedBy, LastModified, LastModifiedBy) VALUES (105, N'Durham', N'con_24037', @Created, N'2029-03-31 23:59:59.0000000', null, 2, 5, @Created, @CreatedUserId, null, null);
    INSERT INTO Configuration.Location (Id, Name, ContractId, LifetimeStart, LifetimeEnd, ParentLocationId, GenderProvisionId, LocationTypeId, Created, CreatedBy, LastModified, LastModifiedBy) VALUES (106, N'Middlesbrough', N'con_24037', @Created, N'2029-03-31 23:59:59.0000000', 105, 2, 6, @Created, @CreatedUserId, null, null);
    INSERT INTO Configuration.Location (Id, Name, ContractId, LifetimeStart, LifetimeEnd, ParentLocationId, GenderProvisionId, LocationTypeId, Created, CreatedBy, LastModified, LastModifiedBy) VALUES (107, N'Darlington', N'con_24037', @Created, N'2029-03-31 23:59:59.0000000', 105, 2, 6, @Created, @CreatedUserId, null, null);
    INSERT INTO Configuration.Location (Id, Name, ContractId, LifetimeStart, LifetimeEnd, ParentLocationId, GenderProvisionId, LocationTypeId, Created, CreatedBy, LastModified, LastModifiedBy) VALUES (108, N'Sunderland', N'con_24037', @Created, N'2029-03-31 23:59:59.0000000', null, 2, 5, @Created, @CreatedUserId, null, null);
    INSERT INTO Configuration.Location (Id, Name, ContractId, LifetimeStart, LifetimeEnd, ParentLocationId, GenderProvisionId, LocationTypeId, Created, CreatedBy, LastModified, LastModifiedBy) VALUES (109, N'Newcastle', N'con_24037', @Created, N'2029-03-31 23:59:59.0000000', 108, 2, 6, @Created, @CreatedUserId, null, null);
    INSERT INTO Configuration.Location (Id, Name, ContractId, LifetimeStart, LifetimeEnd, ParentLocationId, GenderProvisionId, LocationTypeId, Created, CreatedBy, LastModified, LastModifiedBy) VALUES (110, N'Leeds', N'con_24038', @Created, N'2029-03-31 23:59:59.0000000', null, 2, 5, @Created, @CreatedUserId, null, null);
    INSERT INTO Configuration.Location (Id, Name, ContractId, LifetimeStart, LifetimeEnd, ParentLocationId, GenderProvisionId, LocationTypeId, Created, CreatedBy, LastModified, LastModifiedBy) VALUES (111, N'Bradford', N'con_24038', @Created, N'2029-03-31 23:59:59.0000000', 110, 2, 6, @Created, @CreatedUserId, null, null);
    INSERT INTO Configuration.Location (Id, Name, ContractId, LifetimeStart, LifetimeEnd, ParentLocationId, GenderProvisionId, LocationTypeId, Created, CreatedBy, LastModified, LastModifiedBy) VALUES (112, N'Huddersfield', N'con_24038', @Created, N'2029-03-31 23:59:59.0000000', 110, 2, 6, @Created, @CreatedUserId, null, null);
    INSERT INTO Configuration.Location (Id, Name, ContractId, LifetimeStart, LifetimeEnd, ParentLocationId, GenderProvisionId, LocationTypeId, Created, CreatedBy, LastModified, LastModifiedBy) VALUES (113, N'Doncaster', N'con_24038', @Created, N'2029-03-31 23:59:59.0000000', null, 2, 5, @Created, @CreatedUserId, null, null);
    INSERT INTO Configuration.Location (Id, Name, ContractId, LifetimeStart, LifetimeEnd, ParentLocationId, GenderProvisionId, LocationTypeId, Created, CreatedBy, LastModified, LastModifiedBy) VALUES (114, N'Sheffield', N'con_24038', @Created, N'2029-03-31 23:59:59.0000000', 113, 2, 6, @Created, @CreatedUserId, null, null);
    INSERT INTO Configuration.Location (Id, Name, ContractId, LifetimeStart, LifetimeEnd, ParentLocationId, GenderProvisionId, LocationTypeId, Created, CreatedBy, LastModified, LastModifiedBy) VALUES (115, N'Hull', N'con_24038', @Created, N'2029-03-31 23:59:59.0000000', null, 2, 5, @Created, @CreatedUserId, null, null);
    INSERT INTO Configuration.Location (Id, Name, ContractId, LifetimeStart, LifetimeEnd, ParentLocationId, GenderProvisionId, LocationTypeId, Created, CreatedBy, LastModified, LastModifiedBy) VALUES (116, N'Birmingham', N'con_24041', @Created, N'2029-03-31 23:59:59.0000000', null, 2, 5, @Created, @CreatedUserId, null, null);
    INSERT INTO Configuration.Location (Id, Name, ContractId, LifetimeStart, LifetimeEnd, ParentLocationId, GenderProvisionId, LocationTypeId, Created, CreatedBy, LastModified, LastModifiedBy) VALUES (117, N'Wolverhampton', N'con_24041', @Created, N'2029-03-31 23:59:59.0000000', null, 2, 5, @Created, @CreatedUserId, null, null);
    INSERT INTO Configuration.Location (Id, Name, ContractId, LifetimeStart, LifetimeEnd, ParentLocationId, GenderProvisionId, LocationTypeId, Created, CreatedBy, LastModified, LastModifiedBy) VALUES (118, N'Stoke', N'con_24041', @Created, N'2029-03-31 23:59:59.0000000', 117, 2, 6, @Created, @CreatedUserId, null, null);
    INSERT INTO Configuration.Location (Id, Name, ContractId, LifetimeStart, LifetimeEnd, ParentLocationId, GenderProvisionId, LocationTypeId, Created, CreatedBy, LastModified, LastModifiedBy) VALUES (119, N'Nottingham', N'con_24042', @Created, N'2029-03-31 23:59:59.0000000', null, 2, 5, @Created, @CreatedUserId, null, null);
    INSERT INTO Configuration.Location (Id, Name, ContractId, LifetimeStart, LifetimeEnd, ParentLocationId, GenderProvisionId, LocationTypeId, Created, CreatedBy, LastModified, LastModifiedBy) VALUES (120, N'Leicester', N'con_24042', @Created, N'2029-03-31 23:59:59.0000000', 119, 2, 6, @Created, @CreatedUserId, null, null);
    INSERT INTO Configuration.Location (Id, Name, ContractId, LifetimeStart, LifetimeEnd, ParentLocationId, GenderProvisionId, LocationTypeId, Created, CreatedBy, LastModified, LastModifiedBy) VALUES (121, N'Derby', N'con_24042', @Created, N'2029-03-31 23:59:59.0000000', 119, 2, 6, @Created, @CreatedUserId, null, null);
    INSERT INTO Configuration.Location (Id, Name, ContractId, LifetimeStart, LifetimeEnd, ParentLocationId, GenderProvisionId, LocationTypeId, Created, CreatedBy, LastModified, LastModifiedBy) VALUES (122, N'Peterborough', N'con_24043', @Created, N'2029-03-31 23:59:59.0000000', null, 2, 5, @Created, @CreatedUserId, null, null);
    INSERT INTO Configuration.Location (Id, Name, ContractId, LifetimeStart, LifetimeEnd, ParentLocationId, GenderProvisionId, LocationTypeId, Created, CreatedBy, LastModified, LastModifiedBy) VALUES (123, N'Luton', N'con_24043', @Created, N'2029-03-31 23:59:59.0000000', 122, 2, 6, @Created, @CreatedUserId, null, null);
    INSERT INTO Configuration.Location (Id, Name, ContractId, LifetimeStart, LifetimeEnd, ParentLocationId, GenderProvisionId, LocationTypeId, Created, CreatedBy, LastModified, LastModifiedBy) VALUES (124, N'Croydon', N'con_24044', @Created, N'2029-03-31 23:59:59.0000000', null, 2, 5, @Created, @CreatedUserId, null, null);
    INSERT INTO Configuration.Location (Id, Name, ContractId, LifetimeStart, LifetimeEnd, ParentLocationId, GenderProvisionId, LocationTypeId, Created, CreatedBy, LastModified, LastModifiedBy) VALUES (125, N'Lambeth', N'con_24044', @Created, N'2029-03-31 23:59:59.0000000', 124, 2, 6, @Created, @CreatedUserId, null, null);
    INSERT INTO Configuration.Location (Id, Name, ContractId, LifetimeStart, LifetimeEnd, ParentLocationId, GenderProvisionId, LocationTypeId, Created, CreatedBy, LastModified, LastModifiedBy) VALUES (126, N'Lewisham', N'con_24044', @Created, N'2029-03-31 23:59:59.0000000', 124, 2, 6, @Created, @CreatedUserId, null, null);
    INSERT INTO Configuration.Location (Id, Name, ContractId, LifetimeStart, LifetimeEnd, ParentLocationId, GenderProvisionId, LocationTypeId, Created, CreatedBy, LastModified, LastModifiedBy) VALUES (127, N'Bristol', N'con_24045', @Created, N'2029-03-31 23:59:59.0000000', null, 2, 5, @Created, @CreatedUserId, null, null);
    INSERT INTO Configuration.Location (Id, Name, ContractId, LifetimeStart, LifetimeEnd, ParentLocationId, GenderProvisionId, LocationTypeId, Created, CreatedBy, LastModified, LastModifiedBy) VALUES (128, N'Plymouth', N'con_24045', @Created, N'2029-03-31 23:59:59.0000000', 127, 2, 6, @Created, @CreatedUserId, null, null);
    INSERT INTO Configuration.Location (Id, Name, ContractId, LifetimeStart, LifetimeEnd, ParentLocationId, GenderProvisionId, LocationTypeId, Created, CreatedBy, LastModified, LastModifiedBy) VALUES (129, N'Chatham', N'con_24046', @Created, N'2029-03-31 23:59:59.0000000', null, 2, 5, @Created, @CreatedUserId, null, null);
    INSERT INTO Configuration.Location (Id, Name, ContractId, LifetimeStart, LifetimeEnd, ParentLocationId, GenderProvisionId, LocationTypeId, Created, CreatedBy, LastModified, LastModifiedBy) VALUES (130, N'Southampton', N'con_24046', @Created, N'2029-03-31 23:59:59.0000000', 129, 2, 6, @Created, @CreatedUserId, null, null);
    INSERT INTO Configuration.Location (Id, Name, ContractId, LifetimeStart, LifetimeEnd, ParentLocationId, GenderProvisionId, LocationTypeId, Created, CreatedBy, LastModified, LastModifiedBy) VALUES (131, N'Portsmouth', N'con_24046', @Created, N'2029-03-31 23:59:59.0000000', 129, 2, 6, @Created, @CreatedUserId, null, null);

    SET IDENTITY_INSERT [Configuration].[Location] OFF;


    insert into [Configuration].Tenantlocation
    (
        Locationid,
        Tenantid
    )
    select Id as [LocationId],
           '1.1.2.3.1.' as [TenantId]
    from [Configuration].[Location]
    where [Name] in ( 'HMP Foston Hall', 'HMP Stocken', 'HMP Lincoln', 'HMP Onley', 'HMP North Sea Camp', 'HMP Whatton',
                      'HMP Ranby', 'HMP Nottingham', 'HMP Five Wells', 'Nottingham', 'Leicester', 'Derby',
                      'East Midlands Community'
        )
    union
    select Id as [LocationId],
           '1.1.2.3.2.' as [TenantId]
    from [Configuration].[Location]
    where [Name] in ( 'HMP Foston Hall', 'Nottingham', 'Leicester', 'Derby', 'North East Community' )
    union
    select Id as [LocationId],
           '1.1.2.3.3.' as [TenantId]
    from [Configuration].[Location]
    where [Name] in ( 'HMP Stocken', 'HMP Lincoln', 'HMP North Sea Camp', 'HMP Whatton', 'North East Community' )
    union
    select Id as [LocationId],
           '1.1.2.2.1.' as [TenantId]
    from [Configuration].[Location]
    where [Name] in ( 'HMP Drake Hall', 'HMP Featherstone', 'HMP Birmingham', 'North West Community', 'HMP Oakwood',
                      'HMP Dovegate', 'HMP Stoke Heath', 'HMP Brinsford', 'HMP Hewell', 'HMP Swinfen Hall', 'Birmingham',
                      'Wolverhampton', 'Stoke', 'West Midlands Community'
        )
    union
    select Id as [LocationId],
           '1.1.2.2.2.' as [TenantId]
    from [Configuration].[Location]
    where [Name] in ( 'HMP Drake Hall' )
    union
    select Id as [LocationId],
           '1.1.2.2.3.' as [TenantId]
    from [Configuration].[Location]
    where [Name] in ( 'HMP Drake Hall', 'Birmingham', 'Wolverhampton', 'Stoke', 'West Midlands Community' )
    union
    select Id as [LocationId],
           '1.1.2.1.1.' as [TenantId]
    from [Configuration].[Location]
    where [Name] in ( 'HMP Holme House', 'HMP Low Newton', 'HMP Northumberland', 'HMP Durham', 'HMP Kirklevington Grange',
                      'Durham', 'Sunderland', 'Middlesbrough', 'Darlington', 'Newcastle', 'North East Community'
        )
    union
    select Id as [LocationId],
           '1.1.2.1.2.' as [TenantId]
    from [Configuration].[Location]
    where [Name] in ( 'HMP Low Newton', 'Durham', 'Sunderland', 'Middlesbrough', 'Darlington', 'Newcastle',
                      'North East Community'
        )
    union
    select Id as [LocationId],
           '1.1.2.1.3.' as [TenantId]
    from [Configuration].[Location]
    where [Name] in ( 'HMP Holme House' )
    union
    select Id as [LocationId],
           '1.1.6.1.1.' as [TenantId]
    from [Configuration].[Location]
    where [Name] in ( 'HMP Portland', 'HMP Exeter', 'HMP Bristol', 'HMP Dartmoor', 'HMP Channings Wood', 'HMP Leyhill',
                      'HMP Guys Marsh', 'HMP The Verne', 'HMP Eastwood Park', 'Bristol', 'Plymouth', 'South West Community'
        )
    union
    select Id as [LocationId],
           '1.1.5.1.1.' as [TenantId]
    from [Configuration].[Location]
    where [Name] in ( 'HMP High Down', 'HMP Wandsworth', 'HMP Thameside', 'HMP Pentonville', 'HMP Brixton', 'HMP Feltham',
                      'HMP Isis', 'HMP Bronzefield', 'HMP Downview', 'Croydon', 'Lambeth', 'Lewisham', 'London Community'
        )
    union
    select Id as [LocationId],
           '1.1.5.1.2.' as [TenantId]
    from [Configuration].[Location]
    where [Name] in ( 'HMP High Down', 'HMP Wandsworth', 'HMP Thameside', 'HMP Pentonville', 'HMP Brixton', 'HMP Feltham',
                      'HMP Isis', 'HMP Bronzefield', 'HMP Downview', 'London Community'
        )
    union
    select Id as [LocationId],
           '1.1.3.1.1.' as [TenantId]
    from [Configuration].[Location]
    where [Name] in ( 'HMP Leeds', 'HMP Askham Grange', 'HMP Full Sutton', 'HMP Wealstun', 'HMP Moorland', 'HMP Humber',
                      'HMP Doncaster', 'HMP Hull', 'HMP Hatfield', 'HMP Lindholme', 'HMP New Hall', 'Leeds', 'Doncaster',
                      'Hull', 'Bradford', 'Huddersfield', 'Sheffield', 'Yorkshire and Humberside Community'
        )
    union
    select Id as [LocationId],
           '1.1.3.1.2.' as [TenantId]
    from [Configuration].[Location]
    where [Name] in ( 'Leeds', 'Huddersfield', 'Yorkshire and Humberside Community' )
    union
    select Id as [LocationId],
           '1.1.3.1.3.' as [TenantId]
    from [Configuration].[Location]
    where [Name] in ( 'HMP Leeds', 'HMP Askham Grange', 'HMP Full Sutton', 'HMP Wealstun', 'HMP New Hall',
                      'Yorkshire and Humberside Community'
        )
    union
    select Id as [LocationId],
           '1.1.1.1.1.' as [TenantId]
    from [Configuration].[Location]
    where [Name] in ( 'HMP Risley', 'HMP Lancaster Farms', 'HMP Forest Bank', 'HMP Altcourse', 'HMP Preston',
                      'HMP Kirkham', 'HMP Liverpool', 'HMP Wymott', 'HMP Buckley Hall', 'HMP Styal', 'HMP Haverigg',
                      'HMP Hindley', 'HMP Manchester', 'HMP Thorn Cross', 'Manchester', 'Liverpool', 'Blackpool',
                      'Warrington', 'Blackburn', 'North West Community'
        )
    union
    select Id as [LocationId],
           '1.1.1.1.2.' as [TenantId]
    from [Configuration].[Location]
    where [Name] in ( 'Manchester', 'Liverpool', 'Blackpool', 'Warrington', 'Blackburn', 'Preston', 'North West Community' )
    union
    select Id as [LocationId],
           '1.1.4.2.1.' as [TenantId]
    from [Configuration].[Location]
    where [Name] in ( 'HMP Rochester', 'HMP Elmley', 'HMP Lewes', 'HMP Winchester', 'HMP Bullingdon', 'HMP Swaleside',
                      'HMP Aylesbury', 'HMP Ford', 'HMP Spring Hill', 'HMP Stanford Hill', 'HMP Woodhill',
                      'HMP East Sutton Park', 'HMP Send', 'Chatham', 'Southampton', 'Portsmouth', 'South East Community'
        )
    union
    select Id as [LocationId],
           '1.1.4.1.1.' as [TenantId]
    from [Configuration].[Location]
    where [Name] in ( 'HMP The Mount', 'HMP Peterborough (M)', 'HMP Peterborough (F)', 'HMP Bedford', 'HMP Highpoint',
                      'HMP Littlehey', 'HMP Chelmsford', 'HMP Hollesley Bay', 'HMP Norwich', 'HMP Wayland', 'Peterborough',
                      'Luton', 'East Of England Community'
        )

    INSERT INTO Dms.LocationMapping (Code, CodeType, Description, DeliveryRegion, LocationId) VALUES (N'ACI', N'Prison', N'Altcourse', N'North West', 4);
    INSERT INTO Dms.LocationMapping (Code, CodeType, Description, DeliveryRegion, LocationId) VALUES (N'AGI', N'Prison', N'Askham Grange', N'Yorkshire and Humberside', 29);
    INSERT INTO Dms.LocationMapping (Code, CodeType, Description, DeliveryRegion, LocationId) VALUES (N'ALL', N'Probation', N'No Trust or Trust Unknown', N'National', null);
    INSERT INTO Dms.LocationMapping (Code, CodeType, Description, DeliveryRegion, LocationId) VALUES (N'ASI', N'Prison', N'Ashfield', N'South West', null);
    INSERT INTO Dms.LocationMapping (Code, CodeType, Description, DeliveryRegion, LocationId) VALUES (N'ASP', N'Probation', N'Avon & Somerset', N'South West Community', 97);
    INSERT INTO Dms.LocationMapping (Code, CodeType, Description, DeliveryRegion, LocationId) VALUES (N'AYI', N'Prison', N'Aylesbury', N'South East', 81);
    INSERT INTO Dms.LocationMapping (Code, CodeType, Description, DeliveryRegion, LocationId) VALUES (N'BAI', N'Prison', N'Belmarsh', N'London', null);
    INSERT INTO Dms.LocationMapping (Code, CodeType, Description, DeliveryRegion, LocationId) VALUES (N'BCI', N'Prison', N'Buckley Hall', N'North West', 6);
    INSERT INTO Dms.LocationMapping (Code, CodeType, Description, DeliveryRegion, LocationId) VALUES (N'BED', N'Probation', N'Bedfordshire', N'East Of England Community', 95);
    INSERT INTO Dms.LocationMapping (Code, CodeType, Description, DeliveryRegion, LocationId) VALUES (N'BFI', N'Prison', N'Bedford', N'East of England', 51);
    INSERT INTO Dms.LocationMapping (Code, CodeType, Description, DeliveryRegion, LocationId) VALUES (N'BHI', N'Prison', N'Blantyre House', N'South East', null);
    INSERT INTO Dms.LocationMapping (Code, CodeType, Description, DeliveryRegion, LocationId) VALUES (N'BLI', N'Prison', N'Bristol', N'South West', 70);
    INSERT INTO Dms.LocationMapping (Code, CodeType, Description, DeliveryRegion, LocationId) VALUES (N'BMI', N'Prison', N'Birmingham', N'West Midlands', 33);
    INSERT INTO Dms.LocationMapping (Code, CodeType, Description, DeliveryRegion, LocationId) VALUES (N'BNI', N'Prison', N'Bullingdon', N'South East', 82);
    INSERT INTO Dms.LocationMapping (Code, CodeType, Description, DeliveryRegion, LocationId) VALUES (N'BRI', N'Prison', N'Bure', N'East of England', null);
    INSERT INTO Dms.LocationMapping (Code, CodeType, Description, DeliveryRegion, LocationId) VALUES (N'BSI', N'Prison', N'Brinsford', N'West Midlands', 34);
    INSERT INTO Dms.LocationMapping (Code, CodeType, Description, DeliveryRegion, LocationId) VALUES (N'BWI', N'Prison', N'Berwyn', N'Unknown', null);
    INSERT INTO Dms.LocationMapping (Code, CodeType, Description, DeliveryRegion, LocationId) VALUES (N'BXI', N'Prison', N'Brixton', N'London', 62);
    INSERT INTO Dms.LocationMapping (Code, CodeType, Description, DeliveryRegion, LocationId) VALUES (N'BZI', N'Prison', N'Bronzefield', N'South East', 66);
    INSERT INTO Dms.LocationMapping (Code, CodeType, Description, DeliveryRegion, LocationId) VALUES (N'C01', N'Probation', N'CPA Northumbria', N'North East Community', 91);
    INSERT INTO Dms.LocationMapping (Code, CodeType, Description, DeliveryRegion, LocationId) VALUES (N'C02', N'Probation', N'CPA Cumbria and Lancashire', N'North West Community', 90);
    INSERT INTO Dms.LocationMapping (Code, CodeType, Description, DeliveryRegion, LocationId) VALUES (N'C03', N'Probation', N'CPA Durham Tees Valley', N'North East Community', 91);
    INSERT INTO Dms.LocationMapping (Code, CodeType, Description, DeliveryRegion, LocationId) VALUES (N'C04', N'Probation', N'CPA Humber Lincs & N Yorks', N'Yorkshire and Humberside Community', 92);
    INSERT INTO Dms.LocationMapping (Code, CodeType, Description, DeliveryRegion, LocationId) VALUES (N'C05', N'Probation', N'CPA West Yorkshire', N'Yorkshire and Humberside Community', 92);
    INSERT INTO Dms.LocationMapping (Code, CodeType, Description, DeliveryRegion, LocationId) VALUES (N'C06', N'Probation', N'CPA Merseyside', N'North West Community', 90);
    INSERT INTO Dms.LocationMapping (Code, CodeType, Description, DeliveryRegion, LocationId) VALUES (N'C07', N'Probation', N'CPA Cheshire and Gtr Manchester', N'North West Community', 90);
    INSERT INTO Dms.LocationMapping (Code, CodeType, Description, DeliveryRegion, LocationId) VALUES (N'C08', N'Probation', N'CPA Derby Leics Notts Rutland', N'East Midlands Community', 94);
    INSERT INTO Dms.LocationMapping (Code, CodeType, Description, DeliveryRegion, LocationId) VALUES (N'C09', N'Probation', N'CPA South Yorkshire', N'Yorkshire and Humberside Community', 92);
    INSERT INTO Dms.LocationMapping (Code, CodeType, Description, DeliveryRegion, LocationId) VALUES (N'C10', N'Probation', N'CPA Wales', N'Unknown', null);
    INSERT INTO Dms.LocationMapping (Code, CodeType, Description, DeliveryRegion, LocationId) VALUES (N'C11', N'Probation', N'CPA Staff and West Mids', N'West Midlands Community', 93);
    INSERT INTO Dms.LocationMapping (Code, CodeType, Description, DeliveryRegion, LocationId) VALUES (N'C12', N'Probation', N'CPA Warwickshire and West Mercia', N'West Midlands Community', 93);
    INSERT INTO Dms.LocationMapping (Code, CodeType, Description, DeliveryRegion, LocationId) VALUES (N'C13', N'Probation', N'CPA BeNCH', N'National', null);
    INSERT INTO Dms.LocationMapping (Code, CodeType, Description, DeliveryRegion, LocationId) VALUES (N'C14', N'Probation', N'CPA Norfolk and Suffolk', N'East Of England Community', 95);
    INSERT INTO Dms.LocationMapping (Code, CodeType, Description, DeliveryRegion, LocationId) VALUES (N'C15', N'Probation', N'CPA Brist Gloucs Somerset Wilts', N'South West Community', 97);
    INSERT INTO Dms.LocationMapping (Code, CodeType, Description, DeliveryRegion, LocationId) VALUES (N'C16', N'Probation', N'CPA Thames Valley', N'South East Community', 98);
    INSERT INTO Dms.LocationMapping (Code, CodeType, Description, DeliveryRegion, LocationId) VALUES (N'C17', N'Probation', N'CPA London', N'London Community', 96);
    INSERT INTO Dms.LocationMapping (Code, CodeType, Description, DeliveryRegion, LocationId) VALUES (N'C18', N'Probation', N'CPA Essex', N'East Of England Community', 95);
    INSERT INTO Dms.LocationMapping (Code, CodeType, Description, DeliveryRegion, LocationId) VALUES (N'C19', N'Probation', N'CPA Dorset Devon and Cornwall', N'South West Community', 97);
    INSERT INTO Dms.LocationMapping (Code, CodeType, Description, DeliveryRegion, LocationId) VALUES (N'C20', N'Probation', N'CPA Hampshire and Isle of Wight', N'South East Community', 98);
    INSERT INTO Dms.LocationMapping (Code, CodeType, Description, DeliveryRegion, LocationId) VALUES (N'C21', N'Probation', N'CPA Kent, Surrey & Sussex', N'South East Community', 98);
    INSERT INTO Dms.LocationMapping (Code, CodeType, Description, DeliveryRegion, LocationId) VALUES (N'CBS', N'Probation', N'Cambridgeshire &Peterborough', N'East Of England Community', 95);
    INSERT INTO Dms.LocationMapping (Code, CodeType, Description, DeliveryRegion, LocationId) VALUES (N'CDI', N'Prison', N'Chelmsford', N'East of England', 52);
    INSERT INTO Dms.LocationMapping (Code, CodeType, Description, DeliveryRegion, LocationId) VALUES (N'CFI', N'Prison', N'Cardiff', N'Unknown', null);
    INSERT INTO Dms.LocationMapping (Code, CodeType, Description, DeliveryRegion, LocationId) VALUES (N'CHS', N'Probation', N'Cheshire', N'North West Community', 90);
    INSERT INTO Dms.LocationMapping (Code, CodeType, Description, DeliveryRegion, LocationId) VALUES (N'CKI', N'Prison', N'Cookham Wood', N'South East', null);
    INSERT INTO Dms.LocationMapping (Code, CodeType, Description, DeliveryRegion, LocationId) VALUES (N'CLI', N'Prison', N'Coldingley', N'South East', null);
    INSERT INTO Dms.LocationMapping (Code, CodeType, Description, DeliveryRegion, LocationId) VALUES (N'CMB', N'Probation', N'Cumbria', N'North West Community', 90);
    INSERT INTO Dms.LocationMapping (Code, CodeType, Description, DeliveryRegion, LocationId) VALUES (N'CWI', N'Prison', N'Channings Wood', N'South West', 71);
    INSERT INTO Dms.LocationMapping (Code, CodeType, Description, DeliveryRegion, LocationId) VALUES (N'DAI', N'Prison', N'Dartmoor', N'South West', 72);
    INSERT INTO Dms.LocationMapping (Code, CodeType, Description, DeliveryRegion, LocationId) VALUES (N'DBS', N'Probation', N'Derbyshire', N'East Midlands Community', 94);
    INSERT INTO Dms.LocationMapping (Code, CodeType, Description, DeliveryRegion, LocationId) VALUES (N'DCP', N'Probation', N'Devon & Cornwall', N'South West Community', 97);
    INSERT INTO Dms.LocationMapping (Code, CodeType, Description, DeliveryRegion, LocationId) VALUES (N'DGI', N'Prison', N'Dovegate', N'West Midlands', 35);
    INSERT INTO Dms.LocationMapping (Code, CodeType, Description, DeliveryRegion, LocationId) VALUES (N'DHI', N'Prison', N'Drake Hall', N'West Midlands', 32);
    INSERT INTO Dms.LocationMapping (Code, CodeType, Description, DeliveryRegion, LocationId) VALUES (N'DMI', N'Prison', N'Durham', N'North East', 17);
    INSERT INTO Dms.LocationMapping (Code, CodeType, Description, DeliveryRegion, LocationId) VALUES (N'DNI', N'Prison', N'Doncaster', N'Yorkshire and Humberside', 23);
    INSERT INTO Dms.LocationMapping (Code, CodeType, Description, DeliveryRegion, LocationId) VALUES (N'DRS', N'Probation', N'Dorset', N'South West Community', 97);
    INSERT INTO Dms.LocationMapping (Code, CodeType, Description, DeliveryRegion, LocationId) VALUES (N'DTI', N'Prison', N'Deerbolt', N'North East', null);
    INSERT INTO Dms.LocationMapping (Code, CodeType, Description, DeliveryRegion, LocationId) VALUES (N'DTV', N'Probation', N'Durham and Tees Valley', N'North East Community', 91);
    INSERT INTO Dms.LocationMapping (Code, CodeType, Description, DeliveryRegion, LocationId) VALUES (N'DVI', N'Prison', N'Dover', N'South East', null);
    INSERT INTO Dms.LocationMapping (Code, CodeType, Description, DeliveryRegion, LocationId) VALUES (N'DWI', N'Prison', N'Downview', N'South East', 67);
    INSERT INTO Dms.LocationMapping (Code, CodeType, Description, DeliveryRegion, LocationId) VALUES (N'EEI', N'Prison', N'Erlestoke', N'South West', null);
    INSERT INTO Dms.LocationMapping (Code, CodeType, Description, DeliveryRegion, LocationId) VALUES (N'EHI', N'Prison', N'Standford Hill', N'South East', 85);
    INSERT INTO Dms.LocationMapping (Code, CodeType, Description, DeliveryRegion, LocationId) VALUES (N'ESI', N'Prison', N'East Sutton Park', N'South East', 89);
    INSERT INTO Dms.LocationMapping (Code, CodeType, Description, DeliveryRegion, LocationId) VALUES (N'ESX', N'Probation', N'Essex', N'East Of England Community', 95);
    INSERT INTO Dms.LocationMapping (Code, CodeType, Description, DeliveryRegion, LocationId) VALUES (N'EWI', N'Prison', N'Eastwood Park', N'South West', 76);
    INSERT INTO Dms.LocationMapping (Code, CodeType, Description, DeliveryRegion, LocationId) VALUES (N'EXI', N'Prison', N'Exeter', N'South West', 69);
    INSERT INTO Dms.LocationMapping (Code, CodeType, Description, DeliveryRegion, LocationId) VALUES (N'EYI', N'Prison', N'Elmley', N'South East', 78);
    INSERT INTO Dms.LocationMapping (Code, CodeType, Description, DeliveryRegion, LocationId) VALUES (N'FBI', N'Prison', N'Forest Bank', N'North West', 3);
    INSERT INTO Dms.LocationMapping (Code, CodeType, Description, DeliveryRegion, LocationId) VALUES (N'FDI', N'Prison', N'Ford', N'South East', 83);
    INSERT INTO Dms.LocationMapping (Code, CodeType, Description, DeliveryRegion, LocationId) VALUES (N'FEI', N'Prison', N'Fosse Way', N'East Midlands', null);
    INSERT INTO Dms.LocationMapping (Code, CodeType, Description, DeliveryRegion, LocationId) VALUES (N'FHI', N'Prison', N'Foston Hall', N'East Midlands', 48);
    INSERT INTO Dms.LocationMapping (Code, CodeType, Description, DeliveryRegion, LocationId) VALUES (N'FKI', N'Prison', N'Frankland', N'North East', null);
    INSERT INTO Dms.LocationMapping (Code, CodeType, Description, DeliveryRegion, LocationId) VALUES (N'FMI', N'Prison', N'Feltham', N'London', 63);
    INSERT INTO Dms.LocationMapping (Code, CodeType, Description, DeliveryRegion, LocationId) VALUES (N'FNI', N'Prison', N'Full Sutton', N'Yorkshire and Humberside', 26);
    INSERT INTO Dms.LocationMapping (Code, CodeType, Description, DeliveryRegion, LocationId) VALUES (N'FSI', N'Prison', N'Featherstone', N'West Midlands', 31);
    INSERT INTO Dms.LocationMapping (Code, CodeType, Description, DeliveryRegion, LocationId) VALUES (N'FWI', N'Prison', N'Five Wells', N'East Midlands', 42);
    INSERT INTO Dms.LocationMapping (Code, CodeType, Description, DeliveryRegion, LocationId) VALUES (N'FYI', N'Prison', N'Feltham', N'London', 63);
    INSERT INTO Dms.LocationMapping (Code, CodeType, Description, DeliveryRegion, LocationId) VALUES (N'GCS', N'Probation', N'Gloucestershire', N'South West Community', 97);
    INSERT INTO Dms.LocationMapping (Code, CodeType, Description, DeliveryRegion, LocationId) VALUES (N'GHI', N'Prison', N'Garth', N'North West', null);
    INSERT INTO Dms.LocationMapping (Code, CodeType, Description, DeliveryRegion, LocationId) VALUES (N'GMI', N'Prison', N'Guys Marsh', N'South West', 74);
    INSERT INTO Dms.LocationMapping (Code, CodeType, Description, DeliveryRegion, LocationId) VALUES (N'GNI', N'Prison', N'Grendon', N'South East', null);
    INSERT INTO Dms.LocationMapping (Code, CodeType, Description, DeliveryRegion, LocationId) VALUES (N'GPI', N'Prison', N'Glen Parva', N'East Midlands', null);
    INSERT INTO Dms.LocationMapping (Code, CodeType, Description, DeliveryRegion, LocationId) VALUES (N'GTI', N'Prison', N'Gartree', N'East Midlands', null);
    INSERT INTO Dms.LocationMapping (Code, CodeType, Description, DeliveryRegion, LocationId) VALUES (N'HBI', N'Prison', N'Hollesley Bay', N'East of England', 54);
    INSERT INTO Dms.LocationMapping (Code, CodeType, Description, DeliveryRegion, LocationId) VALUES (N'HBS', N'Probation', N'Humberside', N'Yorkshire and Humberside Community', 92);
    INSERT INTO Dms.LocationMapping (Code, CodeType, Description, DeliveryRegion, LocationId) VALUES (N'HCI', N'Prison', N'Huntercombe', N'South East', null);
    INSERT INTO Dms.LocationMapping (Code, CodeType, Description, DeliveryRegion, LocationId) VALUES (N'HDI', N'Prison', N'Hatfield', N'Yorkshire and Humberside', 27);
    INSERT INTO Dms.LocationMapping (Code, CodeType, Description, DeliveryRegion, LocationId) VALUES (N'HEI', N'Prison', N'Hewell', N'West Midlands', 36);
    INSERT INTO Dms.LocationMapping (Code, CodeType, Description, DeliveryRegion, LocationId) VALUES (N'HFS', N'Probation', N'Hertfordshire', N'East Of England Community', 95);
    INSERT INTO Dms.LocationMapping (Code, CodeType, Description, DeliveryRegion, LocationId) VALUES (N'HHI', N'Prison', N'Holme House', N'North East', 15);
    INSERT INTO Dms.LocationMapping (Code, CodeType, Description, DeliveryRegion, LocationId) VALUES (N'HII', N'Prison', N'Hindley', N'North West', 11);
    INSERT INTO Dms.LocationMapping (Code, CodeType, Description, DeliveryRegion, LocationId) VALUES (N'HLI', N'Prison', N'Hull', N'Yorkshire and Humberside', 25);
    INSERT INTO Dms.LocationMapping (Code, CodeType, Description, DeliveryRegion, LocationId) VALUES (N'HMI', N'Prison', N'Humber', N'Yorkshire and Humberside', 22);
    INSERT INTO Dms.LocationMapping (Code, CodeType, Description, DeliveryRegion, LocationId) VALUES (N'HOI', N'Prison', N'High Down', N'South East', 59);
    INSERT INTO Dms.LocationMapping (Code, CodeType, Description, DeliveryRegion, LocationId) VALUES (N'HPI', N'Prison', N'Highpoint', N'East of England', 53);
    INSERT INTO Dms.LocationMapping (Code, CodeType, Description, DeliveryRegion, LocationId) VALUES (N'HPS', N'Probation', N'Hampshire', N'South East Community', 98);
    INSERT INTO Dms.LocationMapping (Code, CodeType, Description, DeliveryRegion, LocationId) VALUES (N'HRI', N'Prison', N'Haslar', N'South East', null);
    INSERT INTO Dms.LocationMapping (Code, CodeType, Description, DeliveryRegion, LocationId) VALUES (N'HVI', N'Prison', N'Haverigg', N'North West', 10);
    INSERT INTO Dms.LocationMapping (Code, CodeType, Description, DeliveryRegion, LocationId) VALUES (N'HYI', N'Prison', N'Holloway', N'London', null);
    INSERT INTO Dms.LocationMapping (Code, CodeType, Description, DeliveryRegion, LocationId) VALUES (N'ISI', N'Prison', N'Isis', N'London', 64);
    INSERT INTO Dms.LocationMapping (Code, CodeType, Description, DeliveryRegion, LocationId) VALUES (N'IWI', N'Prison', N'Isle Of Wight', N'South East', null);
    INSERT INTO Dms.LocationMapping (Code, CodeType, Description, DeliveryRegion, LocationId) VALUES (N'IWI', N'Probation', N'Isle Of Wight', N'South East Community', 98);
    INSERT INTO Dms.LocationMapping (Code, CodeType, Description, DeliveryRegion, LocationId) VALUES (N'KMI', N'Prison', N'Kirkham', N'North West', 12);
    INSERT INTO Dms.LocationMapping (Code, CodeType, Description, DeliveryRegion, LocationId) VALUES (N'KNT', N'Probation', N'Kent', N'South East Community', 98);
    INSERT INTO Dms.LocationMapping (Code, CodeType, Description, DeliveryRegion, LocationId) VALUES (N'KTI', N'Prison', N'Kennet', N'North West', null);
    INSERT INTO Dms.LocationMapping (Code, CodeType, Description, DeliveryRegion, LocationId) VALUES (N'KVI', N'Prison', N'Kirklevington Grange', N'North East', 18);
    INSERT INTO Dms.LocationMapping (Code, CodeType, Description, DeliveryRegion, LocationId) VALUES (N'LCI', N'Prison', N'Leicester', N'East Midlands', null);
    INSERT INTO Dms.LocationMapping (Code, CodeType, Description, DeliveryRegion, LocationId) VALUES (N'LCS', N'Probation', N'Lancashire', N'North West Community', 90);
    INSERT INTO Dms.LocationMapping (Code, CodeType, Description, DeliveryRegion, LocationId) VALUES (N'LDN', N'Probation', N'London', N'London Community', 96);
    INSERT INTO Dms.LocationMapping (Code, CodeType, Description, DeliveryRegion, LocationId) VALUES (N'LEI', N'Prison', N'Leeds', N'Yorkshire and Humberside', 24);
    INSERT INTO Dms.LocationMapping (Code, CodeType, Description, DeliveryRegion, LocationId) VALUES (N'LFI', N'Prison', N'Lancaster Farms', N'North West', 2);
    INSERT INTO Dms.LocationMapping (Code, CodeType, Description, DeliveryRegion, LocationId) VALUES (N'LGI', N'Prison', N'Lowdham Grange', N'East Midlands', null);
    INSERT INTO Dms.LocationMapping (Code, CodeType, Description, DeliveryRegion, LocationId) VALUES (N'LHI', N'Prison', N'Lindholme', N'Yorkshire and Humberside', 28);
    INSERT INTO Dms.LocationMapping (Code, CodeType, Description, DeliveryRegion, LocationId) VALUES (N'LII', N'Prison', N'Lincoln', N'East Midlands', 43);
    INSERT INTO Dms.LocationMapping (Code, CodeType, Description, DeliveryRegion, LocationId) VALUES (N'LLI', N'Prison', N'Long Lartin', N'West Midlands', null);
    INSERT INTO Dms.LocationMapping (Code, CodeType, Description, DeliveryRegion, LocationId) VALUES (N'LNI', N'Prison', N'Low Newton', N'North East', 19);
    INSERT INTO Dms.LocationMapping (Code, CodeType, Description, DeliveryRegion, LocationId) VALUES (N'LNS', N'Probation', N'Lincolnshire', N'East Midlands Community', 94);
    INSERT INTO Dms.LocationMapping (Code, CodeType, Description, DeliveryRegion, LocationId) VALUES (N'LPI', N'Prison', N'Liverpool', N'North West', 7);
    INSERT INTO Dms.LocationMapping (Code, CodeType, Description, DeliveryRegion, LocationId) VALUES (N'LTI', N'Prison', N'Littlehey', N'East of England', 55);
    INSERT INTO Dms.LocationMapping (Code, CodeType, Description, DeliveryRegion, LocationId) VALUES (N'LTS', N'Probation', N'Leicestershire & Rutland', N'East Midlands Community', 94);
    INSERT INTO Dms.LocationMapping (Code, CodeType, Description, DeliveryRegion, LocationId) VALUES (N'LWI', N'Prison', N'Lewes', N'South East', 79);
    INSERT INTO Dms.LocationMapping (Code, CodeType, Description, DeliveryRegion, LocationId) VALUES (N'LYI', N'Prison', N'Leyhill', N'South West', 73);
    INSERT INTO Dms.LocationMapping (Code, CodeType, Description, DeliveryRegion, LocationId) VALUES (N'MCG', N'Probation', N'Greater Manchester', N'North West Community', 90);
    INSERT INTO Dms.LocationMapping (Code, CodeType, Description, DeliveryRegion, LocationId) VALUES (N'MDI', N'Prison', N'Moorland', N'Yorkshire and Humberside', 21);
    INSERT INTO Dms.LocationMapping (Code, CodeType, Description, DeliveryRegion, LocationId) VALUES (N'MHI', N'Prison', N'Morton Hall', N'East Midlands', null);
    INSERT INTO Dms.LocationMapping (Code, CodeType, Description, DeliveryRegion, LocationId) VALUES (N'MRI', N'Prison', N'Manchester', N'North West', 8);
    INSERT INTO Dms.LocationMapping (Code, CodeType, Description, DeliveryRegion, LocationId) VALUES (N'MRS', N'Probation', N'Merseyside', N'North West Community', 90);
    INSERT INTO Dms.LocationMapping (Code, CodeType, Description, DeliveryRegion, LocationId) VALUES (N'MSI', N'Prison', N'Maidstone', N'South East', null);
    INSERT INTO Dms.LocationMapping (Code, CodeType, Description, DeliveryRegion, LocationId) VALUES (N'MTI', N'Prison', N'The Mount', N'East of England', 49);
    INSERT INTO Dms.LocationMapping (Code, CodeType, Description, DeliveryRegion, LocationId) VALUES (N'MWI', N'Prison', N'Medway', N'South East', null);
    INSERT INTO Dms.LocationMapping (Code, CodeType, Description, DeliveryRegion, LocationId) VALUES (N'N01', N'Probation', N'NPS North West', N'North West Community', 90);
    INSERT INTO Dms.LocationMapping (Code, CodeType, Description, DeliveryRegion, LocationId) VALUES (N'N02', N'Probation', N'NPS North East', N'North East Community', 91);
    INSERT INTO Dms.LocationMapping (Code, CodeType, Description, DeliveryRegion, LocationId) VALUES (N'N03', N'Probation', N'Wales', N'Unknown', null);
    INSERT INTO Dms.LocationMapping (Code, CodeType, Description, DeliveryRegion, LocationId) VALUES (N'N04', N'Probation', N'NPS Midlands', N'National', null);
    INSERT INTO Dms.LocationMapping (Code, CodeType, Description, DeliveryRegion, LocationId) VALUES (N'N05', N'Probation', N'NPS South West and South Central', N'National', null);
    INSERT INTO Dms.LocationMapping (Code, CodeType, Description, DeliveryRegion, LocationId) VALUES (N'N06', N'Probation', N'NPS South East and Eastern', N'National', null);
    INSERT INTO Dms.LocationMapping (Code, CodeType, Description, DeliveryRegion, LocationId) VALUES (N'N07', N'Probation', N'London', N'London Community', 96);
    INSERT INTO Dms.LocationMapping (Code, CodeType, Description, DeliveryRegion, LocationId) VALUES (N'N21', N'Probation', N'External - London', N'London Community', 96);
    INSERT INTO Dms.LocationMapping (Code, CodeType, Description, DeliveryRegion, LocationId) VALUES (N'N22', N'Probation', N'External - NPS Midlands', N'National', null);
    INSERT INTO Dms.LocationMapping (Code, CodeType, Description, DeliveryRegion, LocationId) VALUES (N'N23', N'Probation', N'External - NPS North East', N'North East Community', 91);
    INSERT INTO Dms.LocationMapping (Code, CodeType, Description, DeliveryRegion, LocationId) VALUES (N'N24', N'Probation', N'External - NPS North West', N'North West Community', 90);
    INSERT INTO Dms.LocationMapping (Code, CodeType, Description, DeliveryRegion, LocationId) VALUES (N'N25', N'Probation', N'External - NPS South East & Estn', N'National', null);
    INSERT INTO Dms.LocationMapping (Code, CodeType, Description, DeliveryRegion, LocationId) VALUES (N'N26', N'Probation', N'External - NPS South West & SC', N'National', null);
    INSERT INTO Dms.LocationMapping (Code, CodeType, Description, DeliveryRegion, LocationId) VALUES (N'N27', N'Probation', N'External - Wales', N'Unknown', null);
    INSERT INTO Dms.LocationMapping (Code, CodeType, Description, DeliveryRegion, LocationId) VALUES (N'N28', N'Probation', N'Ext - Greater Manchester', N'North West Community', 90);
    INSERT INTO Dms.LocationMapping (Code, CodeType, Description, DeliveryRegion, LocationId) VALUES (N'N29', N'Probation', N'Ext - North West Region', N'North West Community', 90);
    INSERT INTO Dms.LocationMapping (Code, CodeType, Description, DeliveryRegion, LocationId) VALUES (N'N30', N'Probation', N'Ext - West Midlands Region', N'West Midlands Community', 93);
    INSERT INTO Dms.LocationMapping (Code, CodeType, Description, DeliveryRegion, LocationId) VALUES (N'N31', N'Probation', N'Ext - East Midlands Region', N'East Midlands Community', 94);
    INSERT INTO Dms.LocationMapping (Code, CodeType, Description, DeliveryRegion, LocationId) VALUES (N'N32', N'Probation', N'Ext - North East Region', N'North East Community', 91);
    INSERT INTO Dms.LocationMapping (Code, CodeType, Description, DeliveryRegion, LocationId) VALUES (N'N33', N'Probation', N'Ext - Yorkshire and The Humber', N'Yorkshire and Humberside Community', 92);
    INSERT INTO Dms.LocationMapping (Code, CodeType, Description, DeliveryRegion, LocationId) VALUES (N'N34', N'Probation', N'Ext - East of England', N'East Of England Community', 95);
    INSERT INTO Dms.LocationMapping (Code, CodeType, Description, DeliveryRegion, LocationId) VALUES (N'N35', N'Probation', N'Ext - Kent Surrey Sussex', N'South East Community', 98);
    INSERT INTO Dms.LocationMapping (Code, CodeType, Description, DeliveryRegion, LocationId) VALUES (N'N36', N'Probation', N'Ext - South West', N'South West Community', 97);
    INSERT INTO Dms.LocationMapping (Code, CodeType, Description, DeliveryRegion, LocationId) VALUES (N'N37', N'Probation', N'Ext - South Central', N'South East Community', 98);
    INSERT INTO Dms.LocationMapping (Code, CodeType, Description, DeliveryRegion, LocationId) VALUES (N'N40', N'Probation', N'Central Projects Team', N'National', null);
    INSERT INTO Dms.LocationMapping (Code, CodeType, Description, DeliveryRegion, LocationId) VALUES (N'N41', N'Probation', N'National Responsibility Divison', N'National', null);
    INSERT INTO Dms.LocationMapping (Code, CodeType, Description, DeliveryRegion, LocationId) VALUES (N'N43', N'Probation', N'National Security Division', N'National', null);
    INSERT INTO Dms.LocationMapping (Code, CodeType, Description, DeliveryRegion, LocationId) VALUES (N'N50', N'Probation', N'Greater Manchester', N'North West Community', 90);
    INSERT INTO Dms.LocationMapping (Code, CodeType, Description, DeliveryRegion, LocationId) VALUES (N'N51', N'Probation', N'North West Region', N'North West Community', 90);
    INSERT INTO Dms.LocationMapping (Code, CodeType, Description, DeliveryRegion, LocationId) VALUES (N'N52', N'Probation', N'West Midlands Region', N'West Midlands Community', 93);
    INSERT INTO Dms.LocationMapping (Code, CodeType, Description, DeliveryRegion, LocationId) VALUES (N'N53', N'Probation', N'East Midlands Region', N'East Midlands Community', 94);
    INSERT INTO Dms.LocationMapping (Code, CodeType, Description, DeliveryRegion, LocationId) VALUES (N'N54', N'Probation', N'North East Region', N'North East Community', 91);
    INSERT INTO Dms.LocationMapping (Code, CodeType, Description, DeliveryRegion, LocationId) VALUES (N'N55', N'Probation', N'Yorkshire and The Humber', N'Yorkshire and Humberside Community', 92);
    INSERT INTO Dms.LocationMapping (Code, CodeType, Description, DeliveryRegion, LocationId) VALUES (N'N56', N'Probation', N'East of England', N'East Of England Community', 95);
    INSERT INTO Dms.LocationMapping (Code, CodeType, Description, DeliveryRegion, LocationId) VALUES (N'N57', N'Probation', N'Kent Surrey Sussex Region', N'South East Community', 98);
    INSERT INTO Dms.LocationMapping (Code, CodeType, Description, DeliveryRegion, LocationId) VALUES (N'N58', N'Probation', N'South West', N'South West Community', 97);
    INSERT INTO Dms.LocationMapping (Code, CodeType, Description, DeliveryRegion, LocationId) VALUES (N'N59', N'Probation', N'South Central', N'South East Community', 98);
    INSERT INTO Dms.LocationMapping (Code, CodeType, Description, DeliveryRegion, LocationId) VALUES (N'NBR', N'Probation', N'Northumbria', N'North East Community', 91);
    INSERT INTO Dms.LocationMapping (Code, CodeType, Description, DeliveryRegion, LocationId) VALUES (N'NHI', N'Prison', N'New Hall', N'Yorkshire and Humberside', 30);
    INSERT INTO Dms.LocationMapping (Code, CodeType, Description, DeliveryRegion, LocationId) VALUES (N'NHS', N'Probation', N'Nottinghamshire', N'East Midlands Community', 94);
    INSERT INTO Dms.LocationMapping (Code, CodeType, Description, DeliveryRegion, LocationId) VALUES (N'NLI', N'Prison', N'Northumberland', N'North East', 16);
    INSERT INTO Dms.LocationMapping (Code, CodeType, Description, DeliveryRegion, LocationId) VALUES (N'NMI', N'Prison', N'Nottingham', N'East Midlands', 41);
    INSERT INTO Dms.LocationMapping (Code, CodeType, Description, DeliveryRegion, LocationId) VALUES (N'NSI', N'Prison', N'North Sea Camp', N'East Midlands', 44);
    INSERT INTO Dms.LocationMapping (Code, CodeType, Description, DeliveryRegion, LocationId) VALUES (N'NSP', N'Probation', N'Norfolk and Suffolk', N'East Of England Community', 95);
    INSERT INTO Dms.LocationMapping (Code, CodeType, Description, DeliveryRegion, LocationId) VALUES (N'NTS', N'Probation', N'Northamptonshire', N'East Midlands Community', 94);
    INSERT INTO Dms.LocationMapping (Code, CodeType, Description, DeliveryRegion, LocationId) VALUES (N'NWI', N'Prison', N'Norwich', N'East of England', 56);
    INSERT INTO Dms.LocationMapping (Code, CodeType, Description, DeliveryRegion, LocationId) VALUES (N'ONI', N'Prison', N'Onley', N'East Midlands', 45);
    INSERT INTO Dms.LocationMapping (Code, CodeType, Description, DeliveryRegion, LocationId) VALUES (N'OUT', N'Prison', N'Outside Prison', N'National', null);
    INSERT INTO Dms.LocationMapping (Code, CodeType, Description, DeliveryRegion, LocationId) VALUES (N'OWI', N'Prison', N'Oakwood', N'West Midlands', 37);
    INSERT INTO Dms.LocationMapping (Code, CodeType, Description, DeliveryRegion, LocationId) VALUES (N'PBI', N'Prison', N'Peterborough', N'East of England', 50);
    INSERT INTO Dms.LocationMapping (Code, CodeType, Description, DeliveryRegion, LocationId) VALUES (N'PDI', N'Prison', N'Portland', N'South West', 68);
    INSERT INTO Dms.LocationMapping (Code, CodeType, Description, DeliveryRegion, LocationId) VALUES (N'PFI', N'Prison', N'Peterborough', N'East of England', 58);
    INSERT INTO Dms.LocationMapping (Code, CodeType, Description, DeliveryRegion, LocationId) VALUES (N'PNI', N'Prison', N'Preston', N'North West', 5);
    INSERT INTO Dms.LocationMapping (Code, CodeType, Description, DeliveryRegion, LocationId) VALUES (N'PRI', N'Prison', N'Parc', N'Unknown', null);
    INSERT INTO Dms.LocationMapping (Code, CodeType, Description, DeliveryRegion, LocationId) VALUES (N'PVI', N'Prison', N'Pentonville', N'London', 65);
    INSERT INTO Dms.LocationMapping (Code, CodeType, Description, DeliveryRegion, LocationId) VALUES (N'PYI', N'Prison', N'Parc', N'Unknown', null);
    INSERT INTO Dms.LocationMapping (Code, CodeType, Description, DeliveryRegion, LocationId) VALUES (N'RCI', N'Prison', N'Rochester', N'South East', 77);
    INSERT INTO Dms.LocationMapping (Code, CodeType, Description, DeliveryRegion, LocationId) VALUES (N'RHI', N'Prison', N'Rye Hill', N'East Midlands', null);
    INSERT INTO Dms.LocationMapping (Code, CodeType, Description, DeliveryRegion, LocationId) VALUES (N'RNI', N'Prison', N'Ranby', N'East Midlands', 40);
    INSERT INTO Dms.LocationMapping (Code, CodeType, Description, DeliveryRegion, LocationId) VALUES (N'RSI', N'Prison', N'Risley', N'North West', 1);
    INSERT INTO Dms.LocationMapping (Code, CodeType, Description, DeliveryRegion, LocationId) VALUES (N'SDI', N'Prison', N'Send', N'South East', 88);
    INSERT INTO Dms.LocationMapping (Code, CodeType, Description, DeliveryRegion, LocationId) VALUES (N'SFI', N'Prison', N'Stafford', N'West Midlands', null);
    INSERT INTO Dms.LocationMapping (Code, CodeType, Description, DeliveryRegion, LocationId) VALUES (N'SHI', N'Prison', N'Stoke Heath', N'West Midlands', 38);
    INSERT INTO Dms.LocationMapping (Code, CodeType, Description, DeliveryRegion, LocationId) VALUES (N'SKI', N'Prison', N'Stocken', N'East Midlands', 46);
    INSERT INTO Dms.LocationMapping (Code, CodeType, Description, DeliveryRegion, LocationId) VALUES (N'SLI', N'Prison', N'Swaleside', N'South East', 86);
    INSERT INTO Dms.LocationMapping (Code, CodeType, Description, DeliveryRegion, LocationId) VALUES (N'SNI', N'Prison', N'Swinfen Hall', N'West Midlands', 39);
    INSERT INTO Dms.LocationMapping (Code, CodeType, Description, DeliveryRegion, LocationId) VALUES (N'SPI', N'Prison', N'Spring Hill', N'South East', 84);
    INSERT INTO Dms.LocationMapping (Code, CodeType, Description, DeliveryRegion, LocationId) VALUES (N'SSP', N'Probation', N'Surrey and Sussex', N'South East Community', 98);
    INSERT INTO Dms.LocationMapping (Code, CodeType, Description, DeliveryRegion, LocationId) VALUES (N'STI', N'Prison', N'Styal', N'North West', 14);
    INSERT INTO Dms.LocationMapping (Code, CodeType, Description, DeliveryRegion, LocationId) VALUES (N'SUI', N'Prison', N'Sudbury', N'East Midlands', null);
    INSERT INTO Dms.LocationMapping (Code, CodeType, Description, DeliveryRegion, LocationId) VALUES (N'SWI', N'Prison', N'Swansea', N'Unknown', null);
    INSERT INTO Dms.LocationMapping (Code, CodeType, Description, DeliveryRegion, LocationId) VALUES (N'SWM', N'Probation', N'Staffordshire and West Midlands', N'West Midlands Community', 93);
    INSERT INTO Dms.LocationMapping (Code, CodeType, Description, DeliveryRegion, LocationId) VALUES (N'T01', N'Probation', N'Migration artifact - do not use', N'National', null);
    INSERT INTO Dms.LocationMapping (Code, CodeType, Description, DeliveryRegion, LocationId) VALUES (N'TCI', N'Prison', N'Thorn Cross', N'North West', 9);
    INSERT INTO Dms.LocationMapping (Code, CodeType, Description, DeliveryRegion, LocationId) VALUES (N'TRN', N'Prison', N'In Transfer', N'National', null);
    INSERT INTO Dms.LocationMapping (Code, CodeType, Description, DeliveryRegion, LocationId) VALUES (N'TSI', N'Prison', N'Thameside', N'London', 61);
    INSERT INTO Dms.LocationMapping (Code, CodeType, Description, DeliveryRegion, LocationId) VALUES (N'TVP', N'Probation', N'Thames Valley', N'South East Community', 98);
    INSERT INTO Dms.LocationMapping (Code, CodeType, Description, DeliveryRegion, LocationId) VALUES (N'UKI', N'Prison', N'Usk', N'Unknown', null);
    INSERT INTO Dms.LocationMapping (Code, CodeType, Description, DeliveryRegion, LocationId) VALUES (N'UPI', N'Prison', N'Prescoed', N'Unknown', null);
    INSERT INTO Dms.LocationMapping (Code, CodeType, Description, DeliveryRegion, LocationId) VALUES (N'VEI', N'Prison', N'The Verne', N'South West', 75);
    INSERT INTO Dms.LocationMapping (Code, CodeType, Description, DeliveryRegion, LocationId) VALUES (N'WCI', N'Prison', N'Winchester', N'South East', 80);
    INSERT INTO Dms.LocationMapping (Code, CodeType, Description, DeliveryRegion, LocationId) VALUES (N'WDI', N'Prison', N'Wakefield', N'Yorkshire and Humberside', null);
    INSERT INTO Dms.LocationMapping (Code, CodeType, Description, DeliveryRegion, LocationId) VALUES (N'WEI', N'Prison', N'Wealstun', N'Yorkshire and Humberside', 20);
    INSERT INTO Dms.LocationMapping (Code, CodeType, Description, DeliveryRegion, LocationId) VALUES (N'WHI', N'Prison', N'Woodhill', N'South East', 87);
    INSERT INTO Dms.LocationMapping (Code, CodeType, Description, DeliveryRegion, LocationId) VALUES (N'WII', N'Prison', N'Warren Hill', N'East of England', null);
    INSERT INTO Dms.LocationMapping (Code, CodeType, Description, DeliveryRegion, LocationId) VALUES (N'WLI', N'Prison', N'Wayland', N'East of England', 57);
    INSERT INTO Dms.LocationMapping (Code, CodeType, Description, DeliveryRegion, LocationId) VALUES (N'WMI', N'Prison', N'Wymott', N'North West', 13);
    INSERT INTO Dms.LocationMapping (Code, CodeType, Description, DeliveryRegion, LocationId) VALUES (N'WMP', N'Probation', N'West Mercia', N'West Midlands Community', 93);
    INSERT INTO Dms.LocationMapping (Code, CodeType, Description, DeliveryRegion, LocationId) VALUES (N'WNI', N'Prison', N'Werrington', N'West Midlands', null);
    INSERT INTO Dms.LocationMapping (Code, CodeType, Description, DeliveryRegion, LocationId) VALUES (N'WPT', N'Probation', N'Wales Probation Trust', N'Unknown', null);
    INSERT INTO Dms.LocationMapping (Code, CodeType, Description, DeliveryRegion, LocationId) VALUES (N'WRI', N'Prison', N'Whitemoor', N'East of England', null);
    INSERT INTO Dms.LocationMapping (Code, CodeType, Description, DeliveryRegion, LocationId) VALUES (N'WSI', N'Prison', N'Wormwood Scrubs', N'London', null);
    INSERT INTO Dms.LocationMapping (Code, CodeType, Description, DeliveryRegion, LocationId) VALUES (N'WTI', N'Prison', N'Whatton', N'East Midlands', 47);
    INSERT INTO Dms.LocationMapping (Code, CodeType, Description, DeliveryRegion, LocationId) VALUES (N'WTS', N'Probation', N'Wiltshire', N'South West Community', 97);
    INSERT INTO Dms.LocationMapping (Code, CodeType, Description, DeliveryRegion, LocationId) VALUES (N'WWI', N'Prison', N'Wandsworth', N'London', 60);
    INSERT INTO Dms.LocationMapping (Code, CodeType, Description, DeliveryRegion, LocationId) VALUES (N'WWS', N'Probation', N'Warwickshire', N'West Midlands Community', 93);
    INSERT INTO Dms.LocationMapping (Code, CodeType, Description, DeliveryRegion, LocationId) VALUES (N'WYI', N'Prison', N'Wetherby', N'Yorkshire and Humberside', null);
    INSERT INTO Dms.LocationMapping (Code, CodeType, Description, DeliveryRegion, LocationId) VALUES (N'XXX', N'Probation', N'ZZ BAST Public Provider 1', N'National', null);
    INSERT INTO Dms.LocationMapping (Code, CodeType, Description, DeliveryRegion, LocationId) VALUES (N'YSN', N'Probation', N'York and North Yorkshire', N'Yorkshire and Humberside Community', 92);
    INSERT INTO Dms.LocationMapping (Code, CodeType, Description, DeliveryRegion, LocationId) VALUES (N'YSS', N'Probation', N'South Yorkshire', N'Yorkshire and Humberside Community', 92);
    INSERT INTO Dms.LocationMapping (Code, CodeType, Description, DeliveryRegion, LocationId) VALUES (N'YSW', N'Probation', N'West Yorkshire', N'Yorkshire and Humberside Community', 92);
    INSERT INTO Dms.LocationMapping (Code, CodeType, Description, DeliveryRegion, LocationId) VALUES (N'ZMM', N'Probation', N'ZZ - Steria Monitoring Trust', N'National', null);



    COMMIT TRANSACTION;

END TRY
BEGIN CATCH
    IF @@TRANCOUNT > 0
        BEGIN
            ROLLBACK TRANSACTION;
        END;
        ;throw;
END CATCH