
IF NOT EXISTS (SELECT TOP(1) Id From [Activities].[Activity])
BEGIN

    INSERT INTO [Activities].[Activity] ([Id], [Definition], [Category], [Type], [ParticipantId], [TaskId], [ObjectiveId], [TookPlaceAtLocationId], [TookPlaceAtContractId], [ParticipantCurrentLocationId], [ParticipantCurrentContractId], [ParticipantStatus], [AdditionalInformation], [CommencedOn], [TenantId], [Status], [Created], [CreatedBy], [LastModified], [LastModifiedBy], [OwnerId], [EditorId], [CompletedOn], [CompletedBy], [AbandonJustification], [AbandonReason]) 
    VALUES 
    (N'0312b67b-b528-4c93-4bf4-08dd6d1d4cf1', 161, 2, 5, N'1CFG9326Y', N'0195d748-56a1-7cc9-9584-54276e861218', N'0195d747-dbd9-7daa-9127-44196616b95c', 29, N'con_24038', 29, N'con_24038', 6, NULL, '20250102 00:00:00.0000000', N'1.1.3.1.', 3, '20250327 11:07:33.5204269', N'907a005d-2b19-413b-bdd2-f48e3b52ab6e', NULL, N'', N'907a005d-2b19-413b-bdd2-f48e3b52ab6e', NULL, '20250327 11:07:33.5185465', NULL, NULL, NULL),
    (N'094db8aa-9d34-4bc5-3c05-08dda766e97a', 284, 32, 1, N'1CFG1626P', N'01975537-6e55-74e6-8d68-1c3c94db1ee6', N'01975537-1df4-7348-966d-8fc518bf9dc5', 24, N'con_24038', 75, N'con_24045', 3, N'testing', '20250604 00:00:00.0000000', N'1.1.3.1.', 3, '20250609 15:05:08.7725953', N'907a005d-2b19-413b-bdd2-f48e3b52ab6e', '20250609 15:08:04.3012365', N'1113c865-21f4-43c2-a03d-b7936da3b18b', N'907a005d-2b19-413b-bdd2-f48e3b52ab6e', NULL, '20250609 15:08:04.2997474', NULL, NULL, NULL),
    (N'0ef92193-4fae-48d8-78c8-08ddf5082626', 284, 32, 1, N'1CFG2622V', N'0196a9df-a577-796e-9cc8-2b6a05eff420', N'0196a9df-73d4-7e9e-a5e5-999d8f28ffb4', 28, N'con_24038', 28, N'con_24038', 3, N'hellloo', '20250908 00:00:00.0000000', N'1.1.3.', 3, '20250916 10:36:24.9481410', N'9e4e7408-41c0-4213-bfd8-343b097d0434', '20250916 10:38:19.7206075', N'1113c865-21f4-43c2-a03d-b7936da3b18b', N'9e4e7408-41c0-4213-bfd8-343b097d0434', NULL, '20250916 10:38:19.7001563', NULL, NULL, NULL),
    (N'1358ac9a-e510-491b-bbd4-08dd8d711e5f', 285, 32, 1, N'1CFG9960M', N'0196aae5-dba5-708c-8497-4b18b56535fe', N'0196aae5-caff-7d83-8deb-f0f7644b249a', 92, N'con_24038', 27, N'con_24038', 3, N'attended and enjoyed and will use for future employment', '20250717 00:00:00.0000000', N'1.1.3.1.', 4, '20250507 14:11:53.7469469', N'907a005d-2b19-413b-bdd2-f48e3b52ab6e', '20250930 13:12:31.6650791', N'907a005d-2b19-413b-bdd2-f48e3b52ab6e', N'907a005d-2b19-413b-bdd2-f48e3b52ab6e', NULL, '20250930 13:12:31.6641397', N'907a005d-2b19-413b-bdd2-f48e3b52ab6e', N'testing to see comment', 5),
    (N'15b5e3b7-fa27-4808-4c05-08dd6d1d4cf1', 287, 34, 2, N'1CFG4936J', N'0195d77a-cff7-7a5e-b846-7b53c8e2441a', N'0195d77a-a8fa-7782-a761-205d33ec59c2', 92, N'con_24038', 23, N'con_24038', 3, NULL, '20250131 00:00:00.0000000', N'1.1.3.1.', 3, '20250327 12:41:26.6779535', N'907a005d-2b19-413b-bdd2-f48e3b52ab6e', '20250327 12:49:12.0408742', N'77467465-c7b2-40f8-b145-219225ae1459', N'907a005d-2b19-413b-bdd2-f48e3b52ab6e', NULL, '20250327 12:49:12.0388678', NULL, NULL, NULL),
    (N'16575530-1260-4bc0-bbd6-08dd8d711e5f', 285, 32, 1, N'1CFG8391O', N'0196ab1a-d8c9-7de4-b486-e97b5f043df6', N'0196ab1a-bfc6-7ffd-9b12-1809fd524fcb', 92, N'con_24038', 4, N'con_24036', 1, N'sbuhe', '20250401 00:00:00.0000000', N'1.1.3.1.', 1, '20250507 14:17:30.9382798', N'907a005d-2b19-413b-bdd2-f48e3b52ab6e', NULL, N'', N'907a005d-2b19-413b-bdd2-f48e3b52ab6e', NULL, NULL, NULL, NULL, NULL),
    (N'174ba9d5-01a7-4a0f-663d-08ddf5c847b5', 258, 74, 0, N'1CFG8236D', N'01995709-c403-717e-8702-64e92d92eca0', N'01995708-b707-7f59-a3fc-5077ac018cf2', 130, N'con_24046', 89, N'con_24046', 2, N'I have supported Bruce in locating and registering with a local dentist. He has booked a check up and a hygienist appointment for 10th October. ', '20250905 00:00:00.0000000', N'1.1.4.2.', 3, '20250917 09:47:48.1699845', N'4772fd06-ff8e-4745-8da2-fd97cd45b1f4', NULL, NULL, N'4772fd06-ff8e-4745-8da2-fd97cd45b1f4', NULL, '20250917 09:47:48.1692079', NULL, NULL, NULL),
    (N'1a52dde7-8e23-46eb-78c9-08ddf5082626', 284, 32, 1, N'1CFG2457U', N'01983c78-4fc1-7e37-8fdd-ce4b43e77395', N'01983c77-ca79-716d-9dd7-4a0f23c5a9c2', 21, N'con_24038', 21, N'con_24038', 3, N'thytj', '20250909 00:00:00.0000000', N'1.1.3.', 1, '20250916 10:39:39.3124971', N'9e4e7408-41c0-4213-bfd8-343b097d0434', NULL, NULL, N'9e4e7408-41c0-4213-bfd8-343b097d0434', NULL, NULL, NULL, NULL, NULL),
    (N'1daf93b6-6d63-42d4-78ca-08ddf5082626', 109, 5, 5, N'1CFG1626P', N'01975537-6e55-74e6-8d68-1c3c94db1ee6', N'01975537-1df4-7348-966d-8fc518bf9dc5', 110, N'con_24038', 92, N'con_24038', 3, N'testing', '20250908 00:00:00.0000000', N'1.1.3.1.', 3, '20250916 10:52:39.6572339', N'907a005d-2b19-413b-bdd2-f48e3b52ab6e', NULL, NULL, N'907a005d-2b19-413b-bdd2-f48e3b52ab6e', NULL, '20250916 10:52:39.6557693', NULL, NULL, NULL),
    (N'2077b2eb-b00f-4781-95b6-08dd6dcef301', 284, 32, 1, N'1CFG4936J', N'0195dbc5-07e2-743c-a125-e7da51064492', N'0195d77a-a8fa-7782-a761-205d33ec59c2', 23, N'con_24038', 23, N'con_24038', 3, NULL, '20250318 00:00:00.0000000', N'1.1.3.1.', 3, '20250328 08:04:31.1070399', N'907a005d-2b19-413b-bdd2-f48e3b52ab6e', '20250328 08:08:02.6901386', N'77467465-c7b2-40f8-b145-219225ae1459', N'907a005d-2b19-413b-bdd2-f48e3b52ab6e', NULL, '20250328 08:08:02.6878572', NULL, NULL, NULL),
    (N'2400727f-7074-47c4-cc63-08ddb583b74b', 231, 2, 3, N'1CFG6390M', N'01968c44-3491-7996-9046-f5cf7da2e6bb', N'01968c43-6fc9-72d3-8128-5a16cb8affb9', 111, N'con_24038', 51, N'con_24043', 3, N'test', '20250605 00:00:00.0000000', N'1.1.3.1.', 3, '20250627 14:06:21.0106175', N'907a005d-2b19-413b-bdd2-f48e3b52ab6e', NULL, NULL, N'907a005d-2b19-413b-bdd2-f48e3b52ab6e', NULL, '20250627 14:06:21.0091279', NULL, NULL, NULL),
    (N'26078061-0cb0-406f-4c04-08dd6d1d4cf1', 284, 32, 1, N'1CFG4936J', N'0195d77a-cff7-7a5e-b846-7b53c8e2441a', N'0195d77a-a8fa-7782-a761-205d33ec59c2', 23, N'con_24038', 23, N'con_24038', 3, NULL, '20250217 00:00:00.0000000', N'1.1.3.1.', 3, '20250327 12:39:51.1626075', N'907a005d-2b19-413b-bdd2-f48e3b52ab6e', '20250327 12:49:20.9856618', N'77467465-c7b2-40f8-b145-219225ae1459', N'907a005d-2b19-413b-bdd2-f48e3b52ab6e', NULL, '20250327 12:49:20.9843014', NULL, NULL, NULL),
    (N'2aa8fd27-129f-463d-4bf7-08dd6d1d4cf1', 161, 2, 5, N'1CFG9326Y', N'0195d748-56a1-7cc9-9584-54276e861218', N'0195d747-dbd9-7daa-9127-44196616b95c', 29, N'con_24038', 29, N'con_24038', 6, N'again', '20250207 00:00:00.0000000', N'1.1.3.1.', 3, '20250327 11:09:34.1831031', N'907a005d-2b19-413b-bdd2-f48e3b52ab6e', NULL, N'', N'907a005d-2b19-413b-bdd2-f48e3b52ab6e', NULL, '20250327 11:09:34.1821326', NULL, NULL, NULL),
    (N'2f4aa9a5-5962-42bc-3cb0-08de00e1ab15', 285, 32, 1, N'1CFG1109X', N'01999f9e-5cdc-7cb3-9e6a-1b3569851c76', N'01999f9d-69de-76a0-80a2-20eb1028499f', 92, N'con_24038', -2, NULL, 3, N'Barry completed the course successfully and will advantage him in securing employment', '20250922 00:00:00.0000000', N'1.1.3.1.', 3, '20251001 11:57:17.2369266', N'907a005d-2b19-413b-bdd2-f48e3b52ab6e', '20251001 12:05:40.9212433', N'1113c865-21f4-43c2-a03d-b7936da3b18b', N'907a005d-2b19-413b-bdd2-f48e3b52ab6e', NULL, '20251001 12:05:40.9079265', N'1113c865-21f4-43c2-a03d-b7936da3b18b', NULL, NULL),
    (N'2fc018e6-2426-405c-4bfe-08dd6d1d4cf1', 284, 32, 1, N'1CFG4936J', N'0195d77e-4d2b-7e52-addb-0da6a56aa078', N'0195d77a-a8fa-7782-a761-205d33ec59c2', 23, N'con_24038', 23, N'con_24038', 6, NULL, '20250130 00:00:00.0000000', N'1.1.3.1.', 3, '20250327 12:06:45.4488332', N'907a005d-2b19-413b-bdd2-f48e3b52ab6e', '20250327 12:21:44.0135443', N'77467465-c7b2-40f8-b145-219225ae1459', N'907a005d-2b19-413b-bdd2-f48e3b52ab6e', NULL, '20250327 12:21:44.0120657', NULL, NULL, NULL),
    (N'326027db-1584-4193-9cb4-08dd8d7f12a9', 284, 32, 1, N'1CFG5131C', N'0196ab55-c01a-7845-9ac7-7bbf8ba777d8', N'0196ab54-e28e-7f73-a1f2-c719f0a94c89', 87, N'con_24046', 18, N'con_24037', 6, N'test', '20250507 00:00:00.0000000', N'1.1.4.2.', 3, '20250507 15:51:47.1111015', N'4772fd06-ff8e-4745-8da2-fd97cd45b1f4', '20250627 13:20:25.7164381', N'1113c865-21f4-43c2-a03d-b7936da3b18b', N'4772fd06-ff8e-4745-8da2-fd97cd45b1f4', NULL, '20250627 13:20:25.6948590', NULL, NULL, NULL),
    (N'329c62af-196e-445e-95b4-08dd6dcef301', 284, 32, 1, N'1CFG4936J', N'0195dbc5-07e2-743c-a125-e7da51064492', N'0195d77a-a8fa-7782-a761-205d33ec59c2', 23, N'con_24038', 23, N'con_24038', 3, NULL, '20250309 00:00:00.0000000', N'1.1.3.1.', 3, '20250328 08:02:56.5867223', N'907a005d-2b19-413b-bdd2-f48e3b52ab6e', '20250328 08:07:51.5222103', N'77467465-c7b2-40f8-b145-219225ae1459', N'907a005d-2b19-413b-bdd2-f48e3b52ab6e', NULL, '20250328 08:07:51.4594257', NULL, NULL, NULL),
    (N'37ce9a20-eef7-4534-6821-08dde55b9514', 266, 8, 4, N'1CFG8432I', N'0198eb40-7441-7c14-8a17-a5b2a239bb0e', N'0198eb40-1173-7fa6-bc83-84759a9e3869', 92, N'con_24038', 25, N'con_24038', 3, N'grwetrwe', '20250819 00:00:00.0000000', N'1.1.3.1.', 4, '20250827 11:19:26.4368699', N'907a005d-2b19-413b-bdd2-f48e3b52ab6e', '20250930 13:23:52.9298806', N'907a005d-2b19-413b-bdd2-f48e3b52ab6e', N'907a005d-2b19-413b-bdd2-f48e3b52ab6e', NULL, '20250930 13:23:52.9294911', N'907a005d-2b19-413b-bdd2-f48e3b52ab6e', N'not needed', 5),
    (N'3aa0880d-2aa6-43c3-4bf9-08dd6d1d4cf1', 161, 2, 5, N'1CFG9326Y', N'0195d748-56a1-7cc9-9584-54276e861218', N'0195d747-dbd9-7daa-9127-44196616b95c', 29, N'con_24038', 29, N'con_24038', 1, NULL, '20250307 00:00:00.0000000', N'1.1.3.1.', 3, '20250327 11:11:59.5694350', N'907a005d-2b19-413b-bdd2-f48e3b52ab6e', NULL, N'', N'907a005d-2b19-413b-bdd2-f48e3b52ab6e', NULL, '20250327 11:11:59.5685927', NULL, NULL, NULL),
    (N'3decb779-a73f-4d03-3cb4-08de00e1ab15', 270, 64, 4, N'1CFG1109X', N'01999f9e-5cdc-7cb3-9e6a-1b3569851c76', N'01999f9d-69de-76a0-80a2-20eb1028499f', 92, N'con_24038', -2, NULL, 3, N'We provided a wrap around', '20250915 00:00:00.0000000', N'1.1.3.1.', 3, '20251001 12:11:22.5324371', N'907a005d-2b19-413b-bdd2-f48e3b52ab6e', '20251001 12:14:09.7642211', N'1113c865-21f4-43c2-a03d-b7936da3b18b', N'907a005d-2b19-413b-bdd2-f48e3b52ab6e', NULL, '20251001 12:14:09.7624811', N'1113c865-21f4-43c2-a03d-b7936da3b18b', NULL, NULL),
    (N'3f94964a-f3e4-4aca-4bfa-08dd6d1d4cf1', 161, 2, 5, N'1CFG4936J', N'0195d77a-cff7-7a5e-b846-7b53c8e2441a', N'0195d77a-a8fa-7782-a761-205d33ec59c2', 23, N'con_24038', 23, N'con_24038', 6, NULL, '20250128 00:00:00.0000000', N'1.1.3.1.', 3, '20250327 12:02:15.1819076', N'907a005d-2b19-413b-bdd2-f48e3b52ab6e', NULL, N'', N'907a005d-2b19-413b-bdd2-f48e3b52ab6e', NULL, '20250327 12:02:15.1806904', NULL, NULL, NULL),
    (N'46d0d3bf-19af-493e-4bfb-08dd6d1d4cf1', 162, 3, 5, N'1CFG4936J', N'0195d77a-cff7-7a5e-b846-7b53c8e2441a', N'0195d77a-a8fa-7782-a761-205d33ec59c2', 23, N'con_24038', 23, N'con_24038', 6, NULL, '20250219 00:00:00.0000000', N'1.1.3.1.', 3, '20250327 12:02:40.5750504', N'907a005d-2b19-413b-bdd2-f48e3b52ab6e', NULL, N'', N'907a005d-2b19-413b-bdd2-f48e3b52ab6e', NULL, '20250327 12:02:40.5740146', NULL, NULL, NULL),
    (N'4729642d-2ada-4e57-4bf5-08dd6d1d4cf1', 161, 2, 5, N'1CFG9326Y', N'0195d748-56a1-7cc9-9584-54276e861218', N'0195d747-dbd9-7daa-9127-44196616b95c', 29, N'con_24038', 29, N'con_24038', 6, NULL, '20250107 00:00:00.0000000', N'1.1.3.1.', 3, '20250327 11:07:58.5215414', N'907a005d-2b19-413b-bdd2-f48e3b52ab6e', NULL, N'', N'907a005d-2b19-413b-bdd2-f48e3b52ab6e', NULL, '20250327 11:07:58.5192703', NULL, NULL, NULL),
    (N'4e02f77e-c9f3-4bd0-663b-08ddf5c847b5', 266, 8, 4, N'1CFG1626P', N'01975537-6e55-74e6-8d68-1c3c94db1ee6', N'01975537-1df4-7348-966d-8fc518bf9dc5', 92, N'con_24038', 92, N'con_24038', 3, N'testing document', '20250909 00:00:00.0000000', N'1.1.3.1.', 1, '20250917 09:20:23.3818421', N'8a9711cd-5d08-477c-aa94-b2e72cf1101b', NULL, NULL, N'8a9711cd-5d08-477c-aa94-b2e72cf1101b', NULL, NULL, NULL, NULL, NULL),
    (N'56ee9b47-7f8b-40a7-0e86-08ddc5ca5738', 196, 2, 5, N'1CFG9960M', N'0196aae5-dba5-708c-8497-4b18b56535fe', N'0196aae5-caff-7d83-8deb-f0f7644b249a', 92, N'con_24038', 27, N'con_24038', 3, N'HELLO', '20250718 00:00:00.0000000', N'1.1.3.1.', 3, '20250718 07:12:04.8692037', N'907a005d-2b19-413b-bdd2-f48e3b52ab6e', NULL, NULL, N'907a005d-2b19-413b-bdd2-f48e3b52ab6e', NULL, '20250718 07:12:04.8639152', NULL, NULL, NULL),
    (N'584e7a5e-97b1-4897-4c01-08dd6d1d4cf1', 287, 34, 2, N'1CFG4936J', N'0195d77e-4d2b-7e52-addb-0da6a56aa078', N'0195d77a-a8fa-7782-a761-205d33ec59c2', 92, N'con_24038', 23, N'con_24038', 6, NULL, '20250127 00:00:00.0000000', N'1.1.3.1.', 3, '20250327 12:10:57.3323842', N'907a005d-2b19-413b-bdd2-f48e3b52ab6e', '20250327 12:21:32.1231653', N'77467465-c7b2-40f8-b145-219225ae1459', N'907a005d-2b19-413b-bdd2-f48e3b52ab6e', NULL, '20250327 12:21:32.1142312', NULL, NULL, NULL),
    (N'5891be59-306e-4538-4bf3-08dd6d1d4cf1', 59, 10, 5, N'1CFG5437L', N'0195d736-dffb-702d-a537-c778938d4ae0', N'0195d736-5840-7a7b-be4a-17deff70eb3a', 94, N'con_24042', 94, N'con_24042', 6, N'I completed a Literacy/Numeracy assessment with Hal today. This determined his level for both areas and clearly identified support needed. ', '20250210 00:00:00.0000000', N'1.1.2.3.', 3, '20250327 10:53:43.5033111', N'3363a0da-a5fc-493c-9d07-283a4da236cb', NULL, N'', N'3363a0da-a5fc-493c-9d07-283a4da236cb', NULL, '20250327 10:53:43.4966226', NULL, NULL, NULL),
    (N'598ccb5c-f565-43da-7120-08ddd8db2e63', 188, 74, 5, N'1CFG9798U', N'0198994d-e663-774a-92f0-d3e6925eac02', N'01989949-8c6e-7a6c-9fb1-5e103061309a', 72, N'con_24045', 33, N'con_24041', 2, N'During Hal''s session today we looked at a list of GP''s local to Hal''s planned release location. We have completed registration paperwork for him. He will be able to book an initial appointment once he is released to the community. ', '20250526 00:00:00.0000000', N'1.1.6.1.1.', 3, '20250811 13:30:04.5469477', N'98f8ac5b-8151-4342-896d-add3a146d44a', NULL, NULL, N'98f8ac5b-8151-4342-896d-add3a146d44a', NULL, '20250811 13:30:04.5339279', NULL, NULL, NULL),
    (N'5dd78e6d-9ebb-4c6f-663a-08ddf5c847b5', 284, 32, 1, N'1CFG8432I', N'0198eb40-7441-7c14-8a17-a5b2a239bb0e', N'0198eb40-1173-7fa6-bc83-84759a9e3869', 25, N'con_24038', 25, N'con_24038', 3, N'testing resubmitting document', '20250915 00:00:00.0000000', N'1.1.3.1.', 0, '20250917 09:14:12.5673939', N'907a005d-2b19-413b-bdd2-f48e3b52ab6e', '20251002 08:19:31.0970762', N'8a9711cd-5d08-477c-aa94-b2e72cf1101b', N'907a005d-2b19-413b-bdd2-f48e3b52ab6e', NULL, NULL, NULL, NULL, NULL),
    (N'5fafc68a-90d3-40f2-6d06-08dd87ee5adc', 91, 65, 5, N'1CFG6390M', N'01968c44-3491-7996-9046-f5cf7da2e6bb', N'01968c43-6fc9-72d3-8128-5a16cb8affb9', 92, N'con_24038', 51, N'con_24043', 1, N'TESTING ', '20250318 00:00:00.0000000', N'1.1.3.1.', 3, '20250501 14:38:26.0989847', N'907a005d-2b19-413b-bdd2-f48e3b52ab6e', NULL, N'', N'907a005d-2b19-413b-bdd2-f48e3b52ab6e', NULL, '20250501 14:38:26.0974293', NULL, NULL, NULL),
    (N'5ff8adaf-3e3f-4c8f-4c07-08dd6d1d4cf1', 285, 32, 1, N'1CFG4936J', N'0195d77e-4d2b-7e52-addb-0da6a56aa078', N'0195d77a-a8fa-7782-a761-205d33ec59c2', 92, N'con_24038', 23, N'con_24038', 3, NULL, '20250310 00:00:00.0000000', N'1.1.3.1.', 3, '20250327 14:23:43.6512293', N'907a005d-2b19-413b-bdd2-f48e3b52ab6e', '20250327 14:24:54.6839808', N'77467465-c7b2-40f8-b145-219225ae1459', N'907a005d-2b19-413b-bdd2-f48e3b52ab6e', NULL, '20250327 14:24:54.6822861', NULL, NULL, NULL),
    (N'6021d5b0-bcf4-421d-cc64-08ddb583b74b', 196, 2, 5, N'1CFG6390M', N'01968c44-3491-7996-9046-f5cf7da2e6bb', N'01968c43-6fc9-72d3-8128-5a16cb8affb9', 92, N'con_24038', 51, N'con_24043', 3, N'test', '20250611 00:00:00.0000000', N'1.1.', 3, '20250627 14:11:19.6307175', N'1113c865-21f4-43c2-a03d-b7936da3b18b', NULL, NULL, N'1113c865-21f4-43c2-a03d-b7936da3b18b', NULL, '20250627 14:11:19.6298796', NULL, NULL, NULL),
    (N'62a06442-9612-444a-6d07-08dd87ee5adc', 287, 34, 2, N'1CFG6390M', N'01968c44-3491-7996-9046-f5cf7da2e6bb', N'01968c43-6fc9-72d3-8128-5a16cb8affb9', 92, N'con_24038', 51, N'con_24043', 1, N'NMINSSJJKNHJEBRHQB', '20250214 00:00:00.0000000', N'1.1.3.1.', 1, '20250501 14:40:34.5657483', N'907a005d-2b19-413b-bdd2-f48e3b52ab6e', NULL, N'', N'907a005d-2b19-413b-bdd2-f48e3b52ab6e', NULL, NULL, NULL, NULL, NULL),
    (N'685c38b9-17e0-4728-3cb3-08de00e1ab15', 196, 2, 5, N'1CFG1626P', N'01975537-6e55-74e6-8d68-1c3c94db1ee6', N'01975537-1df4-7348-966d-8fc518bf9dc5', 92, N'con_24038', 92, N'con_24038', 3, N'testing', '20251001 00:00:00.0000000', N'1.1.3.1.', 3, '20251001 12:07:18.1943856', N'907a005d-2b19-413b-bdd2-f48e3b52ab6e', NULL, NULL, N'907a005d-2b19-413b-bdd2-f48e3b52ab6e', NULL, '20251001 12:07:18.1937114', NULL, NULL, NULL),
    (N'6aec785e-3a79-4096-d2cd-08ddcab03a38', 284, 32, 1, N'1CFG2457U', N'01983c78-4fc1-7e37-8fdd-ce4b43e77395', N'01983c77-ca79-716d-9dd7-4a0f23c5a9c2', 21, N'con_24038', 21, N'con_24038', 3, N'testing', '20250723 00:00:00.0000000', N'1.1.3.1.', 3, '20250724 12:47:19.7490467', N'907a005d-2b19-413b-bdd2-f48e3b52ab6e', '20250724 12:54:54.5623224', N'1113c865-21f4-43c2-a03d-b7936da3b18b', N'907a005d-2b19-413b-bdd2-f48e3b52ab6e', NULL, '20250724 12:54:54.5077874', NULL, NULL, NULL),
    (N'6c308b07-9080-4392-6639-08ddf5c847b5', 161, 2, 5, N'1CFG6390M', N'01968c44-3491-7996-9046-f5cf7da2e6bb', N'01968c43-6fc9-72d3-8128-5a16cb8affb9', 27, N'con_24038', 51, N'con_24043', 3, N'testing', '20250904 00:00:00.0000000', N'1.1.3.1.', 3, '20250917 09:01:46.0286780', N'907a005d-2b19-413b-bdd2-f48e3b52ab6e', NULL, NULL, N'907a005d-2b19-413b-bdd2-f48e3b52ab6e', NULL, '20250917 09:01:46.0223165', NULL, NULL, NULL),
    (N'6dfd0ec5-f05a-4627-49a1-08dd7cc4ec55', 266, 8, 4, N'1CFG4261Y', N'0195f145-f681-76af-84fa-d13f829a445d', N'0195f145-803e-7c6c-baa3-42c034679203', 92, N'con_24038', 24, N'con_24038', 3, N'testing', '20250103 00:00:00.0000000', N'1.1.3.1.', 1, '20250416 09:54:00.6819381', N'8a9711cd-5d08-477c-aa94-b2e72cf1101b', NULL, N'', N'8a9711cd-5d08-477c-aa94-b2e72cf1101b', NULL, NULL, NULL, NULL, NULL),
    (N'6e183ccc-c169-462a-663f-08ddf5c847b5', 296, 104, 4, N'1CFG4261Y', N'0195f145-f681-76af-84fa-d13f829a445d', N'0195f145-803e-7c6c-baa3-42c034679203', 111, N'con_24038', 92, N'con_24038', 3, N'testing baseline/induction dates', '20250801 00:00:00.0000000', N'1.1.3.1.', 4, '20250917 09:55:55.9660751', N'907a005d-2b19-413b-bdd2-f48e3b52ab6e', '20250930 13:10:06.7481333', N'907a005d-2b19-413b-bdd2-f48e3b52ab6e', N'907a005d-2b19-413b-bdd2-f48e3b52ab6e', NULL, '20250930 13:10:06.7186372', N'907a005d-2b19-413b-bdd2-f48e3b52ab6e', N'', 3),
    (N'6e79aacb-5dbd-4a99-bbd5-08dd8d711e5f', 285, 32, 1, N'1CFG4936J', N'0195d77a-cff7-7a5e-b846-7b53c8e2441a', N'0195d77a-a8fa-7782-a761-205d33ec59c2', 92, N'con_24038', 23, N'con_24038', 3, N'jbgw', '20250401 00:00:00.0000000', N'1.1.3.1.', 3, '20250507 14:14:50.6488688', N'907a005d-2b19-413b-bdd2-f48e3b52ab6e', '20250609 15:07:52.7790378', N'1113c865-21f4-43c2-a03d-b7936da3b18b', N'907a005d-2b19-413b-bdd2-f48e3b52ab6e', NULL, '20250609 15:07:52.7766205', NULL, NULL, NULL),
    (N'6ecb5fd2-8077-4b84-6c87-08dd70f6bfd9', 284, 32, 1, N'1CFG4261Y', N'0195f145-f681-76af-84fa-d13f829a445d', N'0195f145-803e-7c6c-baa3-42c034679203', 24, N'con_24038', 24, N'con_24038', 2, N'testing', '20250101 00:00:00.0000000', N'1.1.3.1.', 4, '20250401 12:21:37.9243073', N'907a005d-2b19-413b-bdd2-f48e3b52ab6e', '20250930 13:11:31.3900674', N'907a005d-2b19-413b-bdd2-f48e3b52ab6e', N'907a005d-2b19-413b-bdd2-f48e3b52ab6e', NULL, '20250930 13:11:31.3896625', N'907a005d-2b19-413b-bdd2-f48e3b52ab6e', N'', 5),
    (N'7261e746-7f3e-4ee8-4bf2-08dd6d1d4cf1', 285, 32, 1, N'1CFG5437L', N'0195d737-39e4-77d7-a636-7019c1f43895', N'0195d736-5840-7a7b-be4a-17deff70eb3a', 94, N'con_24042', 94, N'con_24042', 6, N'I supported Hal by finding an online level 1 numeracy course. Hal was nervous as he has always struggled with education and numbers. I worked with him on motivation and confidence. Hal completed the course and passed. He is pleased to have a certificate to show his achievement. Hal is hoping to progress to level 2. ', '20250303 00:00:00.0000000', N'1.1.2.3.', 1, '20250327 10:51:16.9912641', N'3363a0da-a5fc-493c-9d07-283a4da236cb', '20250414 13:10:28.1624690', N'1113c865-21f4-43c2-a03d-b7936da3b18b', N'3363a0da-a5fc-493c-9d07-283a4da236cb', NULL, NULL, NULL, NULL, NULL),
    (N'7ed88a33-9787-46b9-6638-08ddf5c847b5', 290, 34, 2, N'1CFG6390M', N'01968c44-3491-7996-9046-f5cf7da2e6bb', N'01968c43-6fc9-72d3-8128-5a16cb8affb9', 22, N'con_24038', 51, N'con_24043', 3, N'testing for document/submission ', '20250909 00:00:00.0000000', N'1.1.3.1.', 3, '20250917 08:57:50.3362420', N'907a005d-2b19-413b-bdd2-f48e3b52ab6e', '20250917 09:04:59.3465732', N'1113c865-21f4-43c2-a03d-b7936da3b18b', N'907a005d-2b19-413b-bdd2-f48e3b52ab6e', NULL, '20250917 09:04:59.3440020', NULL, NULL, NULL),
    (N'82b8a41c-465f-44a7-214d-08ddd049902c', 285, 32, 1, N'1CFG4261Y', N'0195f145-f681-76af-84fa-d13f829a445d', N'0195f145-803e-7c6c-baa3-42c034679203', 92, N'con_24038', 92, N'con_24038', 3, N'rnrfymnfgsr', '20250723 00:00:00.0000000', N'1.1.3.1.', 3, '20250731 15:47:32.6651248', N'907a005d-2b19-413b-bdd2-f48e3b52ab6e', '20250917 09:04:02.5545883', N'1113c865-21f4-43c2-a03d-b7936da3b18b', N'907a005d-2b19-413b-bdd2-f48e3b52ab6e', NULL, '20250917 09:04:02.5083393', NULL, NULL, NULL),
    (N'8464b15b-3160-4027-cc65-08ddb583b74b', 196, 2, 5, N'1CFG6390M', N'01968c44-3491-7996-9046-f5cf7da2e6bb', N'01968c43-6fc9-72d3-8128-5a16cb8affb9', 92, N'con_24038', 51, N'con_24043', 3, N'test', '20250625 00:00:00.0000000', N'1.1.', 3, '20250627 14:11:59.5623100', N'1113c865-21f4-43c2-a03d-b7936da3b18b', NULL, NULL, N'1113c865-21f4-43c2-a03d-b7936da3b18b', NULL, '20250627 14:11:59.5609329', NULL, NULL, NULL),
    (N'85d6246a-a4ea-495b-49a0-08dd7cc4ec55', 266, 8, 4, N'1CFG4261Y', N'0195f145-f681-76af-84fa-d13f829a445d', N'0195f145-803e-7c6c-baa3-42c034679203', 92, N'con_24038', 24, N'con_24038', 3, N'testing', '20250108 00:00:00.0000000', N'1.', 1, '20250416 09:49:40.9019151', N'2a9b3450-1feb-4be3-ab94-24e64cd34829', NULL, N'', N'2a9b3450-1feb-4be3-ab94-24e64cd34829', NULL, NULL, NULL, NULL, NULL),
    (N'864070e5-640d-44a6-4c03-08dd6d1d4cf1', 272, 83, 4, N'1CFG4936J', N'0195d77a-cff7-7a5e-b846-7b53c8e2441a', N'0195d77a-a8fa-7782-a761-205d33ec59c2', 92, N'con_24038', 23, N'con_24038', 6, NULL, '20250226 00:00:00.0000000', N'1.1.3.1.', 3, '20250327 12:13:26.5340820', N'907a005d-2b19-413b-bdd2-f48e3b52ab6e', '20250327 12:21:50.7574041', N'77467465-c7b2-40f8-b145-219225ae1459', N'907a005d-2b19-413b-bdd2-f48e3b52ab6e', NULL, '20250327 12:21:50.7557843', NULL, NULL, NULL),
    (N'8a187a09-2276-417e-4c02-08dd6d1d4cf1', 272, 83, 4, N'1CFG4936J', N'0195d77a-cff7-7a5e-b846-7b53c8e2441a', N'0195d77a-a8fa-7782-a761-205d33ec59c2', 92, N'con_24038', 23, N'con_24038', 6, NULL, '20250128 00:00:00.0000000', N'1.1.3.1.', 3, '20250327 12:12:01.6259095', N'907a005d-2b19-413b-bdd2-f48e3b52ab6e', '20250327 12:21:41.0409442', N'77467465-c7b2-40f8-b145-219225ae1459', N'907a005d-2b19-413b-bdd2-f48e3b52ab6e', NULL, '20250327 12:21:41.0391827', NULL, NULL, NULL),
    (N'8f2a839a-ae9a-4a52-7122-08ddd8db2e63', 299, 106, 4, N'1CFG9798U', N'0198994e-d04a-7342-b257-c141f8ed1609', N'01989949-8c6e-7a6c-9fb1-5e103061309a', 97, N'con_24045', 33, N'con_24041', 2, N'Training Demo', '20250512 00:00:00.0000000', N'1.1.6.1.1.', 1, '20250811 13:35:48.0414178', N'98f8ac5b-8151-4342-896d-add3a146d44a', NULL, NULL, N'98f8ac5b-8151-4342-896d-add3a146d44a', NULL, NULL, NULL, NULL, NULL),
    (N'9028f40f-7193-4e4c-663c-08ddf5c847b5', 108, 1, 5, N'1CFG8236D', N'01995709-8f45-77f3-b2e7-f523295dcf3e', N'01995708-b707-7f59-a3fc-5077ac018cf2', 130, N'con_24046', 89, N'con_24046', 2, N'I supported Bruce in searching for local GP''s taking new patients. We found one a 10 minute walk from his current address. I helped Bruce to complete the registration forms and book his first appointment next Monday. ', '20250902 00:00:00.0000000', N'1.1.4.2.', 3, '20250917 09:44:15.4662556', N'4772fd06-ff8e-4745-8da2-fd97cd45b1f4', NULL, NULL, N'4772fd06-ff8e-4745-8da2-fd97cd45b1f4', NULL, '20250917 09:44:15.4654361', NULL, NULL, NULL),
    (N'91ca7f8f-94bc-4d14-a71b-08dd71e33a9e', 289, 35, 2, N'1CFG5437L', N'0195d737-759a-792a-9e00-dc595195ce0d', N'0195d736-5840-7a7b-be4a-17deff70eb3a', 33, N'con_24041', 94, N'con_24042', 6, N'ufdhsudfhusdhf', '20250102 00:00:00.0000000', N'1.', 1, '20250402 12:38:11.2341882', N'2a9b3450-1feb-4be3-ab94-24e64cd34829', NULL, N'', N'2a9b3450-1feb-4be3-ab94-24e64cd34829', NULL, NULL, NULL, NULL, NULL),
    (N'99ab5950-25ef-4e4e-0e85-08ddc5ca5738', 286, 32, 1, N'1CFG9960M', N'0196aae5-dba5-708c-8497-4b18b56535fe', N'0196aae5-caff-7d83-8deb-f0f7644b249a', 110, N'con_24038', 27, N'con_24038', 3, N'TESTING TICKET', '20250709 00:00:00.0000000', N'1.1.3.1.', 3, '20250718 07:11:39.4861898', N'907a005d-2b19-413b-bdd2-f48e3b52ab6e', '20250718 07:17:42.4569575', N'1113c865-21f4-43c2-a03d-b7936da3b18b', N'907a005d-2b19-413b-bdd2-f48e3b52ab6e', NULL, '20250718 07:17:42.4475391', NULL, NULL, NULL),
    (N'9d3a33e0-7000-482e-4bfd-08dd6d1d4cf1', 284, 32, 1, N'1CFG4936J', N'0195d77a-cff7-7a5e-b846-7b53c8e2441a', N'0195d77a-a8fa-7782-a761-205d33ec59c2', 23, N'con_24038', 23, N'con_24038', 6, N'testing testing', '20250128 00:00:00.0000000', N'1.1.3.1.', 3, '20250327 12:05:15.3481599', N'907a005d-2b19-413b-bdd2-f48e3b52ab6e', '20250327 12:21:36.9116957', N'77467465-c7b2-40f8-b145-219225ae1459', N'907a005d-2b19-413b-bdd2-f48e3b52ab6e', NULL, '20250327 12:21:36.9090230', NULL, NULL, NULL),
    (N'a39c060f-9e7e-40a3-3c04-08dda766e97a', 284, 32, 1, N'1CFG1626P', N'01975537-6e55-74e6-8d68-1c3c94db1ee6', N'01975537-1df4-7348-966d-8fc518bf9dc5', 24, N'con_24038', 75, N'con_24045', 3, N'testing non accredited ', '20250602 00:00:00.0000000', N'1.1.3.1.', 3, '20250609 15:04:20.3106611', N'907a005d-2b19-413b-bdd2-f48e3b52ab6e', '20250609 15:08:01.4311388', N'1113c865-21f4-43c2-a03d-b7936da3b18b', N'907a005d-2b19-413b-bdd2-f48e3b52ab6e', NULL, '20250609 15:08:01.4292821', NULL, NULL, NULL),
    (N'a98fcc4a-fe2d-47c6-4c06-08dd6d1d4cf1', 272, 83, 4, N'1CFG4936J', N'0195d77e-4d2b-7e52-addb-0da6a56aa078', N'0195d77a-a8fa-7782-a761-205d33ec59c2', 92, N'con_24038', 23, N'con_24038', 3, NULL, '20250201 00:00:00.0000000', N'1.1.3.1.', 3, '20250327 12:42:41.5693313', N'907a005d-2b19-413b-bdd2-f48e3b52ab6e', '20250327 12:49:16.0362947', N'77467465-c7b2-40f8-b145-219225ae1459', N'907a005d-2b19-413b-bdd2-f48e3b52ab6e', NULL, '20250327 12:49:16.0344281', NULL, NULL, NULL),
    (N'a9d33328-2bb0-463c-0c90-08dd78c15ff9', 285, 32, 1, N'1CFG4595K', N'01962383-31af-7f1c-8024-52a8e7e8ff74', N'01962382-f57c-7283-9000-4f041089e79d', 92, N'con_24038', 92, N'con_24038', 3, N'Test', '20250402 00:00:00.0000000', N'1.', 1, '20250411 06:23:29.2041408', N'2a9b3450-1feb-4be3-ab94-24e64cd34829', NULL, N'', N'2a9b3450-1feb-4be3-ab94-24e64cd34829', NULL, NULL, NULL, NULL, NULL),
    (N'b1871512-6d2d-43a3-7121-08ddd8db2e63', 1, 1, 5, N'1CFG9798U', N'0198994e-2b50-7ac6-89c0-fc77b3fc04ca', N'01989949-8c6e-7a6c-9fb1-5e103061309a', 72, N'con_24045', 33, N'con_24041', 2, N'I have helped Hal to find and register with a local dentist.', '20250619 00:00:00.0000000', N'1.1.6.1.1.', 3, '20250811 13:32:02.2259657', N'98f8ac5b-8151-4342-896d-add3a146d44a', NULL, NULL, N'98f8ac5b-8151-4342-896d-add3a146d44a', NULL, '20250811 13:32:02.2175388', NULL, NULL, NULL),
    (N'c0f89e5f-e314-443c-499f-08dd7cc4ec55', 290, 34, 2, N'1CFG5469L', N'01963dcf-2d02-75b2-8c78-cf03de2f5d3a', N'01963dce-bfce-7070-800c-96520d6ec836', 55, N'con_24043', 55, N'con_24043', 1, N'Peter received a job offer whilst in custody to start employment upon release', '20250416 00:00:00.0000000', N'1.1.4.1.', 1, '20250416 08:58:57.8117592', N'b0275b64-7357-436c-88d2-3b67ea3a361b', NULL, N'', N'b0275b64-7357-436c-88d2-3b67ea3a361b', NULL, NULL, NULL, NULL, NULL),
    (N'c109ab36-f513-487b-3c06-08dda766e97a', 284, 32, 1, N'1CFG1626P', N'01975537-6e55-74e6-8d68-1c3c94db1ee6', N'01975537-1df4-7348-966d-8fc518bf9dc5', 24, N'con_24038', 75, N'con_24045', 3, N'testing', '20250529 00:00:00.0000000', N'1.1.3.1.', 3, '20250609 15:06:04.4915645', N'907a005d-2b19-413b-bdd2-f48e3b52ab6e', '20250609 15:07:58.6379588', N'1113c865-21f4-43c2-a03d-b7936da3b18b', N'907a005d-2b19-413b-bdd2-f48e3b52ab6e', NULL, '20250609 15:07:58.6360302', NULL, NULL, NULL),
    (N'c1d3094f-5587-422f-4c08-08dd6d1d4cf1', 287, 34, 2, N'1CFG4936J', N'0195d77e-4d2b-7e52-addb-0da6a56aa078', N'0195d77a-a8fa-7782-a761-205d33ec59c2', 92, N'con_24038', 23, N'con_24038', 3, NULL, '20250213 00:00:00.0000000', N'1.1.3.1.', 3, '20250327 14:37:41.7519538', N'907a005d-2b19-413b-bdd2-f48e3b52ab6e', '20250327 14:38:58.8950443', N'77467465-c7b2-40f8-b145-219225ae1459', N'907a005d-2b19-413b-bdd2-f48e3b52ab6e', NULL, '20250327 14:38:58.8901171', NULL, NULL, NULL),
    (N'c1f94afd-95b6-4b71-78c7-08ddf5082626', 285, 32, 1, N'1CFG1626P', N'01975537-6e55-74e6-8d68-1c3c94db1ee6', N'01975537-1df4-7348-966d-8fc518bf9dc5', 92, N'con_24038', 92, N'con_24038', 3, N'testing', '20250902 00:00:00.0000000', N'1.1.3.1.', 1, '20250916 10:02:30.5442504', N'9e4e7408-41c0-4213-bfd8-343b097d0434', '20250917 09:12:04.1734031', N'907a005d-2b19-413b-bdd2-f48e3b52ab6e', N'9e4e7408-41c0-4213-bfd8-343b097d0434', NULL, NULL, NULL, NULL, NULL),
    (N'c29cd341-2649-4f3a-4bf8-08dd6d1d4cf1', 161, 2, 5, N'1CFG9326Y', N'0195d748-56a1-7cc9-9584-54276e861218', N'0195d747-dbd9-7daa-9127-44196616b95c', 29, N'con_24038', 29, N'con_24038', 1, N'again', '20250302 00:00:00.0000000', N'1.1.3.1.', 3, '20250327 11:11:46.5258166', N'907a005d-2b19-413b-bdd2-f48e3b52ab6e', NULL, N'', N'907a005d-2b19-413b-bdd2-f48e3b52ab6e', NULL, '20250327 11:11:46.5248692', NULL, NULL, NULL),
    (N'c2add911-7a45-4b8e-4bff-08dd6d1d4cf1', 284, 32, 1, N'1CFG4936J', N'0195d77e-4d2b-7e52-addb-0da6a56aa078', N'0195d77a-a8fa-7782-a761-205d33ec59c2', 23, N'con_24038', 23, N'con_24038', 6, N'n/a', '20250219 00:00:00.0000000', N'1.1.3.1.', 3, '20250327 12:08:03.5632337', N'907a005d-2b19-413b-bdd2-f48e3b52ab6e', '20250327 12:21:47.2408515', N'77467465-c7b2-40f8-b145-219225ae1459', N'907a005d-2b19-413b-bdd2-f48e3b52ab6e', NULL, '20250327 12:21:47.2362701', NULL, NULL, NULL),
    (N'c488fb1b-11dd-4660-cc62-08ddb583b74b', 276, 17, 4, N'1CFG6390M', N'01968c44-3491-7996-9046-f5cf7da2e6bb', N'01968c43-6fc9-72d3-8128-5a16cb8affb9', 111, N'con_24038', 51, N'con_24043', 3, N'test', '20250505 00:00:00.0000000', N'1.1.3.1.', 3, '20250627 14:05:47.7397490', N'907a005d-2b19-413b-bdd2-f48e3b52ab6e', '20250627 14:08:14.0154524', N'1113c865-21f4-43c2-a03d-b7936da3b18b', N'907a005d-2b19-413b-bdd2-f48e3b52ab6e', NULL, '20250627 14:08:14.0135232', NULL, NULL, NULL),
    (N'c644d5d3-3c98-4f2f-4bfc-08dd6d1d4cf1', 1, 1, 5, N'1CFG4936J', N'0195d77a-cff7-7a5e-b846-7b53c8e2441a', N'0195d77a-a8fa-7782-a761-205d33ec59c2', 23, N'con_24038', 23, N'con_24038', 6, NULL, '20250326 00:00:00.0000000', N'1.1.3.1.', 3, '20250327 12:03:45.9665764', N'907a005d-2b19-413b-bdd2-f48e3b52ab6e', NULL, N'', N'907a005d-2b19-413b-bdd2-f48e3b52ab6e', NULL, '20250327 12:03:45.9658670', NULL, NULL, NULL),
    (N'c6da3d4b-fdff-4eec-6641-08ddf5c847b5', 34, 61, 5, N'1CFG1333S', N'01995805-9ffd-799a-9a5b-103d55ffd586', N'01995803-b729-70a6-b741-d2fa56b0f20e', 41, N'con_24042', 41, N'con_24042', 3, N'Peter attended a preparation session today for Barista Training. We discussed the purpose of the course, the skills he will gain and how this will improve his employability in the future. Peter is keen to pass Barista training so he can seek employment in a coffee shop upon his release. He is feeling motivated to begin his training next week. ', '20250908 00:00:00.0000000', N'1.', 3, '20250917 14:24:10.6651855', N'2a9b3450-1feb-4be3-ab94-24e64cd34829', NULL, NULL, N'2a9b3450-1feb-4be3-ab94-24e64cd34829', NULL, '20250917 14:24:10.6645437', NULL, NULL, NULL),
    (N'c73f813a-6148-4d9a-3c5a-08dd7d8752ef', 266, 8, 4, N'1CFG4261Y', N'0195f145-f681-76af-84fa-d13f829a445d', N'0195f145-803e-7c6c-baa3-42c034679203', 92, N'con_24038', 24, N'con_24038', 3, N'testing', '20250104 00:00:00.0000000', N'1.1.3.1.', 3, '20250417 08:10:32.3091123', N'907a005d-2b19-413b-bdd2-f48e3b52ab6e', '20250609 15:07:49.7306393', N'1113c865-21f4-43c2-a03d-b7936da3b18b', N'907a005d-2b19-413b-bdd2-f48e3b52ab6e', NULL, '20250609 15:07:49.7196601', NULL, NULL, NULL),
    (N'c882b622-0e8f-4e90-6640-08ddf5c847b5', 300, 106, 4, N'1CFG8236D', N'0199571f-663a-7170-8d5e-c041f3178266', N'0199571c-4ae8-783a-9db4-09eb13e5d180', 130, N'con_24046', 89, N'con_24046', 2, N'I have now spent 10 hours with Bruce providing wraparound support for qwerthsh. We covered motivation, reflection, and anger management techniques. He has been successful in his programme and feels he has a better understanding of his previous substance misuse and how to maintain his sobriety going forward. ', '20250908 00:00:00.0000000', N'1.1.4.2.', 1, '20250917 10:04:11.8238780', N'4772fd06-ff8e-4745-8da2-fd97cd45b1f4', NULL, NULL, N'4772fd06-ff8e-4745-8da2-fd97cd45b1f4', NULL, NULL, NULL, NULL, NULL),
    (N'cbce2871-39aa-4e5e-78cb-08ddf5082626', 286, 32, 1, N'1CFG1626P', N'01975537-6e55-74e6-8d68-1c3c94db1ee6', N'01975537-1df4-7348-966d-8fc518bf9dc5', 110, N'con_24038', 92, N'con_24038', 3, N'r4gt', '20250624 00:00:00.0000000', N'1.1.3.1.', 1, '20250916 10:53:46.1702498', N'907a005d-2b19-413b-bdd2-f48e3b52ab6e', '20250917 09:11:44.8056575', N'907a005d-2b19-413b-bdd2-f48e3b52ab6e', N'907a005d-2b19-413b-bdd2-f48e3b52ab6e', NULL, NULL, NULL, NULL, NULL),
    (N'ccae2273-2fd1-40a7-6c84-08dd70f6bfd9', 268, 48, 4, N'1CFG4936J', N'0195f073-0980-72ac-89e7-2b78c8af65ed', N'0195f072-d8ab-73de-b818-497d8631f246', 92, N'con_24038', 23, N'con_24038', 3, N'wrapped around', '20250227 00:00:00.0000000', N'1.1.3.1.', 3, '20250401 08:27:30.2298679', N'907a005d-2b19-413b-bdd2-f48e3b52ab6e', '20250609 15:07:55.6395807', N'1113c865-21f4-43c2-a03d-b7936da3b18b', N'907a005d-2b19-413b-bdd2-f48e3b52ab6e', NULL, '20250609 15:07:55.6376607', NULL, NULL, NULL),
    (N'd32d108e-bf41-4e0f-6c83-08dd70f6bfd9', 285, 32, 1, N'1CFG4936J', N'0195f073-0980-72ac-89e7-2b78c8af65ed', N'0195f072-d8ab-73de-b818-497d8631f246', 92, N'con_24038', 23, N'con_24038', 3, N'help to undertsand', '20250212 00:00:00.0000000', N'1.1.3.1.', 1, '20250401 08:25:24.0763637', N'907a005d-2b19-413b-bdd2-f48e3b52ab6e', '20250401 08:48:04.5395068', N'1113c865-21f4-43c2-a03d-b7936da3b18b', N'907a005d-2b19-413b-bdd2-f48e3b52ab6e', NULL, NULL, NULL, NULL, NULL),
    (N'd341c04c-31c5-4405-6c85-08dd70f6bfd9', 289, 35, 2, N'1CFG4936J', N'0195f073-0980-72ac-89e7-2b78c8af65ed', N'0195f072-d8ab-73de-b818-497d8631f246', 20, N'con_24038', 23, N'con_24038', 3, N'hello', '20250401 00:00:00.0000000', N'1.1.3.1.', 3, '20250401 08:28:35.4727035', N'907a005d-2b19-413b-bdd2-f48e3b52ab6e', '20250627 14:08:04.5297933', N'1113c865-21f4-43c2-a03d-b7936da3b18b', N'907a005d-2b19-413b-bdd2-f48e3b52ab6e', NULL, '20250627 14:08:04.5261995', NULL, NULL, NULL),
    (N'd57c2d98-79bc-47fe-663e-08ddf5c847b5', 286, 32, 1, N'1CFG8236D', N'01995713-dfc4-7a79-bbfb-791f8d38cafc', N'01995713-ad61-70ba-afb5-79ee18a8233e', 130, N'con_24046', 89, N'con_24046', 2, N'I supported Bruce in searching for a local in person Maths Level 1 course. He is not able to complete online courses due to poor digital literacy. We found a course a 30 minute bus ride from his home. Bruce attended the course and has passed and is pleased to be progressing onto Level 2 next month. ', '20250903 00:00:00.0000000', N'1.1.4.2.', 0, '20250917 09:53:24.0410021', N'4772fd06-ff8e-4745-8da2-fd97cd45b1f4', '20250917 09:55:29.7728683', N'8cb4b1a7-c338-46e1-ad41-ef151384ec3e', N'4772fd06-ff8e-4745-8da2-fd97cd45b1f4', NULL, NULL, NULL, NULL, NULL),
    (N'dfbeffe4-c6a6-41a1-0c91-08dd78c15ff9', 285, 32, 1, N'1CFG4595K', N'01962383-31af-7f1c-8024-52a8e7e8ff74', N'01962382-f57c-7283-9000-4f041089e79d', 92, N'con_24038', 92, N'con_24038', 3, N'Test', '20250407 00:00:00.0000000', N'1.', 1, '20250411 06:24:26.3636260', N'2a9b3450-1feb-4be3-ab94-24e64cd34829', NULL, N'', N'2a9b3450-1feb-4be3-ab94-24e64cd34829', NULL, NULL, NULL, NULL, NULL),
    (N'e05cb3ee-fca6-4718-6c86-08dd70f6bfd9', 284, 32, 1, N'1CFG4261Y', N'0195f145-f681-76af-84fa-d13f829a445d', N'0195f145-803e-7c6c-baa3-42c034679203', 24, N'con_24038', 24, N'con_24038', 1, N'testing', '20250101 00:00:00.0000000', N'1.1.3.1.', 4, '20250401 12:15:34.1568802', N'907a005d-2b19-413b-bdd2-f48e3b52ab6e', '20250930 13:11:21.7249124', N'907a005d-2b19-413b-bdd2-f48e3b52ab6e', N'907a005d-2b19-413b-bdd2-f48e3b52ab6e', NULL, '20250930 13:11:21.7244330', N'907a005d-2b19-413b-bdd2-f48e3b52ab6e', N'', 0),
    (N'e5070c0d-e8fd-4af3-4c00-08dd6d1d4cf1', 284, 32, 1, N'1CFG4936J', N'0195d77e-4d2b-7e52-addb-0da6a56aa078', N'0195d77a-a8fa-7782-a761-205d33ec59c2', 23, N'con_24038', 23, N'con_24038', 6, NULL, '20250317 00:00:00.0000000', N'1.1.3.1.', 3, '20250327 12:09:07.4126285', N'907a005d-2b19-413b-bdd2-f48e3b52ab6e', '20250327 12:21:54.8198757', N'77467465-c7b2-40f8-b145-219225ae1459', N'907a005d-2b19-413b-bdd2-f48e3b52ab6e', NULL, '20250327 12:21:54.8186421', NULL, NULL, NULL),
    (N'e6f66f8a-0031-4802-3cb2-08de00e1ab15', 265, 101, 0, N'1CFG1626P', N'01975537-6e55-74e6-8d68-1c3c94db1ee6', N'01975537-1df4-7348-966d-8fc518bf9dc5', 110, N'con_24038', 92, N'con_24038', 3, N'testing', '20250929 00:00:00.0000000', N'1.1.3.1.', 3, '20251001 12:01:31.8983482', N'907a005d-2b19-413b-bdd2-f48e3b52ab6e', NULL, NULL, N'907a005d-2b19-413b-bdd2-f48e3b52ab6e', NULL, '20251001 12:01:31.8965933', NULL, NULL, NULL),
    (N'ecde7b47-a31b-46aa-4bf6-08dd6d1d4cf1', 161, 2, 5, N'1CFG9326Y', N'0195d748-56a1-7cc9-9584-54276e861218', N'0195d747-dbd9-7daa-9127-44196616b95c', 29, N'con_24038', 29, N'con_24038', 6, N'revisit', '20250202 00:00:00.0000000', N'1.1.3.1.', 3, '20250327 11:08:46.6702881', N'907a005d-2b19-413b-bdd2-f48e3b52ab6e', NULL, N'', N'907a005d-2b19-413b-bdd2-f48e3b52ab6e', NULL, '20250327 11:08:46.6692270', NULL, NULL, NULL),
    (N'ed0c87ea-e002-417f-3cb1-08de00e1ab15', 265, 101, 0, N'1CFG1109X', N'01999f9e-5cdc-7cb3-9e6a-1b3569851c76', N'01999f9d-69de-76a0-80a2-20eb1028499f', 113, N'con_24038', -2, NULL, 3, N'knows what is available in future employment', '20250923 00:00:00.0000000', N'1.1.3.1.', 3, '20251001 11:59:01.0700628', N'907a005d-2b19-413b-bdd2-f48e3b52ab6e', NULL, NULL, N'907a005d-2b19-413b-bdd2-f48e3b52ab6e', NULL, '20251001 11:59:01.0646484', NULL, NULL, NULL),
    (N'ef65c2fb-3038-404a-4414-08ddeae7d930', 280, 67, 4, N'1CFG4936J', N'0195d77a-cff7-7a5e-b846-7b53c8e2441a', N'0195d77a-a8fa-7782-a761-205d33ec59c2', 130, N'con_24046', 98, N'con_24046', 3, N'rgr3t3', '20250801 00:00:00.0000000', N'1.', 1, '20250903 12:46:05.9902091', N'2a9b3450-1feb-4be3-ab94-24e64cd34829', NULL, NULL, N'2a9b3450-1feb-4be3-ab94-24e64cd34829', NULL, NULL, NULL, NULL, NULL),
    (N'f6010e6c-ebe4-4147-6d05-08dd87ee5adc', 196, 2, 5, N'1CFG4936J', N'0195d77e-4d2b-7e52-addb-0da6a56aa078', N'0195d77a-a8fa-7782-a761-205d33ec59c2', 92, N'con_24038', 23, N'con_24038', 3, N'testing', '20250422 00:00:00.0000000', N'1.1.3.1.', 3, '20250430 13:53:15.3476373', N'907a005d-2b19-413b-bdd2-f48e3b52ab6e', NULL, N'', N'907a005d-2b19-413b-bdd2-f48e3b52ab6e', NULL, '20250430 13:53:15.3387310', NULL, NULL, NULL),
    (N'f95111ca-7001-479a-3cb5-08de00e1ab15', 288, 34, 2, N'1CFG1109X', N'01999f9e-5cdc-7cb3-9e6a-1b3569851c76', N'01999f9d-69de-76a0-80a2-20eb1028499f', 113, N'con_24038', -2, NULL, 3, N'employed but will still continue to seek in work support', '20250929 00:00:00.0000000', N'1.1.3.1.', 3, '20251001 12:12:53.9218439', N'907a005d-2b19-413b-bdd2-f48e3b52ab6e', '20251001 12:14:12.4906608', N'1113c865-21f4-43c2-a03d-b7936da3b18b', N'907a005d-2b19-413b-bdd2-f48e3b52ab6e', NULL, '20251001 12:14:12.4888028', N'1113c865-21f4-43c2-a03d-b7936da3b18b', NULL, NULL),
    (N'f9a32471-4363-4eb3-95b5-08dd6dcef301', 284, 32, 1, N'1CFG4936J', N'0195d77e-4d2b-7e52-addb-0da6a56aa078', N'0195d77a-a8fa-7782-a761-205d33ec59c2', 23, N'con_24038', 23, N'con_24038', 3, NULL, '20250316 00:00:00.0000000', N'1.1.3.1.', 3, '20250328 08:03:39.8457929', N'907a005d-2b19-413b-bdd2-f48e3b52ab6e', '20250328 08:07:58.3357729', N'77467465-c7b2-40f8-b145-219225ae1459', N'907a005d-2b19-413b-bdd2-f48e3b52ab6e', NULL, '20250328 08:07:58.3312804', NULL, NULL, NULL);
    
    
    
    -- ISWS
    INSERT INTO [Activities].[IswActivity] ([Id], [WraparoundSupportStartedOn], [HoursPerformedPre], [HoursPerformedDuring], [HoursPerformedPost], [BaselineAchievedOn], [DocumentId]) 
    VALUES 
    (N'37ce9a20-eef7-4534-6821-08dde55b9514', '20250819 00:00:00.0000000', 2.5, 4.5, 3, '20250827 00:00:00.0000000', N'0198eb41-0df8-769b-8869-955ccc4a81c7'),
    (N'3decb779-a73f-4d03-3cb4-08de00e1ab15', '20250915 00:00:00.0000000', 4.25, 3.5, 2.5, '20251001 00:00:00.0000000', N'01999faf-2f68-7334-b9bd-fa8892e6786f'),
    (N'4e02f77e-c9f3-4bd0-663b-08ddf5c847b5', '20250909 00:00:00.0000000', 3.25, 3.25, 3.5, '20250916 00:00:00.0000000', N'019956f9-9cc9-7044-85df-74622ba54dec'),
    (N'6dfd0ec5-f05a-4627-49a1-08dd7cc4ec55', '20250103 00:00:00.0000000', 3.5, 5.25, 2.75, '20250320 00:00:00.0000000', N'01963e05-0cf6-7298-9ebe-8b0642ba6977'),
    (N'6e183ccc-c169-462a-663f-08ddf5c847b5', '20250801 00:00:00.0000000', 4.5, 4, 1.75, '20250901 00:00:00.0000000', N'0199571a-274e-730c-81bd-eadfbf99cc92'),
    (N'85d6246a-a4ea-495b-49a0-08dd7cc4ec55', '20250108 00:00:00.0000000', 4, 4.5, 2, '20250220 00:00:00.0000000', N'01963e01-1623-7ad7-92d5-41aa06abe5ba'),
    (N'864070e5-640d-44a6-4c03-08dd6d1d4cf1', '20250226 00:00:00.0000000', 5, 5, 0, '20250327 00:00:00.0000000', N'0195d785-8402-7c30-b496-c15178d11987'),
    (N'8a187a09-2276-417e-4c02-08dd6d1d4cf1', '20250128 00:00:00.0000000', 2.25, 5.25, 2.5, '20250326 00:00:00.0000000', N'0195d784-3820-7ebb-b034-b7261552090f'),
    (N'8f2a839a-ae9a-4a52-7122-08ddd8db2e63', '20250512 00:00:00.0000000', 1, 8, 1, '20250808 00:00:00.0000000', N'01989958-2619-7285-ab4a-6a082fe0e991'),
    (N'a98fcc4a-fe2d-47c6-4c06-08dd6d1d4cf1', '20250201 00:00:00.0000000', 4, 4, 2, '20250228 00:00:00.0000000', N'0195d7a0-4baa-7e84-8368-aee1709e8036'),
    (N'c488fb1b-11dd-4660-cc62-08ddb583b74b', '20250505 00:00:00.0000000', 0.5, 6.75, 2.75, '20250611 00:00:00.0000000', N'0197b1b5-70c4-721d-8cd3-c764fef9c17a'),
    (N'c73f813a-6148-4d9a-3c5a-08dd7d8752ef', '20250104 00:00:00.0000000', 3, 5.5, 2, '20250416 00:00:00.0000000', N'019642cc-ac69-7b90-9fe1-66758b81c7ca'),
    (N'c882b622-0e8f-4e90-6640-08ddf5c847b5', '20250908 00:00:00.0000000', 2, 6, 2, '20250917 00:00:00.0000000', N'01995721-b858-759c-a3a8-51474aaf2f71'),
    (N'ccae2273-2fd1-40a7-6c84-08dd70f6bfd9', '20250227 00:00:00.0000000', 2.5, 3.75, 3.75, '20250331 00:00:00.0000000', N'0195f076-7594-7d76-b93a-993237c1b463'),
    (N'ef65c2fb-3038-404a-4414-08ddeae7d930', '20250801 00:00:00.0000000', 3.25, 3.25, 3.5, '20250820 00:00:00.0000000', N'01990f9c-e8e6-747f-a1cb-12d8cc1a64e0');

    -- Employment
    INSERT INTO [Activities].[EmploymentActivity] ([Id], [EmploymentType], [EmployerName], [JobTitle], [JobTitleCode], [Salary], [EmploymentCommenced], [DocumentId], [SalaryFrequency]) 
    VALUES 
    (N'15b5e3b7-fa27-4808-4c05-08dd6d1d4cf1', N'Full Time', N'chester zoo', N'Bank and post office clerks', N'4123', 12, '20250131 00:00:00.0000000', N'0195d79f-271a-7d3f-b557-9eb610105e11', N'Per day'),
    (N'584e7a5e-97b1-4897-4c01-08dd6d1d4cf1', N'Full Time', N'builders r us', N'Construction and building trades n.e.c.', N'5319', NULL, '20250127 00:00:00.0000000', N'0195d783-3d0d-7c0d-aa9a-f8164a50acde', NULL),
    (N'62a06442-9612-444a-6d07-08dd87ee5adc', N'Full Time', N'TESTING', N'IT quality and testing professionals', N'2136', NULL, '20250430 00:00:00.0000000', N'01968c4a-cc58-73f2-92e2-fa94095be64d', NULL),
    (N'7ed88a33-9787-46b9-6638-08ddf5c847b5', N'Full Time', N'testing', N'Financial managers and directors', N'1131', NULL, '20250909 00:00:00.0000000', N'019956e4-f635-7757-8bd6-b4a9278c00c9', NULL),
    (N'91ca7f8f-94bc-4d14-a71b-08dd71e33a9e', N'Full Time', N'sdfsf', N'Production managers and directors in construction', N'1122', 4, '20250401 00:00:00.0000000', N'0195f682-52da-7413-af5f-1b3519d71502', N'Per month'),
    (N'c0f89e5f-e314-443c-499f-08dd7cc4ec55', N'Full Time', N'pubs r us', N'Restaurant and catering establishment managers and proprietors', N'1222', NULL, '20250416 00:00:00.0000000', N'01963dd2-a616-7d21-bdbd-9017668ae890', NULL),
    (N'c1d3094f-5587-422f-4c08-08dd6d1d4cf1', N'Part Time', N'chester zoo', N'Groundsmen and greenkeepers', N'5114', NULL, '20250213 00:00:00.0000000', N'0195d809-9580-73cc-bf7b-88977367a8d7', NULL),
    (N'd341c04c-31c5-4405-6c85-08dd70f6bfd9', N'Full Time', N'HM Prison & Probation Service , HMPPS', N'Clergy', N'2463', -2, '20250401 00:00:00.0000000', N'0195f077-746e-7719-aa19-0bd687735c2a', N'Per day'),
    (N'f95111ca-7001-479a-3cb5-08de00e1ab15', N'Full Time', N'Construction site inc', N'Production managers and directors in construction', N'1122', NULL, '20250929 00:00:00.0000000', N'01999fb0-948c-70ce-9870-aa135cca72a3', NULL);

    -- ETE

    INSERT INTO [Activities].[EducationTrainingActivity] ([Id], [CourseTitle], [CourseUrl], [CourseLevel], [CourseCommencedOn], [CourseCompletedOn], [CourseCompletionStatus], [DocumentId]) 
    VALUES 
    (N'094db8aa-9d34-4bc5-3c05-08dda766e97a', N'peer mentoring', NULL, N'Not Applicable', '20250604 00:00:00.0000000', '20250605 00:00:00.0000000', -1, N'01975539-4f33-799f-976a-d9cebb7e3095'),
    (N'0ef92193-4fae-48d8-78c8-08ddf5082626', N'cscs', N'www.testing.co.uk', N'Level 6', '20250908 00:00:00.0000000', '20250908 00:00:00.0000000', 1, N'01995218-db79-7604-8eae-e8b4ed41c943'),
    (N'1358ac9a-e510-491b-bbd4-08dd8d711e5f', N'cscs', N'www.cscs.com', N'Entry', '20250717 00:00:00.0000000', '20250718 00:00:00.0000000', 1, N'0196ab16-b02b-74a7-9ed8-57a125dc9ac1'),
    (N'16575530-1260-4bc0-bbd6-08dd8d711e5f', N'cscs', N'www.cscs.co.uk', N'Entry', '20250401 00:00:00.0000000', '20250401 00:00:00.0000000', 1, N'0196ab1b-d7d0-7e0c-b9b0-cebcbec9464d'),
    (N'1a52dde7-8e23-46eb-78c9-08ddf5082626', N'test', N'test', N'Entry', '20250909 00:00:00.0000000', '20250909 00:00:00.0000000', 1, N'0199521b-d2c8-7d9e-abed-04086f27a7fb'),
    (N'2077b2eb-b00f-4781-95b6-08dd6dcef301', N'food safety a', N'www.food.co.uk', N'Entry', '20250318 00:00:00.0000000', '20250318 00:00:00.0000000', 1, N'0195dbc7-fa85-74dd-969d-3d2b82e3f9af'),
    (N'26078061-0cb0-406f-4c04-08dd6d1d4cf1', N'food', N'www.food.com', N'Entry', '20250217 00:00:00.0000000', '20250217 00:00:00.0000000', 1, N'0195d79d-b20e-7066-bb11-a383dcd5edf6'),
    (N'2f4aa9a5-5962-42bc-3cb0-08de00e1ab15', N'CSCS', N'WWW.HEALTHANDSAFETYTRAINING.COM/PRODUCT123456', N'Entry', '20250922 00:00:00.0000000', '20250923 00:00:00.0000000', 1, N'01999fa2-492c-71c6-a782-c28147f34d64'),
    (N'2fc018e6-2426-405c-4bfe-08dd6d1d4cf1', N'cscs', N'www.cscs.com', N'Entry', '20250130 00:00:00.0000000', '20250130 00:00:00.0000000', 1, N'0195d77f-6562-7210-9caa-57d5a9caa953'),
    (N'326027db-1584-4193-9cb4-08dd8d7f12a9', N'test', NULL, N'Level 2', '20250507 00:00:00.0000000', NULL, 1, N'0196ab72-251a-7223-972d-986d0564844b'),
    (N'329c62af-196e-445e-95b4-08dd6dcef301', N'food safety', N'www.food.co.uk', N'Entry', '20250309 00:00:00.0000000', '20250309 00:00:00.0000000', 1, N'0195dbc6-87e2-79e3-9e6a-d77377fef38b'),
    (N'5dd78e6d-9ebb-4c6f-663a-08ddf5c847b5', N'health and safety', N'www.health.co.uk', N'Entry', '20250915 00:00:00.0000000', '20250915 00:00:00.0000000', 1, N'019956f5-9b15-74e3-bd53-2ba6e9b39838'),
    (N'5ff8adaf-3e3f-4c8f-4c07-08dd6d1d4cf1', N'healthy living', N'www.healthyliving.com', N'Level 4', '20250310 00:00:00.0000000', '20250310 00:00:00.0000000', 1, N'0195d7fc-cbb5-7063-a893-ca5659c6e9fc'),
    (N'6aec785e-3a79-4096-d2cd-08ddcab03a38', N'cscs', N'www.cscs.com', N'Entry', '20250723 00:00:00.0000000', '20250723 00:00:00.0000000', 1, N'01983c79-4d2c-781d-ba6f-4e7d217cc24b'),
    (N'6e79aacb-5dbd-4a99-bbd5-08dd8d711e5f', N'cscs', N'www.cscs.co.uk', N'Entry', '20250401 00:00:00.0000000', '20250403 00:00:00.0000000', 1, N'0196ab19-65a5-7c06-81e6-08050334eba7'),
    (N'6ecb5fd2-8077-4b84-6c87-08dd70f6bfd9', N'managing money', NULL, N'Entry', '20250101 00:00:00.0000000', '20250104 00:00:00.0000000', -1, N'0195f14c-cf8e-7d28-b40a-fa2e1b064c19'),
    (N'7261e746-7f3e-4ee8-4bf2-08dd6d1d4cf1', N'Numeracy', N'https://coursefindernumeracy.co.uk', N'Level 1', '20250303 00:00:00.0000000', '20250310 00:00:00.0000000', 1, N'0195d73a-4b3c-7543-af4e-bdd90e87a988'),
    (N'82b8a41c-465f-44a7-214d-08ddd049902c', N'testing', NULL, N'Level 1', '20250716 00:00:00.0000000', '20250723 00:00:00.0000000', 1, N'0198612a-cfae-74a8-a9e3-b944dfb081bf'),
    (N'99ab5950-25ef-4e4e-0e85-08ddc5ca5738', N'CSCS HELP', N'N/A', N'Not Applicable', '20250709 00:00:00.0000000', '20250709 00:00:00.0000000', 1, N'01981c5f-d4f1-7fd8-8ca1-4528c2e252e9'),
    (N'9d3a33e0-7000-482e-4bfd-08dd6d1d4cf1', N'cscs', N'www.cscs.com', N'Entry', '20250128 00:00:00.0000000', '20250129 00:00:00.0000000', 1, N'0195d77e-0557-7d1c-9698-2383766ad368'),
    (N'a39c060f-9e7e-40a3-3c04-08dda766e97a', N'victim awareness', NULL, N'Not Applicable', '20250602 00:00:00.0000000', '20250602 00:00:00.0000000', -1, N'01975538-916d-7d9c-823f-7e6aa168f353'),
    (N'a9d33328-2bb0-463c-0c90-08dd78c15ff9', N'Test', NULL, N'Not Applicable', '20250402 00:00:00.0000000', '20250404 00:00:00.0000000', -1, N'01962384-804a-724c-ae31-6c4ba77e9d8a'),
    (N'c109ab36-f513-487b-3c06-08dda766e97a', N'food safety', NULL, N'Not Applicable', '20250529 00:00:00.0000000', '20250530 00:00:00.0000000', -1, N'0197553a-28da-729a-aa39-c1c64cadc320'),
    (N'c1f94afd-95b6-4b71-78c7-08ddf5082626', N'cscs', N'www.test.co.uk/test', N'Entry', '20250902 00:00:00.0000000', '20250902 00:00:00.0000000', 1, N'019951f9-d05d-7560-b7f2-c5a9386abae6'),
    (N'c2add911-7a45-4b8e-4bff-08dd6d1d4cf1', N'cscs', N'www.cscs.com', N'Entry', '20250219 00:00:00.0000000', '20250219 00:00:00.0000000', 1, N'0195d780-966f-729c-b682-d1133c18471c'),
    (N'cbce2871-39aa-4e5e-78cb-08ddf5082626', N'cscs', N'www.cscs.co.uk', N'Entry', '20250624 00:00:00.0000000', '20250624 00:00:00.0000000', 1, N'01995228-be8c-7b50-b4da-6f866d610819'),
    (N'd32d108e-bf41-4e0f-6c83-08dd70f6bfd9', N'understanding the effects of crime', N'www.changes.co.uk', N'Entry', '20250212 00:00:00.0000000', '20250318 00:00:00.0000000', 1, N'0195f074-8788-7154-b63a-6558828842a4'),
    (N'd57c2d98-79bc-47fe-663e-08ddf5c847b5', N'Maths for CFO', N'www.mathsforcfo.com', N'Level 1', '20250903 00:00:00.0000000', '20250905 00:00:00.0000000', 1, N'01995717-d550-7f6c-b6ae-940c7a90c686'),
    (N'dfbeffe4-c6a6-41a1-0c91-08dd78c15ff9', N'Test', NULL, N'Not Applicable', '20250407 00:00:00.0000000', '20250410 00:00:00.0000000', -1, N'01962385-61bb-7509-bedc-7348b0fab04e'),
    (N'e05cb3ee-fca6-4718-6c86-08dd70f6bfd9', N'living independently', NULL, N'Entry', '20250101 00:00:00.0000000', '20250108 00:00:00.0000000', 1, N'0195f147-429c-7214-8c44-cffd8736e6fe'),
    (N'e5070c0d-e8fd-4af3-4c00-08dd6d1d4cf1', N'health', N'n/a', N'Not Applicable', '20250303 00:00:00.0000000', '20250303 00:00:00.0000000', 1, N'0195d781-8fe2-70d5-a769-9173ee251e1c'),
    (N'f9a32471-4363-4eb3-95b5-08dd6dcef301', N'food safety', N'www.food.co.uk', N'Entry', '20250316 00:00:00.0000000', '20250316 00:00:00.0000000', 1, N'0195dbc7-3248-7399-b71c-fe3ef207d829');


    -- non ISW
    INSERT INTO [Activities].[NonIsqActivity] ([Id]) 
    VALUES 
    (N'0312b67b-b528-4c93-4bf4-08dd6d1d4cf1'),
    (N'174ba9d5-01a7-4a0f-663d-08ddf5c847b5'),
    (N'1daf93b6-6d63-42d4-78ca-08ddf5082626'),
    (N'2400727f-7074-47c4-cc63-08ddb583b74b'),
    (N'2aa8fd27-129f-463d-4bf7-08dd6d1d4cf1'),
    (N'3aa0880d-2aa6-43c3-4bf9-08dd6d1d4cf1'),
    (N'3f94964a-f3e4-4aca-4bfa-08dd6d1d4cf1'),
    (N'46d0d3bf-19af-493e-4bfb-08dd6d1d4cf1'),
    (N'4729642d-2ada-4e57-4bf5-08dd6d1d4cf1'),
    (N'56ee9b47-7f8b-40a7-0e86-08ddc5ca5738'),
    (N'5891be59-306e-4538-4bf3-08dd6d1d4cf1'),
    (N'598ccb5c-f565-43da-7120-08ddd8db2e63'),
    (N'5fafc68a-90d3-40f2-6d06-08dd87ee5adc'),
    (N'6021d5b0-bcf4-421d-cc64-08ddb583b74b'),
    (N'685c38b9-17e0-4728-3cb3-08de00e1ab15'),
    (N'6c308b07-9080-4392-6639-08ddf5c847b5'),
    (N'8464b15b-3160-4027-cc65-08ddb583b74b'),
    (N'9028f40f-7193-4e4c-663c-08ddf5c847b5'),
    (N'b1871512-6d2d-43a3-7121-08ddd8db2e63'),
    (N'c29cd341-2649-4f3a-4bf8-08dd6d1d4cf1'),
    (N'c644d5d3-3c98-4f2f-4bfc-08dd6d1d4cf1'),
    (N'c6da3d4b-fdff-4eec-6641-08ddf5c847b5'),
    (N'e6f66f8a-0031-4802-3cb2-08de00e1ab15'),
    (N'ecde7b47-a31b-46aa-4bf6-08dd6d1d4cf1'),
    (N'ed0c87ea-e002-417f-3cb1-08de00e1ab15'),
    (N'f6010e6c-ebe4-4147-6d05-08dd87ee5adc');


    
END