
IF NOT EXISTS (SELECT TOP (1) [Id] FROM [Activities].[ActivityPqaQueue])
BEGIN

    INSERT INTO [Activities].[ActivityPqaQueue] ([Id], [Created], [CreatedBy], [LastModified], [LastModifiedBy], [OwnerId], [EditorId], [IsAccepted], [IsCompleted], [ActivityId], [ParticipantId], [TenantId], [OriginalPQASubmissionDate], [SupportWorkerId]) 
    VALUES 
    (N'0195d73a-4c5f-78f7-af2b-f7e86dac10f4', '20250327 10:51:16.9912645', N'3363a0da-a5fc-493c-9d07-283a4da236cb', '20250414 13:09:02.3975924', N'2a9b3450-1feb-4be3-ab94-24e64cd34829', NULL, NULL, 1, 1, N'7261e746-7f3e-4ee8-4bf2-08dd6d1d4cf1', N'1CFG5437L', N'1.1.2.3.', '20250327', N'3363a0da-a5fc-493c-9d07-283a4da236cb'),
    (N'0195d77e-05d2-7d60-8f62-e199169ea854', '20250327 12:05:15.3481604', N'907a005d-2b19-413b-bdd2-f48e3b52ab6e', '20250327 12:19:49.6861913', N'8a9711cd-5d08-477c-aa94-b2e72cf1101b', NULL, NULL, 1, 1, N'9d3a33e0-7000-482e-4bfd-08dd6d1d4cf1', N'1CFG4936J', N'1.1.3.1.', '20250327', N'907a005d-2b19-413b-bdd2-f48e3b52ab6e'),
    (N'0195d77f-65c8-72f1-ad01-067c9528530c', '20250327 12:06:45.4488336', N'907a005d-2b19-413b-bdd2-f48e3b52ab6e', '20250327 12:19:56.5521421', N'8a9711cd-5d08-477c-aa94-b2e72cf1101b', NULL, NULL, 1, 1, N'2fc018e6-2426-405c-4bfe-08dd6d1d4cf1', N'1CFG4936J', N'1.1.3.1.', '20250327', N'907a005d-2b19-413b-bdd2-f48e3b52ab6e'),
    (N'0195d780-96ea-7f2e-b8da-0f90a549a986', '20250327 12:08:03.5632344', N'907a005d-2b19-413b-bdd2-f48e3b52ab6e', '20250327 12:19:59.2082627', N'8a9711cd-5d08-477c-aa94-b2e72cf1101b', NULL, NULL, 1, 1, N'c2add911-7a45-4b8e-4bff-08dd6d1d4cf1', N'1CFG4936J', N'1.1.3.1.', '20250327', N'907a005d-2b19-413b-bdd2-f48e3b52ab6e'),
    (N'0195d781-9053-76e1-b247-2de0a6ee0458', '20250327 12:09:07.4126290', N'907a005d-2b19-413b-bdd2-f48e3b52ab6e', '20250327 12:20:05.6855137', N'8a9711cd-5d08-477c-aa94-b2e72cf1101b', NULL, NULL, 1, 1, N'e5070c0d-e8fd-4af3-4c00-08dd6d1d4cf1', N'1CFG4936J', N'1.1.3.1.', '20250327', N'907a005d-2b19-413b-bdd2-f48e3b52ab6e'),
    (N'0195d783-3db3-7713-ace2-e43e9595077b', '20250327 12:10:57.3323845', N'907a005d-2b19-413b-bdd2-f48e3b52ab6e', '20250327 12:19:45.3208067', N'8a9711cd-5d08-477c-aa94-b2e72cf1101b', NULL, NULL, 1, 1, N'584e7a5e-97b1-4897-4c01-08dd6d1d4cf1', N'1CFG4936J', N'1.1.3.1.', '20250327', N'907a005d-2b19-413b-bdd2-f48e3b52ab6e'),
    (N'0195d784-38d8-702f-a351-ff36d2cdba1b', '20250327 12:12:01.6259098', N'907a005d-2b19-413b-bdd2-f48e3b52ab6e', '20250327 12:19:53.1815045', N'8a9711cd-5d08-477c-aa94-b2e72cf1101b', NULL, NULL, 1, 1, N'8a187a09-2276-417e-4c02-08dd6d1d4cf1', N'1CFG4936J', N'1.1.3.1.', '20250327', N'907a005d-2b19-413b-bdd2-f48e3b52ab6e'),
    (N'0195d785-8484-7c25-be0b-088c23a876d2', '20250327 12:13:26.5340824', N'907a005d-2b19-413b-bdd2-f48e3b52ab6e', '20250327 12:20:02.4373801', N'8a9711cd-5d08-477c-aa94-b2e72cf1101b', NULL, NULL, 1, 1, N'864070e5-640d-44a6-4c03-08dd6d1d4cf1', N'1CFG4936J', N'1.1.3.1.', '20250327', N'907a005d-2b19-413b-bdd2-f48e3b52ab6e'),
    (N'0195d79d-b279-7af8-9e30-fc5687920959', '20250327 12:39:51.1626078', N'907a005d-2b19-413b-bdd2-f48e3b52ab6e', '20250327 12:47:58.7593551', N'8a9711cd-5d08-477c-aa94-b2e72cf1101b', NULL, NULL, 1, 1, N'26078061-0cb0-406f-4c04-08dd6d1d4cf1', N'1CFG4936J', N'1.1.3.1.', '20250327', N'907a005d-2b19-413b-bdd2-f48e3b52ab6e'),
    (N'0195d79f-2795-7c15-b44c-2c01990f944c', '20250327 12:41:26.6779537', N'907a005d-2b19-413b-bdd2-f48e3b52ab6e', '20250327 12:47:52.9584200', N'8a9711cd-5d08-477c-aa94-b2e72cf1101b', NULL, NULL, 1, 1, N'15b5e3b7-fa27-4808-4c05-08dd6d1d4cf1', N'1CFG4936J', N'1.1.3.1.', '20250327', N'907a005d-2b19-413b-bdd2-f48e3b52ab6e'),
    (N'0195d7a0-4c1f-7ffd-b5f2-efff6e23dca7', '20250327 12:42:41.5693325', N'907a005d-2b19-413b-bdd2-f48e3b52ab6e', '20250327 12:47:55.7607379', N'8a9711cd-5d08-477c-aa94-b2e72cf1101b', NULL, NULL, 1, 1, N'a98fcc4a-fe2d-47c6-4c06-08dd6d1d4cf1', N'1CFG4936J', N'1.1.3.1.', '20250327', N'907a005d-2b19-413b-bdd2-f48e3b52ab6e'),
    (N'0195d7fc-cc22-726b-adc4-012846e2804e', '20250327 14:23:43.6512297', N'907a005d-2b19-413b-bdd2-f48e3b52ab6e', '20250327 14:24:05.5595420', N'8a9711cd-5d08-477c-aa94-b2e72cf1101b', NULL, NULL, 1, 1, N'5ff8adaf-3e3f-4c8f-4c07-08dd6d1d4cf1', N'1CFG4936J', N'1.1.3.1.', '20250327', N'907a005d-2b19-413b-bdd2-f48e3b52ab6e'),
    (N'0195d809-95f6-7345-b6e9-1f07dd1de537', '20250327 14:37:41.7519543', N'907a005d-2b19-413b-bdd2-f48e3b52ab6e', '20250327 14:37:57.3202923', N'8a9711cd-5d08-477c-aa94-b2e72cf1101b', NULL, NULL, 1, 1, N'c1d3094f-5587-422f-4c08-08dd6d1d4cf1', N'1CFG4936J', N'1.1.3.1.', '20250327', N'907a005d-2b19-413b-bdd2-f48e3b52ab6e'),
    (N'0195dbc6-899e-7b46-8976-067ade21e4ac', '20250328 08:02:56.5867233', N'907a005d-2b19-413b-bdd2-f48e3b52ab6e', '20250328 08:05:17.4788798', N'8a9711cd-5d08-477c-aa94-b2e72cf1101b', NULL, NULL, 1, 1, N'329c62af-196e-445e-95b4-08dd6dcef301', N'1CFG4936J', N'1.1.3.1.', '20250328', N'907a005d-2b19-413b-bdd2-f48e3b52ab6e'),
    (N'0195dbc7-32c4-7014-bf0c-a53f72b7472d', '20250328 08:03:39.8457932', N'907a005d-2b19-413b-bdd2-f48e3b52ab6e', '20250328 08:05:21.1803904', N'8a9711cd-5d08-477c-aa94-b2e72cf1101b', NULL, NULL, 1, 1, N'f9a32471-4363-4eb3-95b5-08dd6dcef301', N'1CFG4936J', N'1.1.3.1.', '20250328', N'907a005d-2b19-413b-bdd2-f48e3b52ab6e'),
    (N'0195dbc7-fb01-727e-ba98-6939de8a6fd2', '20250328 08:04:31.1070401', N'907a005d-2b19-413b-bdd2-f48e3b52ab6e', '20250328 08:05:24.9738182', N'8a9711cd-5d08-477c-aa94-b2e72cf1101b', NULL, NULL, 1, 1, N'2077b2eb-b00f-4781-95b6-08dd6dcef301', N'1CFG4936J', N'1.1.3.1.', '20250328', N'907a005d-2b19-413b-bdd2-f48e3b52ab6e'),
    (N'0195f074-8942-7cf8-94c8-b8df27f22f0e', '20250401 08:25:24.0763640', N'907a005d-2b19-413b-bdd2-f48e3b52ab6e', '20250401 08:29:38.3356561', N'8a9711cd-5d08-477c-aa94-b2e72cf1101b', NULL, NULL, 1, 1, N'd32d108e-bf41-4e0f-6c83-08dd70f6bfd9', N'1CFG4936J', N'1.1.3.1.', '20250401', N'907a005d-2b19-413b-bdd2-f48e3b52ab6e'),
    (N'0195f076-7634-76bd-a065-24103ebfd43e', '20250401 08:27:30.2298682', N'907a005d-2b19-413b-bdd2-f48e3b52ab6e', '20250401 08:32:47.6616419', N'8a9711cd-5d08-477c-aa94-b2e72cf1101b', NULL, NULL, 1, 1, N'ccae2273-2fd1-40a7-6c84-08dd70f6bfd9', N'1CFG4936J', N'1.1.3.1.', '20250401', N'907a005d-2b19-413b-bdd2-f48e3b52ab6e'),
    (N'0195f077-750f-7dc7-872b-8a77477efaff', '20250401 08:28:35.4727038', N'907a005d-2b19-413b-bdd2-f48e3b52ab6e', '20250401 08:32:40.0566553', N'8a9711cd-5d08-477c-aa94-b2e72cf1101b', NULL, NULL, 0, 1, N'd341c04c-31c5-4405-6c85-08dd70f6bfd9', N'1CFG4936J', N'1.1.3.1.', '20250401', N'907a005d-2b19-413b-bdd2-f48e3b52ab6e'),
    (N'0195f07d-0aa9-7bc7-b8de-08d5e79aa537', '20250401 08:34:41.4524682', N'77467465-c7b2-40f8-b145-219225ae1459', '20250401 08:39:18.9637279', N'8a9711cd-5d08-477c-aa94-b2e72cf1101b', NULL, NULL, 0, 1, N'd32d108e-bf41-4e0f-6c83-08dd70f6bfd9', N'1CFG4936J', N'1.1.3.1.', '20250401', N'907a005d-2b19-413b-bdd2-f48e3b52ab6e'),
    (N'0195f07d-7905-7d9f-b746-a4e8e09d7b6a', '20250401 08:35:09.7028138', N'77467465-c7b2-40f8-b145-219225ae1459', '20250401 08:39:06.3127007', N'8a9711cd-5d08-477c-aa94-b2e72cf1101b', NULL, NULL, 1, 1, N'ccae2273-2fd1-40a7-6c84-08dd70f6bfd9', N'1CFG4936J', N'1.1.3.1.', '20250401', N'907a005d-2b19-413b-bdd2-f48e3b52ab6e'),
    (N'0195f081-f261-7403-8bf8-0fdf3d31372a', '20250401 08:40:02.9145691', N'907a005d-2b19-413b-bdd2-f48e3b52ab6e', '20250401 08:40:33.0289741', N'8a9711cd-5d08-477c-aa94-b2e72cf1101b', NULL, NULL, 1, 1, N'd32d108e-bf41-4e0f-6c83-08dd70f6bfd9', N'1CFG4936J', N'1.1.3.1.', '20250401', N'907a005d-2b19-413b-bdd2-f48e3b52ab6e'),
    (N'0195f082-087e-7df6-bc66-81bb95dd8a86', '20250401 08:40:08.5757910', N'907a005d-2b19-413b-bdd2-f48e3b52ab6e', '20250401 08:40:45.5486816', N'8a9711cd-5d08-477c-aa94-b2e72cf1101b', NULL, NULL, 1, 1, N'd341c04c-31c5-4405-6c85-08dd70f6bfd9', N'1CFG4936J', N'1.1.3.1.', '20250401', N'907a005d-2b19-413b-bdd2-f48e3b52ab6e'),
    (N'0195f088-b678-7923-8000-b4cfb1b86016', '20250401 08:47:26.3310438', N'1113c865-21f4-43c2-a03d-b7936da3b18b', '20250507 14:15:45.7171655', N'8a9711cd-5d08-477c-aa94-b2e72cf1101b', NULL, NULL, 1, 1, N'ccae2273-2fd1-40a7-6c84-08dd70f6bfd9', N'1CFG4936J', N'1.1.3.1.', '20250401', N'907a005d-2b19-413b-bdd2-f48e3b52ab6e'),
    (N'0195f089-4bba-7fcb-b18c-550b12e70145', '20250401 08:48:04.5395061', N'1113c865-21f4-43c2-a03d-b7936da3b18b', NULL, NULL, NULL, NULL, 0, 0, N'd32d108e-bf41-4e0f-6c83-08dd70f6bfd9', N'1CFG4936J', N'1.1.3.1.', '20250401', N'907a005d-2b19-413b-bdd2-f48e3b52ab6e'),
    (N'0195f08a-394c-7d53-bb8b-02fc1564e1f7', '20250401 08:49:05.3573546', N'77467465-c7b2-40f8-b145-219225ae1459', '20250627 14:07:08.0756160', N'8a9711cd-5d08-477c-aa94-b2e72cf1101b', NULL, NULL, 1, 1, N'd341c04c-31c5-4405-6c85-08dd70f6bfd9', N'1CFG4936J', N'1.1.3.1.', '20250401', N'907a005d-2b19-413b-bdd2-f48e3b52ab6e'),
    (N'0195f147-430c-7d8d-9650-8505df661ce1', '20250401 12:15:34.1568806', N'907a005d-2b19-413b-bdd2-f48e3b52ab6e', '20250401 12:16:17.4567340', N'8a9711cd-5d08-477c-aa94-b2e72cf1101b', NULL, NULL, 1, 1, N'e05cb3ee-fca6-4718-6c86-08dd70f6bfd9', N'1CFG4261Y', N'1.1.3.1.', '20250401', N'907a005d-2b19-413b-bdd2-f48e3b52ab6e'),
    (N'0195f14c-d002-7c8a-9855-cfdb8b1ef571', '20250401 12:21:37.9243080', N'907a005d-2b19-413b-bdd2-f48e3b52ab6e', '20250930 13:08:44.8927026', N'8a9711cd-5d08-477c-aa94-b2e72cf1101b', NULL, NULL, 0, 1, N'6ecb5fd2-8077-4b84-6c87-08dd70f6bfd9', N'1CFG4261Y', N'1.1.3.1.', '20250401', N'907a005d-2b19-413b-bdd2-f48e3b52ab6e'),
    (N'0195f682-540e-71ac-9988-332ae3696af8', '20250402 12:38:11.2341887', N'2a9b3450-1feb-4be3-ab94-24e64cd34829', NULL, NULL, NULL, NULL, 0, 0, N'91ca7f8f-94bc-4d14-a71b-08dd71e33a9e', N'1CFG5437L', N'1.', '20250402', N'2a9b3450-1feb-4be3-ab94-24e64cd34829'),
    (N'01962384-8389-775c-952f-aacdb275a9b4', '20250411 06:23:29.2041413', N'2a9b3450-1feb-4be3-ab94-24e64cd34829', NULL, NULL, NULL, NULL, 0, 0, N'a9d33328-2bb0-463c-0c90-08dd78c15ff9', N'1CFG4595K', N'1.', '20250411', N'2a9b3450-1feb-4be3-ab94-24e64cd34829'),
    (N'01962385-62fa-77fc-8c37-05c4d678d493', '20250411 06:24:26.3636263', N'2a9b3450-1feb-4be3-ab94-24e64cd34829', NULL, NULL, NULL, NULL, 0, 0, N'dfbeffe4-c6a6-41a1-0c91-08dd78c15ff9', N'1CFG4595K', N'1.', '20250411', N'2a9b3450-1feb-4be3-ab94-24e64cd34829'),
    (N'0196346c-12f5-7632-bcb3-c6ff6bc3864c', '20250414 13:10:20.1546017', N'1113c865-21f4-43c2-a03d-b7936da3b18b', '20250930 13:05:48.5983663', N'8a9711cd-5d08-477c-aa94-b2e72cf1101b', NULL, NULL, 0, 1, N'e05cb3ee-fca6-4718-6c86-08dd70f6bfd9', N'1CFG4261Y', N'1.1.3.1.', '20250401', N'907a005d-2b19-413b-bdd2-f48e3b52ab6e'),
    (N'0196346c-3241-7a90-8ee1-49713a726955', '20250414 13:10:28.1624681', N'1113c865-21f4-43c2-a03d-b7936da3b18b', NULL, NULL, NULL, NULL, 0, 0, N'7261e746-7f3e-4ee8-4bf2-08dd6d1d4cf1', N'1CFG5437L', N'1.1.2.3.', '20250327', N'3363a0da-a5fc-493c-9d07-283a4da236cb'),
    (N'01963dd2-a76f-7c47-9954-84c8c77b23dc', '20250416 08:58:57.8117598', N'b0275b64-7357-436c-88d2-3b67ea3a361b', NULL, NULL, NULL, NULL, 0, 0, N'c0f89e5f-e314-443c-499f-08dd7cc4ec55', N'1CFG5469L', N'1.1.4.1.', '20250416', N'b0275b64-7357-436c-88d2-3b67ea3a361b'),
    (N'01963e01-16a4-7d8e-8a79-09731b1b5e6b', '20250416 09:49:40.9019154', N'2a9b3450-1feb-4be3-ab94-24e64cd34829', NULL, NULL, NULL, NULL, 0, 0, N'85d6246a-a4ea-495b-49a0-08dd7cc4ec55', N'1CFG4261Y', N'1.', '20250416', N'2a9b3450-1feb-4be3-ab94-24e64cd34829'),
    (N'01963e05-0d69-7d37-8541-02f87fd31782', '20250416 09:54:00.6819387', N'8a9711cd-5d08-477c-aa94-b2e72cf1101b', NULL, NULL, NULL, NULL, 0, 0, N'6dfd0ec5-f05a-4627-49a1-08dd7cc4ec55', N'1CFG4261Y', N'1.1.3.1.', '20250416', N'8a9711cd-5d08-477c-aa94-b2e72cf1101b'),
    (N'019642cc-add0-7773-82c2-60b9b3acffe1', '20250417 08:10:32.3091146', N'907a005d-2b19-413b-bdd2-f48e3b52ab6e', '20250417 08:11:19.1166673', N'8a9711cd-5d08-477c-aa94-b2e72cf1101b', NULL, NULL, 1, 1, N'c73f813a-6148-4d9a-3c5a-08dd7d8752ef', N'1CFG4261Y', N'1.1.3.1.', '20250417', N'907a005d-2b19-413b-bdd2-f48e3b52ab6e'),
    (N'01968c4a-cce5-7175-be5c-795542ab788c', '20250501 14:40:34.5657486', N'907a005d-2b19-413b-bdd2-f48e3b52ab6e', NULL, NULL, NULL, NULL, 0, 0, N'62a06442-9612-444a-6d07-08dd87ee5adc', N'1CFG6390M', N'1.1.3.1.', '20250501', N'907a005d-2b19-413b-bdd2-f48e3b52ab6e'),
    (N'0196ab16-b2ed-7d0d-996e-0c6886a6f7a8', '20250507 14:11:53.7469475', N'907a005d-2b19-413b-bdd2-f48e3b52ab6e', '20250731 15:45:25.2484273', N'8a9711cd-5d08-477c-aa94-b2e72cf1101b', NULL, NULL, 0, 1, N'1358ac9a-e510-491b-bbd4-08dd8d711e5f', N'1CFG9960M', N'1.1.3.1.', '20250507', N'907a005d-2b19-413b-bdd2-f48e3b52ab6e'),
    (N'0196ab19-6617-7db2-b416-3eb920e2b6ec', '20250507 14:14:50.6488691', N'907a005d-2b19-413b-bdd2-f48e3b52ab6e', '20250507 14:15:41.5152621', N'8a9711cd-5d08-477c-aa94-b2e72cf1101b', NULL, NULL, 1, 1, N'6e79aacb-5dbd-4a99-bbd5-08dd8d711e5f', N'1CFG4936J', N'1.1.3.1.', '20250507', N'907a005d-2b19-413b-bdd2-f48e3b52ab6e'),
    (N'0196ab1b-d839-7e82-b719-1dc8623ad64e', '20250507 14:17:30.9382801', N'907a005d-2b19-413b-bdd2-f48e3b52ab6e', NULL, NULL, NULL, NULL, 0, 0, N'16575530-1260-4bc0-bbd6-08dd8d711e5f', N'1CFG8391O', N'1.1.3.1.', '20250507', N'907a005d-2b19-413b-bdd2-f48e3b52ab6e'),
    (N'0196ab72-2682-72d2-87df-8cb5f858765a', '20250507 15:51:47.1111020', N'4772fd06-ff8e-4745-8da2-fd97cd45b1f4', '20250627 13:12:49.5835272', N'8cb4b1a7-c338-46e1-ad41-ef151384ec3e', NULL, NULL, 1, 1, N'326027db-1584-4193-9cb4-08dd8d7f12a9', N'1CFG5131C', N'1.1.4.2.', '20250507', N'4772fd06-ff8e-4745-8da2-fd97cd45b1f4'),
    (N'01975538-9236-7363-a66d-d15c672c9df9', '20250609 15:04:20.3106614', N'907a005d-2b19-413b-bdd2-f48e3b52ab6e', '20250609 15:06:50.3454168', N'8a9711cd-5d08-477c-aa94-b2e72cf1101b', NULL, NULL, 1, 1, N'a39c060f-9e7e-40a3-3c04-08dda766e97a', N'1CFG1626P', N'1.1.3.1.', '20250609', N'907a005d-2b19-413b-bdd2-f48e3b52ab6e'),
    (N'01975539-4fa3-76f6-8480-47a49784507b', '20250609 15:05:08.7725957', N'907a005d-2b19-413b-bdd2-f48e3b52ab6e', '20250609 15:06:55.5731101', N'8a9711cd-5d08-477c-aa94-b2e72cf1101b', NULL, NULL, 1, 1, N'094db8aa-9d34-4bc5-3c05-08dda766e97a', N'1CFG1626P', N'1.1.3.1.', '20250609', N'907a005d-2b19-413b-bdd2-f48e3b52ab6e'),
    (N'0197553a-294a-710a-91c7-e2474f9639f5', '20250609 15:06:04.4915648', N'907a005d-2b19-413b-bdd2-f48e3b52ab6e', '20250609 15:06:46.8274906', N'8a9711cd-5d08-477c-aa94-b2e72cf1101b', NULL, NULL, 1, 1, N'c109ab36-f513-487b-3c06-08dda766e97a', N'1CFG1626P', N'1.1.3.1.', '20250609', N'907a005d-2b19-413b-bdd2-f48e3b52ab6e'),
    (N'0197b1b5-7159-7713-9e24-2a35385f2c50', '20250627 14:05:47.7397494', N'907a005d-2b19-413b-bdd2-f48e3b52ab6e', '20250627 14:07:00.4178501', N'8a9711cd-5d08-477c-aa94-b2e72cf1101b', NULL, NULL, 1, 1, N'c488fb1b-11dd-4660-cc62-08ddb583b74b', N'1CFG6390M', N'1.1.3.1.', '20250627', N'907a005d-2b19-413b-bdd2-f48e3b52ab6e'),
    (N'01981c5f-d5bd-77d6-a98e-5651a3b6e4f9', '20250718 07:11:39.4861901', N'907a005d-2b19-413b-bdd2-f48e3b52ab6e', '20250718 07:13:45.3981298', N'8a9711cd-5d08-477c-aa94-b2e72cf1101b', NULL, NULL, 1, 1, N'99ab5950-25ef-4e4e-0e85-08ddc5ca5738', N'1CFG9960M', N'1.1.3.1.', '20250718', N'907a005d-2b19-413b-bdd2-f48e3b52ab6e'),
    (N'01983c79-4ea0-78d1-8967-1b80c0463ac8', '20250724 12:47:19.7490475', N'907a005d-2b19-413b-bdd2-f48e3b52ab6e', '20250724 12:48:11.1638178', N'8a9711cd-5d08-477c-aa94-b2e72cf1101b', NULL, NULL, 1, 1, N'6aec785e-3a79-4096-d2cd-08ddcab03a38', N'1CFG2457U', N'1.1.3.1.', '20250724', N'907a005d-2b19-413b-bdd2-f48e3b52ab6e'),
    (N'0198612a-d0b4-75e8-8b1f-0d7e2e834e1f', '20250731 15:47:32.6651254', N'907a005d-2b19-413b-bdd2-f48e3b52ab6e', '20250731 15:48:20.0008689', N'8a9711cd-5d08-477c-aa94-b2e72cf1101b', NULL, NULL, 0, 1, N'82b8a41c-465f-44a7-214d-08ddd049902c', N'1CFG4261Y', N'1.1.3.1.', '20250731', N'907a005d-2b19-413b-bdd2-f48e3b52ab6e'),
    (N'01989958-2727-7463-85ed-23feef184b4a', '20250811 13:35:48.0414182', N'98f8ac5b-8151-4342-896d-add3a146d44a', NULL, NULL, NULL, NULL, 0, 0, N'8f2a839a-ae9a-4a52-7122-08ddd8db2e63', N'1CFG9798U', N'1.1.6.1.1.', '20250811', N'98f8ac5b-8151-4342-896d-add3a146d44a'),
    (N'0198eb41-0fbc-7bb9-bc9a-f29e1876b0da', '20250827 11:19:26.4368706', N'907a005d-2b19-413b-bdd2-f48e3b52ab6e', '20250903 12:59:15.3252140', N'2a9b3450-1feb-4be3-ab94-24e64cd34829', NULL, NULL, 1, 1, N'37ce9a20-eef7-4534-6821-08dde55b9514', N'1CFG8432I', N'1.1.3.1.', '20250827', N'907a005d-2b19-413b-bdd2-f48e3b52ab6e'),
    (N'01990f9c-ea79-7ba5-b42a-186759eab14e', '20250903 12:46:05.9902568', N'2a9b3450-1feb-4be3-ab94-24e64cd34829', NULL, NULL, NULL, NULL, 0, 0, N'ef65c2fb-3038-404a-4414-08ddeae7d930', N'1CFG4936J', N'1.', '20250903', N'2a9b3450-1feb-4be3-ab94-24e64cd34829'),
    (N'01995197-bf46-7fa3-ab92-ee2fe76a8643', '20250916 08:15:23.5014414', N'907a005d-2b19-413b-bdd2-f48e3b52ab6e', '20250916 08:22:16.1337990', N'8a9711cd-5d08-477c-aa94-b2e72cf1101b', NULL, NULL, 0, 1, N'1358ac9a-e510-491b-bbd4-08dd8d711e5f', N'1CFG9960M', N'1.1.3.1.', '20250916', N'907a005d-2b19-413b-bdd2-f48e3b52ab6e'),
    (N'019951f9-d10d-73c6-944f-343fd2f40223', '20250916 10:02:30.5442508', N'9e4e7408-41c0-4213-bfd8-343b097d0434', '20250916 10:09:53.0124866', N'06098b9b-2a53-4bca-81fa-81e8e1befc47', NULL, NULL, 0, 1, N'c1f94afd-95b6-4b71-78c7-08ddf5082626', N'1CFG1626P', N'1.1.3.', '20250916', N'9e4e7408-41c0-4213-bfd8-343b097d0434'),
    (N'01995218-dbf2-7f45-a714-9bd84077d1b1', '20250916 10:36:24.9481412', N'9e4e7408-41c0-4213-bfd8-343b097d0434', '20250916 10:36:50.0085778', N'06098b9b-2a53-4bca-81fa-81e8e1befc47', NULL, NULL, 1, 1, N'0ef92193-4fae-48d8-78c8-08ddf5082626', N'1CFG2622V', N'1.1.3.', '20250916', N'9e4e7408-41c0-4213-bfd8-343b097d0434'),
    (N'0199521a-89d3-79bd-9913-3c7e3f03b780', '20250916 10:38:14.9981583', N'1113c865-21f4-43c2-a03d-b7936da3b18b', '20250930 13:21:07.1891025', N'8a9711cd-5d08-477c-aa94-b2e72cf1101b', NULL, NULL, 0, 1, N'37ce9a20-eef7-4534-6821-08dde55b9514', N'1CFG8432I', N'1.1.3.1.', '20250827', N'907a005d-2b19-413b-bdd2-f48e3b52ab6e'),
    (N'0199521b-d32f-75b2-b41e-f7272d1fce16', '20250916 10:39:39.3124973', N'9e4e7408-41c0-4213-bfd8-343b097d0434', NULL, NULL, NULL, NULL, 0, 0, N'1a52dde7-8e23-46eb-78c9-08ddf5082626', N'1CFG2457U', N'1.1.3.', '20250916', N'9e4e7408-41c0-4213-bfd8-343b097d0434'),
    (N'01995226-9f73-7450-9456-d246428f4106', '20250916 10:51:26.9647901', N'907a005d-2b19-413b-bdd2-f48e3b52ab6e', '20250916 10:57:47.5468817', N'8a9711cd-5d08-477c-aa94-b2e72cf1101b', NULL, NULL, 1, 1, N'82b8a41c-465f-44a7-214d-08ddd049902c', N'1CFG4261Y', N'1.1.3.1.', '20250916', N'907a005d-2b19-413b-bdd2-f48e3b52ab6e'),
    (N'01995228-bf38-730f-a8c7-92d46653bce3', '20250916 10:53:46.1702501', N'907a005d-2b19-413b-bdd2-f48e3b52ab6e', '20250916 10:58:05.7446457', N'8a9711cd-5d08-477c-aa94-b2e72cf1101b', NULL, NULL, 1, 1, N'cbce2871-39aa-4e5e-78cb-08ddf5082626', N'1CFG1626P', N'1.1.3.1.', '20250916', N'907a005d-2b19-413b-bdd2-f48e3b52ab6e'),
    (N'019956e4-f7d8-7a53-8b19-37a9d98345fe', '20250917 08:57:50.3362426', N'907a005d-2b19-413b-bdd2-f48e3b52ab6e', '20250917 09:02:51.1719578', N'8a9711cd-5d08-477c-aa94-b2e72cf1101b', NULL, NULL, 1, 1, N'7ed88a33-9787-46b9-6638-08ddf5c847b5', N'1CFG6390M', N'1.1.3.1.', '20250917', N'907a005d-2b19-413b-bdd2-f48e3b52ab6e'),
    (N'019956eb-6ce6-7ae5-b7a4-ef3b50414309', '20250917 09:04:53.4832397', N'1113c865-21f4-43c2-a03d-b7936da3b18b', '20250917 09:09:54.0463493', N'8a9711cd-5d08-477c-aa94-b2e72cf1101b', NULL, NULL, 0, 1, N'cbce2871-39aa-4e5e-78cb-08ddf5082626', N'1CFG1626P', N'1.1.3.1.', '20250916', N'907a005d-2b19-413b-bdd2-f48e3b52ab6e'),
    (N'019956f1-b3a4-7b85-baa3-f61d3c2769ed', '20250917 09:11:44.8056566', N'907a005d-2b19-413b-bdd2-f48e3b52ab6e', NULL, NULL, NULL, NULL, 0, 0, N'cbce2871-39aa-4e5e-78cb-08ddf5082626', N'1CFG1626P', N'1.1.3.1.', '20250917', N'907a005d-2b19-413b-bdd2-f48e3b52ab6e'),
    (N'019956f1-ff4b-7ec1-ace2-419fccab874e', '20250917 09:12:04.1734010', N'907a005d-2b19-413b-bdd2-f48e3b52ab6e', NULL, NULL, NULL, NULL, 0, 0, N'c1f94afd-95b6-4b71-78c7-08ddf5082626', N'1CFG1626P', N'1.1.3.1.', '20250917', N'9e4e7408-41c0-4213-bfd8-343b097d0434'),
    (N'019956f3-f4d5-7557-ba5b-fc7367c18931', '20250917 09:14:12.5673948', N'907a005d-2b19-413b-bdd2-f48e3b52ab6e', '20250917 09:15:24.5399424', N'8a9711cd-5d08-477c-aa94-b2e72cf1101b', NULL, NULL, 0, 1, N'5dd78e6d-9ebb-4c6f-663a-08ddf5c847b5', N'1CFG8432I', N'1.1.3.1.', '20250917', N'907a005d-2b19-413b-bdd2-f48e3b52ab6e'),
    (N'019956f5-9b89-7831-b5d8-4f9ea4386232', '20250917 09:16:00.7784521', N'907a005d-2b19-413b-bdd2-f48e3b52ab6e', '20251002 08:19:31.0970491', N'8a9711cd-5d08-477c-aa94-b2e72cf1101b', NULL, NULL, 0, 1, N'5dd78e6d-9ebb-4c6f-663a-08ddf5c847b5', N'1CFG8432I', N'1.1.3.1.', '20250917', N'907a005d-2b19-413b-bdd2-f48e3b52ab6e'),
    (N'019956f9-9d54-788c-b29c-958705749f11', '20250917 09:20:23.3818425', N'8a9711cd-5d08-477c-aa94-b2e72cf1101b', NULL, NULL, NULL, NULL, 0, 0, N'4e02f77e-c9f3-4bd0-663b-08ddf5c847b5', N'1CFG1626P', N'1.1.3.1.', '20250917', N'8a9711cd-5d08-477c-aa94-b2e72cf1101b'),
    (N'01995717-d647-765d-b577-2b8602a48633', '20250917 09:53:24.0410031', N'4772fd06-ff8e-4745-8da2-fd97cd45b1f4', '20250917 09:55:29.7728678', N'8cb4b1a7-c338-46e1-ad41-ef151384ec3e', NULL, NULL, 0, 1, N'd57c2d98-79bc-47fe-663e-08ddf5c847b5', N'1CFG8236D', N'1.1.4.2.', '20250917', N'4772fd06-ff8e-4745-8da2-fd97cd45b1f4'),
    (N'0199571a-27bd-7ca3-9816-b350eb89010f', '20250917 09:55:55.9660755', N'907a005d-2b19-413b-bdd2-f48e3b52ab6e', '20250930 13:09:26.7817925', N'8a9711cd-5d08-477c-aa94-b2e72cf1101b', NULL, NULL, 0, 1, N'6e183ccc-c169-462a-663f-08ddf5c847b5', N'1CFG4261Y', N'1.1.3.1.', '20250917', N'907a005d-2b19-413b-bdd2-f48e3b52ab6e'),
    (N'01995721-b8ae-701a-b289-268e911a3c41', '20250917 10:04:11.8238785', N'4772fd06-ff8e-4745-8da2-fd97cd45b1f4', NULL, NULL, NULL, NULL, 0, 0, N'c882b622-0e8f-4e90-6640-08ddf5c847b5', N'1CFG8236D', N'1.1.4.2.', '20250917', N'4772fd06-ff8e-4745-8da2-fd97cd45b1f4'),
    (N'01999fa2-4a10-76e5-a12b-e830e8433ec6', '20251001 11:57:17.2369274', N'907a005d-2b19-413b-bdd2-f48e3b52ab6e', '20251001 12:03:25.1506676', N'8a9711cd-5d08-477c-aa94-b2e72cf1101b', NULL, NULL, 1, 1, N'2f4aa9a5-5962-42bc-3cb0-08de00e1ab15', N'1CFG1109X', N'1.1.3.1.', '20251001', N'907a005d-2b19-413b-bdd2-f48e3b52ab6e'),
    (N'01999faf-3008-7d2d-b272-b7104e33b4df', '20251001 12:11:22.5324374', N'907a005d-2b19-413b-bdd2-f48e3b52ab6e', '20251001 12:13:20.7217065', N'8a9711cd-5d08-477c-aa94-b2e72cf1101b', NULL, NULL, 1, 1, N'3decb779-a73f-4d03-3cb4-08de00e1ab15', N'1CFG1109X', N'1.1.3.1.', '20251001', N'907a005d-2b19-413b-bdd2-f48e3b52ab6e'),
    (N'01999fb0-9520-7082-b651-0e6d6e28c00a', '20251001 12:12:53.9218441', N'907a005d-2b19-413b-bdd2-f48e3b52ab6e', '20251001 12:13:25.2086834', N'8a9711cd-5d08-477c-aa94-b2e72cf1101b', NULL, NULL, 1, 1, N'f95111ca-7001-479a-3cb5-08de00e1ab15', N'1CFG1109X', N'1.1.3.1.', '20251001', N'907a005d-2b19-413b-bdd2-f48e3b52ab6e');

    SET IDENTITY_INSERT [Activities].[PqaQueueNote] ON
    
    INSERT INTO [Activities].[PqaQueueNote] ([Id], [ActivityPqaQueueEntryId], [Message], [CallReference], [Created], [CreatedBy], [LastModified], [LastModifiedBy], [TenantId]) 
    VALUES 
    (1, N'0195f077-750f-7dc7-872b-8a77477efaff', N'amend the salary as it is a minus', NULL, '20250401 08:32:40.0569025', N'8a9711cd-5d08-477c-aa94-b2e72cf1101b', NULL, NULL, N'1.1.3.1.'),
    (2, N'0195f07d-0aa9-7bc7-b8de-08d5e79aa537', N'agree', NULL, '20250401 08:39:18.9638079', N'8a9711cd-5d08-477c-aa94-b2e72cf1101b', NULL, NULL, N'1.1.3.1.'),
    (3, N'0196ab16-b2ed-7d0d-996e-0c6886a6f7a8', N'testing testing ', NULL, '20250731 15:45:25.2489539', N'8a9711cd-5d08-477c-aa94-b2e72cf1101b', NULL, NULL, N'1.1.3.1.'),
    (4, N'0198612a-d0b4-75e8-8b1f-0d7e2e834e1f', N'testing to see if comments appear', NULL, '20250731 15:48:20.0009919', N'8a9711cd-5d08-477c-aa94-b2e72cf1101b', NULL, NULL, N'1.1.3.1.'),
    (5, N'01995197-bf46-7fa3-ab92-ee2fe76a8643', N'can you see this', NULL, '20250916 08:22:00.9328698', N'8a9711cd-5d08-477c-aa94-b2e72cf1101b', NULL, NULL, N'1.1.3.1.'),
    (6, N'01995197-bf46-7fa3-ab92-ee2fe76a8643', N'hello', NULL, '20250916 08:22:16.1339877', N'8a9711cd-5d08-477c-aa94-b2e72cf1101b', NULL, NULL, N'1.1.3.1.'),
    (7, N'019951f9-d10d-73c6-944f-343fd2f40223', N'testing 12', NULL, '20250916 10:09:53.0126208', N'06098b9b-2a53-4bca-81fa-81e8e1befc47', NULL, NULL, N'1.1.3.'),
    (8, N'019956eb-6ce6-7ae5-b7a4-ef3b50414309', N're-submit with document', NULL, '20250917 09:09:54.0464771', N'8a9711cd-5d08-477c-aa94-b2e72cf1101b', NULL, NULL, N'1.1.3.1.'),
    (9, N'019956f3-f4d5-7557-ba5b-fc7367c18931', N'replace document', NULL, '20250917 09:15:24.5400934', N'8a9711cd-5d08-477c-aa94-b2e72cf1101b', NULL, NULL, N'1.1.3.1.'),
    (10, N'01995717-d647-765d-b577-2b8602a48633', N'Participant name and course info does not match template. ', NULL, '20250917 09:55:29.7730343', N'8cb4b1a7-c338-46e1-ad41-ef151384ec3e', NULL, NULL, N'1.1.4.2.'),
    (11, N'0196346c-12f5-7632-bcb3-c6ff6bc3864c', N'testing abandonded', NULL, '20250930 13:05:48.5985398', N'8a9711cd-5d08-477c-aa94-b2e72cf1101b', NULL, NULL, N'1.1.3.1.'),
    (12, N'0195f14c-d002-7c8a-9855-cfdb8b1ef571', N'testing to abandon', NULL, '20250930 13:08:44.8928328', N'8a9711cd-5d08-477c-aa94-b2e72cf1101b', NULL, NULL, N'1.1.3.1.'),
    (13, N'0199571a-27bd-7ca3-9816-b350eb89010f', N'no signature', NULL, '20250930 13:09:26.7819231', N'8a9711cd-5d08-477c-aa94-b2e72cf1101b', NULL, NULL, N'1.1.3.1.'),
    (14, N'0199521a-89d3-79bd-9913-3c7e3f03b780', N'incorrect', NULL, '20250930 13:21:07.1892443', N'8a9711cd-5d08-477c-aa94-b2e72cf1101b', NULL, NULL, N'1.1.3.1.'),
    (15, N'019956f5-9b89-7831-b5d8-4f9ea4386232', N'Participant signature is missing', NULL, '20251002 08:19:31.0980650', N'8a9711cd-5d08-477c-aa94-b2e72cf1101b', NULL, NULL, N'1.1.3.1.');
    
    SET IDENTITY_INSERT [Activities].[PqaQueueNote] OFF

END

IF NOT EXISTS (SELECT TOP(1) Id FROM [Activities].[ActivityQa1Queue])
BEGIN

    INSERT INTO [Activities].[ActivityQa1Queue] ([Id], [Created], [CreatedBy], [LastModified], [LastModifiedBy], [OwnerId], [EditorId], [IsAccepted], [IsCompleted], [ActivityId], [ParticipantId], [TenantId], [OriginalPQASubmissionDate], [SupportWorkerId]) 
    VALUES 
    (N'0195d78b-4bfe-7ba1-a893-0f36c79ab69d', '20250327 12:19:45.3206353', N'8a9711cd-5d08-477c-aa94-b2e72cf1101b', '20250327 12:20:40.9563981', N'9a699330-f706-401b-9fc1-fafd63b69c5c', N'9a699330-f706-401b-9fc1-fafd63b69c5c', NULL, 1, 1, N'584e7a5e-97b1-4897-4c01-08dd6d1d4cf1', N'1CFG4936J', N'1.1.3.1.', '20250327', N'907a005d-2b19-413b-bdd2-f48e3b52ab6e'),
    (N'0195d78b-5d35-7d72-a6c9-e000daa573b4', '20250327 12:19:49.6861899', N'8a9711cd-5d08-477c-aa94-b2e72cf1101b', '20250327 12:20:44.9709099', N'9a699330-f706-401b-9fc1-fafd63b69c5c', N'9a699330-f706-401b-9fc1-fafd63b69c5c', NULL, 1, 1, N'9d3a33e0-7000-482e-4bfd-08dd6d1d4cf1', N'1CFG4936J', N'1.1.3.1.', '20250327', N'907a005d-2b19-413b-bdd2-f48e3b52ab6e'),
    (N'0195d78b-6adc-7869-ab74-27769e61c0c6', '20250327 12:19:53.1815032', N'8a9711cd-5d08-477c-aa94-b2e72cf1101b', '20250327 12:20:55.6316611', N'9a699330-f706-401b-9fc1-fafd63b69c5c', N'9a699330-f706-401b-9fc1-fafd63b69c5c', NULL, 1, 1, N'8a187a09-2276-417e-4c02-08dd6d1d4cf1', N'1CFG4936J', N'1.1.3.1.', '20250327', N'907a005d-2b19-413b-bdd2-f48e3b52ab6e'),
    (N'0195d78b-7806-78eb-b22f-569dbf4296df', '20250327 12:19:56.5521411', N'8a9711cd-5d08-477c-aa94-b2e72cf1101b', '20250327 12:20:58.4029657', N'9a699330-f706-401b-9fc1-fafd63b69c5c', N'9a699330-f706-401b-9fc1-fafd63b69c5c', NULL, 1, 1, N'2fc018e6-2426-405c-4bfe-08dd6d1d4cf1', N'1CFG4936J', N'1.1.3.1.', '20250327', N'907a005d-2b19-413b-bdd2-f48e3b52ab6e'),
    (N'0195d78b-8267-7fae-b0e4-a83eb8a89379', '20250327 12:19:59.2082622', N'8a9711cd-5d08-477c-aa94-b2e72cf1101b', '20250327 12:21:01.8454744', N'9a699330-f706-401b-9fc1-fafd63b69c5c', N'9a699330-f706-401b-9fc1-fafd63b69c5c', NULL, 1, 1, N'c2add911-7a45-4b8e-4bff-08dd6d1d4cf1', N'1CFG4936J', N'1.1.3.1.', '20250327', N'907a005d-2b19-413b-bdd2-f48e3b52ab6e'),
    (N'0195d78b-8f04-7312-a5da-51c30bc22792', '20250327 12:20:02.4373796', N'8a9711cd-5d08-477c-aa94-b2e72cf1101b', '20250327 12:21:05.4968059', N'9a699330-f706-401b-9fc1-fafd63b69c5c', N'9a699330-f706-401b-9fc1-fafd63b69c5c', NULL, 1, 1, N'864070e5-640d-44a6-4c03-08dd6d1d4cf1', N'1CFG4936J', N'1.1.3.1.', '20250327', N'907a005d-2b19-413b-bdd2-f48e3b52ab6e'),
    (N'0195d78b-9bb4-7566-93a0-865e5040eddd', '20250327 12:20:05.6855131', N'8a9711cd-5d08-477c-aa94-b2e72cf1101b', '20250327 12:21:08.4790699', N'9a699330-f706-401b-9fc1-fafd63b69c5c', N'9a699330-f706-401b-9fc1-fafd63b69c5c', NULL, 1, 1, N'e5070c0d-e8fd-4af3-4c00-08dd6d1d4cf1', N'1CFG4936J', N'1.1.3.1.', '20250327', N'907a005d-2b19-413b-bdd2-f48e3b52ab6e'),
    (N'0195d7a5-0c7c-79f1-9a4c-0c7fbc219c6e', '20250327 12:47:52.9584181', N'8a9711cd-5d08-477c-aa94-b2e72cf1101b', '20250327 12:48:43.5332750', N'9a699330-f706-401b-9fc1-fafd63b69c5c', N'9a699330-f706-401b-9fc1-fafd63b69c5c', NULL, 1, 1, N'15b5e3b7-fa27-4808-4c05-08dd6d1d4cf1', N'1CFG4936J', N'1.1.3.1.', '20250327', N'907a005d-2b19-413b-bdd2-f48e3b52ab6e'),
    (N'0195d7a5-1770-7e60-b6e2-46559370a2b1', '20250327 12:47:55.7607373', N'8a9711cd-5d08-477c-aa94-b2e72cf1101b', '20250327 12:48:46.7904551', N'9a699330-f706-401b-9fc1-fafd63b69c5c', N'9a699330-f706-401b-9fc1-fafd63b69c5c', NULL, 1, 1, N'a98fcc4a-fe2d-47c6-4c06-08dd6d1d4cf1', N'1CFG4936J', N'1.1.3.1.', '20250327', N'907a005d-2b19-413b-bdd2-f48e3b52ab6e'),
    (N'0195d7a5-2326-71e0-a984-8f4de7312f96', '20250327 12:47:58.7593545', N'8a9711cd-5d08-477c-aa94-b2e72cf1101b', '20250327 12:48:49.4634373', N'9a699330-f706-401b-9fc1-fafd63b69c5c', N'9a699330-f706-401b-9fc1-fafd63b69c5c', NULL, 1, 1, N'26078061-0cb0-406f-4c04-08dd6d1d4cf1', N'1CFG4936J', N'1.1.3.1.', '20250327', N'907a005d-2b19-413b-bdd2-f48e3b52ab6e'),
    (N'0195d7fd-21b6-7ff6-9f76-0c2078dc6b06', '20250327 14:24:05.5595413', N'8a9711cd-5d08-477c-aa94-b2e72cf1101b', '20250327 14:24:26.2605935', N'9a699330-f706-401b-9fc1-fafd63b69c5c', N'9a699330-f706-401b-9fc1-fafd63b69c5c', NULL, 1, 1, N'5ff8adaf-3e3f-4c8f-4c07-08dd6d1d4cf1', N'1CFG4936J', N'1.1.3.1.', '20250327', N'907a005d-2b19-413b-bdd2-f48e3b52ab6e'),
    (N'0195d809-d2c6-7d35-a6ab-dee44f32a4a5', '20250327 14:37:57.3202914', N'8a9711cd-5d08-477c-aa94-b2e72cf1101b', '20250327 14:38:13.3359778', N'9a699330-f706-401b-9fc1-fafd63b69c5c', N'9a699330-f706-401b-9fc1-fafd63b69c5c', NULL, 1, 1, N'c1d3094f-5587-422f-4c08-08dd6d1d4cf1', N'1CFG4936J', N'1.1.3.1.', '20250327', N'907a005d-2b19-413b-bdd2-f48e3b52ab6e'),
    (N'0195dbc8-b008-740e-80d5-938db9a152fa', '20250328 08:05:17.4787836', N'8a9711cd-5d08-477c-aa94-b2e72cf1101b', '20250328 08:06:08.2555273', N'9a699330-f706-401b-9fc1-fafd63b69c5c', N'9a699330-f706-401b-9fc1-fafd63b69c5c', NULL, 1, 1, N'329c62af-196e-445e-95b4-08dd6dcef301', N'1CFG4936J', N'1.1.3.1.', '20250328', N'907a005d-2b19-413b-bdd2-f48e3b52ab6e'),
    (N'0195dbc8-be9b-7bdc-8cde-4cccffebf964', '20250328 08:05:21.1803886', N'8a9711cd-5d08-477c-aa94-b2e72cf1101b', '20250328 08:06:13.1913618', N'9a699330-f706-401b-9fc1-fafd63b69c5c', N'9a699330-f706-401b-9fc1-fafd63b69c5c', NULL, 1, 1, N'f9a32471-4363-4eb3-95b5-08dd6dcef301', N'1CFG4936J', N'1.1.3.1.', '20250328', N'907a005d-2b19-413b-bdd2-f48e3b52ab6e'),
    (N'0195dbc8-cd6c-7b87-a4f9-17bd4ada97b3', '20250328 08:05:24.9738162', N'8a9711cd-5d08-477c-aa94-b2e72cf1101b', '20250328 08:06:18.1324352', N'9a699330-f706-401b-9fc1-fafd63b69c5c', N'9a699330-f706-401b-9fc1-fafd63b69c5c', NULL, 1, 1, N'2077b2eb-b00f-4781-95b6-08dd6dcef301', N'1CFG4936J', N'1.1.3.1.', '20250328', N'907a005d-2b19-413b-bdd2-f48e3b52ab6e'),
    (N'0195f078-6a7c-7b91-9a5d-ac77ef88e073', '20250401 08:29:38.3356359', N'8a9711cd-5d08-477c-aa94-b2e72cf1101b', '20250401 08:33:34.2034290', N'9a699330-f706-401b-9fc1-fafd63b69c5c', N'9a699330-f706-401b-9fc1-fafd63b69c5c', NULL, 1, 1, N'd32d108e-bf41-4e0f-6c83-08dd70f6bfd9', N'1CFG4936J', N'1.1.3.1.', '20250401', N'907a005d-2b19-413b-bdd2-f48e3b52ab6e'),
    (N'0195f07b-4e29-7325-870d-56a6e7b108cb', '20250401 08:32:47.6616405', N'8a9711cd-5d08-477c-aa94-b2e72cf1101b', '20250401 08:33:39.0874144', N'9a699330-f706-401b-9fc1-fafd63b69c5c', N'9a699330-f706-401b-9fc1-fafd63b69c5c', NULL, 1, 1, N'ccae2273-2fd1-40a7-6c84-08dd70f6bfd9', N'1CFG4936J', N'1.1.3.1.', '20250401', N'907a005d-2b19-413b-bdd2-f48e3b52ab6e'),
    (N'0195f081-1547-75be-a8ad-a1f817921572', '20250401 08:39:06.3126984', N'8a9711cd-5d08-477c-aa94-b2e72cf1101b', '20250401 08:45:31.7676717', N'9a699330-f706-401b-9fc1-fafd63b69c5c', N'9a699330-f706-401b-9fc1-fafd63b69c5c', NULL, 0, 1, N'ccae2273-2fd1-40a7-6c84-08dd70f6bfd9', N'1CFG4936J', N'1.1.3.1.', '20250401', N'907a005d-2b19-413b-bdd2-f48e3b52ab6e'),
    (N'0195f082-6804-79bb-b24f-db421d694044', '20250401 08:40:33.0289719', N'8a9711cd-5d08-477c-aa94-b2e72cf1101b', '20250401 08:45:39.8170806', N'9a699330-f706-401b-9fc1-fafd63b69c5c', N'9a699330-f706-401b-9fc1-fafd63b69c5c', NULL, 1, 1, N'd32d108e-bf41-4e0f-6c83-08dd70f6bfd9', N'1CFG4936J', N'1.1.3.1.', '20250401', N'907a005d-2b19-413b-bdd2-f48e3b52ab6e'),
    (N'0195f082-98eb-7067-8c44-9bb45a750d3e', '20250401 08:40:45.5486800', N'8a9711cd-5d08-477c-aa94-b2e72cf1101b', '20250401 08:48:32.7932946', N'9a699330-f706-401b-9fc1-fafd63b69c5c', N'9a699330-f706-401b-9fc1-fafd63b69c5c', NULL, 1, 1, N'd341c04c-31c5-4405-6c85-08dd70f6bfd9', N'1CFG4936J', N'1.1.3.1.', '20250401', N'907a005d-2b19-413b-bdd2-f48e3b52ab6e'),
    (N'0195f147-ec2f-7b7a-8a9e-707568d7874e', '20250401 12:16:17.4567335', N'8a9711cd-5d08-477c-aa94-b2e72cf1101b', '20250414 13:09:43.8677765', N'9a699330-f706-401b-9fc1-fafd63b69c5c', N'9a699330-f706-401b-9fc1-fafd63b69c5c', NULL, 1, 1, N'e05cb3ee-fca6-4718-6c86-08dd70f6bfd9', N'1CFG4261Y', N'1.1.3.1.', '20250401', N'907a005d-2b19-413b-bdd2-f48e3b52ab6e'),
    (N'0196346a-e31b-7c57-8e6d-b2907e1a65b9', '20250414 13:09:02.3975909', N'2a9b3450-1feb-4be3-ab94-24e64cd34829', '20250414 13:09:49.6174323', N'9a699330-f706-401b-9fc1-fafd63b69c5c', N'9a699330-f706-401b-9fc1-fafd63b69c5c', NULL, 1, 1, N'7261e746-7f3e-4ee8-4bf2-08dd6d1d4cf1', N'1CFG5437L', N'1.1.2.3.', '20250327', N'3363a0da-a5fc-493c-9d07-283a4da236cb'),
    (N'019642cd-64ad-7a18-a108-38ea9b086722', '20250417 08:11:19.1166653', N'8a9711cd-5d08-477c-aa94-b2e72cf1101b', '20250609 15:07:13.4249287', N'9a699330-f706-401b-9fc1-fafd63b69c5c', N'9a699330-f706-401b-9fc1-fafd63b69c5c', NULL, 1, 1, N'c73f813a-6148-4d9a-3c5a-08dd7d8752ef', N'1CFG4261Y', N'1.1.3.1.', '20250417', N'907a005d-2b19-413b-bdd2-f48e3b52ab6e'),
    (N'0196ab1a-2cad-70b5-a56a-10c9716c9e36', '20250507 14:15:41.5152441', N'8a9711cd-5d08-477c-aa94-b2e72cf1101b', '20250609 15:07:17.5633546', N'9a699330-f706-401b-9fc1-fafd63b69c5c', N'9a699330-f706-401b-9fc1-fafd63b69c5c', NULL, 1, 1, N'6e79aacb-5dbd-4a99-bbd5-08dd8d711e5f', N'1CFG4936J', N'1.1.3.1.', '20250507', N'907a005d-2b19-413b-bdd2-f48e3b52ab6e'),
    (N'0196ab1a-3d33-7500-a6ce-ef7b46f68b31', '20250507 14:15:45.7171646', N'8a9711cd-5d08-477c-aa94-b2e72cf1101b', '20250609 15:07:20.4331169', N'9a699330-f706-401b-9fc1-fafd63b69c5c', N'9a699330-f706-401b-9fc1-fafd63b69c5c', NULL, 1, 1, N'ccae2273-2fd1-40a7-6c84-08dd70f6bfd9', N'1CFG4936J', N'1.1.3.1.', '20250401', N'907a005d-2b19-413b-bdd2-f48e3b52ab6e'),
    (N'0197553a-ce8f-775d-b551-e7a710cd573c', '20250609 15:06:46.8274897', N'8a9711cd-5d08-477c-aa94-b2e72cf1101b', '20250609 15:07:23.2621226', N'9a699330-f706-401b-9fc1-fafd63b69c5c', N'9a699330-f706-401b-9fc1-fafd63b69c5c', NULL, 1, 1, N'c109ab36-f513-487b-3c06-08dda766e97a', N'1CFG1626P', N'1.1.3.1.', '20250609', N'907a005d-2b19-413b-bdd2-f48e3b52ab6e'),
    (N'0197553a-dc68-7d6e-9d48-3a56ca54cb47', '20250609 15:06:50.3454164', N'8a9711cd-5d08-477c-aa94-b2e72cf1101b', '20250609 15:07:25.8473103', N'9a699330-f706-401b-9fc1-fafd63b69c5c', N'9a699330-f706-401b-9fc1-fafd63b69c5c', NULL, 1, 1, N'a39c060f-9e7e-40a3-3c04-08dda766e97a', N'1CFG1626P', N'1.1.3.1.', '20250609', N'907a005d-2b19-413b-bdd2-f48e3b52ab6e'),
    (N'0197553a-f0d3-767a-a2cd-38cfeb42093f', '20250609 15:06:55.5731096', N'8a9711cd-5d08-477c-aa94-b2e72cf1101b', '20250609 15:07:28.5661585', N'9a699330-f706-401b-9fc1-fafd63b69c5c', N'9a699330-f706-401b-9fc1-fafd63b69c5c', NULL, 1, 1, N'094db8aa-9d34-4bc5-3c05-08dda766e97a', N'1CFG1626P', N'1.1.3.1.', '20250609', N'907a005d-2b19-413b-bdd2-f48e3b52ab6e'),
    (N'0197b184-f289-740d-afc4-a80d8df5cb71', '20250627 13:12:49.5835256', N'8cb4b1a7-c338-46e1-ad41-ef151384ec3e', '20250627 13:18:31.0290221', N'9a699330-f706-401b-9fc1-fafd63b69c5c', N'9a699330-f706-401b-9fc1-fafd63b69c5c', NULL, 1, 1, N'326027db-1584-4193-9cb4-08dd8d7f12a9', N'1CFG5131C', N'1.1.4.2.', '20250507', N'4772fd06-ff8e-4745-8da2-fd97cd45b1f4'),
    (N'0197b1b6-8d40-71a8-a1b7-ee18b258fe3d', '20250627 14:07:00.4178489', N'8a9711cd-5d08-477c-aa94-b2e72cf1101b', '20250627 14:07:27.7694226', N'9a699330-f706-401b-9fc1-fafd63b69c5c', N'9a699330-f706-401b-9fc1-fafd63b69c5c', NULL, 1, 1, N'c488fb1b-11dd-4660-cc62-08ddb583b74b', N'1CFG6390M', N'1.1.3.1.', '20250627', N'907a005d-2b19-413b-bdd2-f48e3b52ab6e'),
    (N'0197b1b6-ab2a-7ea7-b869-12e0094e6cc2', '20250627 14:07:08.0756154', N'8a9711cd-5d08-477c-aa94-b2e72cf1101b', '20250627 14:07:31.2695628', N'9a699330-f706-401b-9fc1-fafd63b69c5c', N'9a699330-f706-401b-9fc1-fafd63b69c5c', NULL, 1, 1, N'd341c04c-31c5-4405-6c85-08dd70f6bfd9', N'1CFG4936J', N'1.1.3.1.', '20250401', N'907a005d-2b19-413b-bdd2-f48e3b52ab6e'),
    (N'01981c61-c197-72b6-9fba-c54cf6b0d924', '20250718 07:13:45.3981280', N'8a9711cd-5d08-477c-aa94-b2e72cf1101b', '20250718 07:14:18.9067967', N'9a699330-f706-401b-9fc1-fafd63b69c5c', N'9a699330-f706-401b-9fc1-fafd63b69c5c', NULL, 1, 1, N'99ab5950-25ef-4e4e-0e85-08ddc5ca5738', N'1CFG9960M', N'1.1.3.1.', '20250718', N'907a005d-2b19-413b-bdd2-f48e3b52ab6e'),
    (N'01983c7a-177e-77a0-904e-43ff4c33a6cd', '20250724 12:48:11.1638041', N'8a9711cd-5d08-477c-aa94-b2e72cf1101b', '20250724 12:53:16.5560828', N'9a699330-f706-401b-9fc1-fafd63b69c5c', N'9a699330-f706-401b-9fc1-fafd63b69c5c', NULL, 1, 1, N'6aec785e-3a79-4096-d2cd-08ddcab03a38', N'1CFG2457U', N'1.1.3.1.', '20250724', N'907a005d-2b19-413b-bdd2-f48e3b52ab6e'),
    (N'01990fa8-f5dd-70d9-bf3c-b631022fb0a0', '20250903 12:59:15.3236788', N'2a9b3450-1feb-4be3-ab94-24e64cd34829', '20250916 10:37:18.0186563', N'9a699330-f706-401b-9fc1-fafd63b69c5c', N'9a699330-f706-401b-9fc1-fafd63b69c5c', NULL, 1, 1, N'37ce9a20-eef7-4534-6821-08dde55b9514', N'1CFG8432I', N'1.1.3.1.', '20250827', N'907a005d-2b19-413b-bdd2-f48e3b52ab6e'),
    (N'01995219-3db8-77fd-bb1e-05ae9760414f', '20250916 10:36:50.0085765', N'06098b9b-2a53-4bca-81fa-81e8e1befc47', '20250916 10:37:21.8388265', N'9a699330-f706-401b-9fc1-fafd63b69c5c', N'9a699330-f706-401b-9fc1-fafd63b69c5c', NULL, 1, 1, N'0ef92193-4fae-48d8-78c8-08ddf5082626', N'1CFG2622V', N'1.1.3.', '20250916', N'9e4e7408-41c0-4213-bfd8-343b097d0434'),
    (N'0199522c-6e19-7501-b5b9-4120e8b95dfe', '20250916 10:57:47.5468809', N'8a9711cd-5d08-477c-aa94-b2e72cf1101b', '20250917 09:03:25.5093247', N'9a699330-f706-401b-9fc1-fafd63b69c5c', N'9a699330-f706-401b-9fc1-fafd63b69c5c', NULL, 1, 1, N'82b8a41c-465f-44a7-214d-08ddd049902c', N'1CFG4261Y', N'1.1.3.1.', '20250916', N'907a005d-2b19-413b-bdd2-f48e3b52ab6e'),
    (N'0199522c-b52f-73f5-932f-40e97767c960', '20250916 10:58:05.7446447', N'8a9711cd-5d08-477c-aa94-b2e72cf1101b', '20250917 09:03:33.8651153', N'9a699330-f706-401b-9fc1-fafd63b69c5c', N'9a699330-f706-401b-9fc1-fafd63b69c5c', NULL, 1, 1, N'cbce2871-39aa-4e5e-78cb-08ddf5082626', N'1CFG1626P', N'1.1.3.1.', '20250916', N'907a005d-2b19-413b-bdd2-f48e3b52ab6e'),
    (N'019956e9-8f04-75fc-908c-1f207b140734', '20250917 09:02:51.1719330', N'8a9711cd-5d08-477c-aa94-b2e72cf1101b', '20250917 09:03:39.7678415', N'9a699330-f706-401b-9fc1-fafd63b69c5c', N'9a699330-f706-401b-9fc1-fafd63b69c5c', NULL, 1, 1, N'7ed88a33-9787-46b9-6638-08ddf5c847b5', N'1CFG6390M', N'1.1.3.1.', '20250917', N'907a005d-2b19-413b-bdd2-f48e3b52ab6e'),
    (N'01999fa7-e740-7202-8e15-847a077df399', '20251001 12:03:25.1506649', N'8a9711cd-5d08-477c-aa94-b2e72cf1101b', '20251001 12:05:15.2668122', N'9a699330-f706-401b-9fc1-fafd63b69c5c', N'9a699330-f706-401b-9fc1-fafd63b69c5c', NULL, 1, 1, N'2f4aa9a5-5962-42bc-3cb0-08de00e1ab15', N'1CFG1109X', N'1.1.3.1.', '20251001', N'907a005d-2b19-413b-bdd2-f48e3b52ab6e'),
    (N'01999fb0-fdd0-772d-b058-d67ec790dcd5', '20251001 12:13:20.7217058', N'8a9711cd-5d08-477c-aa94-b2e72cf1101b', '20251001 12:13:44.9861459', N'9a699330-f706-401b-9fc1-fafd63b69c5c', N'9a699330-f706-401b-9fc1-fafd63b69c5c', NULL, 1, 1, N'3decb779-a73f-4d03-3cb4-08de00e1ab15', N'1CFG1109X', N'1.1.3.1.', '20251001', N'907a005d-2b19-413b-bdd2-f48e3b52ab6e'),
    (N'01999fb1-0f57-76e6-b91f-3d4897b62dd7', '20251001 12:13:25.2086828', N'8a9711cd-5d08-477c-aa94-b2e72cf1101b', '20251001 12:13:48.5228712', N'9a699330-f706-401b-9fc1-fafd63b69c5c', N'9a699330-f706-401b-9fc1-fafd63b69c5c', NULL, 1, 1, N'f95111ca-7001-479a-3cb5-08de00e1ab15', N'1CFG1109X', N'1.1.3.1.', '20251001', N'907a005d-2b19-413b-bdd2-f48e3b52ab6e');

    SET IDENTITY_INSERT [Activities].[Qa1QueueNote] ON
    
    INSERT INTO [Activities].[Qa1QueueNote] ([Id], [IsExternal], [ActivityQa1QueueEntryId], [Message], [CallReference], [Created], [CreatedBy], [LastModified], [LastModifiedBy], [TenantId]) VALUES (1, 0, N'0195f081-1547-75be-a8ad-a1f817921572', N'still dont agree', NULL, '20250401 08:45:31.7677975', N'9a699330-f706-401b-9fc1-fafd63b69c5c', NULL, NULL, N'1.1.3.1.')
    
    SET IDENTITY_INSERT [Activities].[Qa1QueueNote] OFF

END

IF NOT EXISTS (SELECT TOP (1) Id FROM [Activities].[ActivityQa2Queue])
BEGIN

    INSERT INTO [Activities].[ActivityQa2Queue] ([Id], [IsEscalated], [Created], [CreatedBy], [LastModified], [LastModifiedBy], [OwnerId], [EditorId], [IsAccepted], [IsCompleted], [ActivityId], [ParticipantId], [TenantId], [OriginalPQASubmissionDate], [SupportWorkerId]) 
    VALUES 
    (N'0195d78c-255b-7f22-b3b2-c5466ab5dd34', 0, '20250327 12:20:40.9563252', N'9a699330-f706-401b-9fc1-fafd63b69c5c', '20250327 12:21:32.1231651', N'77467465-c7b2-40f8-b145-219225ae1459', N'77467465-c7b2-40f8-b145-219225ae1459', NULL, 1, 1, N'584e7a5e-97b1-4897-4c01-08dd6d1d4cf1', N'1CFG4936J', N'1.1.3.1.', '20250327', N'907a005d-2b19-413b-bdd2-f48e3b52ab6e'),
    (N'0195d78c-352a-7ec7-bf8e-f80babb83f76', 0, '20250327 12:20:44.9709090', N'9a699330-f706-401b-9fc1-fafd63b69c5c', '20250327 12:21:36.9116956', N'77467465-c7b2-40f8-b145-219225ae1459', N'77467465-c7b2-40f8-b145-219225ae1459', NULL, 1, 1, N'9d3a33e0-7000-482e-4bfd-08dd6d1d4cf1', N'1CFG4936J', N'1.1.3.1.', '20250327', N'907a005d-2b19-413b-bdd2-f48e3b52ab6e'),
    (N'0195d78c-5ece-72ad-91ee-a0e5e932b1a3', 0, '20250327 12:20:55.6316601', N'9a699330-f706-401b-9fc1-fafd63b69c5c', '20250327 12:21:41.0409439', N'77467465-c7b2-40f8-b145-219225ae1459', N'77467465-c7b2-40f8-b145-219225ae1459', NULL, 1, 1, N'8a187a09-2276-417e-4c02-08dd6d1d4cf1', N'1CFG4936J', N'1.1.3.1.', '20250327', N'907a005d-2b19-413b-bdd2-f48e3b52ab6e'),
    (N'0195d78c-69a0-740f-b131-ce3b80c64684', 0, '20250327 12:20:58.4029644', N'9a699330-f706-401b-9fc1-fafd63b69c5c', '20250327 12:21:44.0135441', N'77467465-c7b2-40f8-b145-219225ae1459', N'77467465-c7b2-40f8-b145-219225ae1459', NULL, 1, 1, N'2fc018e6-2426-405c-4bfe-08dd6d1d4cf1', N'1CFG4936J', N'1.1.3.1.', '20250327', N'907a005d-2b19-413b-bdd2-f48e3b52ab6e'),
    (N'0195d78c-7714-7ae3-b50d-68894bfa3eea', 0, '20250327 12:21:01.8454732', N'9a699330-f706-401b-9fc1-fafd63b69c5c', '20250327 12:21:47.2408511', N'77467465-c7b2-40f8-b145-219225ae1459', N'77467465-c7b2-40f8-b145-219225ae1459', NULL, 1, 1, N'c2add911-7a45-4b8e-4bff-08dd6d1d4cf1', N'1CFG4936J', N'1.1.3.1.', '20250327', N'907a005d-2b19-413b-bdd2-f48e3b52ab6e'),
    (N'0195d78c-8557-7c2f-bb65-594f90690e6f', 0, '20250327 12:21:05.4968053', N'9a699330-f706-401b-9fc1-fafd63b69c5c', '20250327 12:21:50.7574037', N'77467465-c7b2-40f8-b145-219225ae1459', N'77467465-c7b2-40f8-b145-219225ae1459', NULL, 1, 1, N'864070e5-640d-44a6-4c03-08dd6d1d4cf1', N'1CFG4936J', N'1.1.3.1.', '20250327', N'907a005d-2b19-413b-bdd2-f48e3b52ab6e'),
    (N'0195d78c-90fd-7a1e-bcce-30adbb83d926', 0, '20250327 12:21:08.4790687', N'9a699330-f706-401b-9fc1-fafd63b69c5c', '20250327 12:21:54.8198756', N'77467465-c7b2-40f8-b145-219225ae1459', N'77467465-c7b2-40f8-b145-219225ae1459', NULL, 1, 1, N'e5070c0d-e8fd-4af3-4c00-08dd6d1d4cf1', N'1CFG4936J', N'1.1.3.1.', '20250327', N'907a005d-2b19-413b-bdd2-f48e3b52ab6e'),
    (N'0195d7a5-d20c-7397-9121-e3907c3941dd', 0, '20250327 12:48:43.5332744', N'9a699330-f706-401b-9fc1-fafd63b69c5c', '20250327 12:49:12.0403804', N'77467465-c7b2-40f8-b145-219225ae1459', N'77467465-c7b2-40f8-b145-219225ae1459', NULL, 1, 1, N'15b5e3b7-fa27-4808-4c05-08dd6d1d4cf1', N'1CFG4936J', N'1.1.3.1.', '20250327', N'907a005d-2b19-413b-bdd2-f48e3b52ab6e'),
    (N'0195d7a5-dec5-7583-bb59-abb85e325e9e', 0, '20250327 12:48:46.7904539', N'9a699330-f706-401b-9fc1-fafd63b69c5c', '20250327 12:49:16.0362946', N'77467465-c7b2-40f8-b145-219225ae1459', N'77467465-c7b2-40f8-b145-219225ae1459', NULL, 1, 1, N'a98fcc4a-fe2d-47c6-4c06-08dd6d1d4cf1', N'1CFG4936J', N'1.1.3.1.', '20250327', N'907a005d-2b19-413b-bdd2-f48e3b52ab6e'),
    (N'0195d7a5-e936-7104-a477-d10119aa90eb', 0, '20250327 12:48:49.4634239', N'9a699330-f706-401b-9fc1-fafd63b69c5c', '20250327 12:49:20.9856616', N'77467465-c7b2-40f8-b145-219225ae1459', N'77467465-c7b2-40f8-b145-219225ae1459', NULL, 1, 1, N'26078061-0cb0-406f-4c04-08dd6d1d4cf1', N'1CFG4936J', N'1.1.3.1.', '20250327', N'907a005d-2b19-413b-bdd2-f48e3b52ab6e'),
    (N'0195d7fd-7293-71cf-902d-3db470fb2d3e', 0, '20250327 14:24:26.2605924', N'9a699330-f706-401b-9fc1-fafd63b69c5c', '20250327 14:24:54.6839807', N'77467465-c7b2-40f8-b145-219225ae1459', N'77467465-c7b2-40f8-b145-219225ae1459', NULL, 1, 1, N'5ff8adaf-3e3f-4c8f-4c07-08dd6d1d4cf1', N'1CFG4936J', N'1.1.3.1.', '20250327', N'907a005d-2b19-413b-bdd2-f48e3b52ab6e'),
    (N'0195d80a-1156-79e7-8b9a-e11da5adf2d7', 0, '20250327 14:38:13.3359770', N'9a699330-f706-401b-9fc1-fafd63b69c5c', '20250327 14:38:58.8950441', N'77467465-c7b2-40f8-b145-219225ae1459', N'77467465-c7b2-40f8-b145-219225ae1459', NULL, 1, 1, N'c1d3094f-5587-422f-4c08-08dd6d1d4cf1', N'1CFG4936J', N'1.1.3.1.', '20250327', N'907a005d-2b19-413b-bdd2-f48e3b52ab6e'),
    (N'0195dbc9-765d-71e5-9f5d-701c7838df2b', 0, '20250328 08:06:08.2554280', N'9a699330-f706-401b-9fc1-fafd63b69c5c', '20250328 08:07:51.5222101', N'77467465-c7b2-40f8-b145-219225ae1459', N'77467465-c7b2-40f8-b145-219225ae1459', NULL, 1, 1, N'329c62af-196e-445e-95b4-08dd6dcef301', N'1CFG4936J', N'1.1.3.1.', '20250328', N'907a005d-2b19-413b-bdd2-f48e3b52ab6e'),
    (N'0195dbc9-89c4-7b28-b7d3-fcf7031c13a6', 0, '20250328 08:06:13.1913601', N'9a699330-f706-401b-9fc1-fafd63b69c5c', '20250328 08:07:58.3357723', N'77467465-c7b2-40f8-b145-219225ae1459', N'77467465-c7b2-40f8-b145-219225ae1459', NULL, 1, 1, N'f9a32471-4363-4eb3-95b5-08dd6dcef301', N'1CFG4936J', N'1.1.3.1.', '20250328', N'907a005d-2b19-413b-bdd2-f48e3b52ab6e'),
    (N'0195dbc9-9d13-794e-894e-3e0f065cea15', 0, '20250328 08:06:18.1324323', N'9a699330-f706-401b-9fc1-fafd63b69c5c', '20250328 08:08:02.6901381', N'77467465-c7b2-40f8-b145-219225ae1459', N'77467465-c7b2-40f8-b145-219225ae1459', NULL, 1, 1, N'2077b2eb-b00f-4781-95b6-08dd6dcef301', N'1CFG4936J', N'1.1.3.1.', '20250328', N'907a005d-2b19-413b-bdd2-f48e3b52ab6e'),
    (N'0195f07c-03db-73d0-820d-125ea6cd3b2e', 0, '20250401 08:33:34.2034276', N'9a699330-f706-401b-9fc1-fafd63b69c5c', '20250401 08:34:41.4524700', N'77467465-c7b2-40f8-b145-219225ae1459', N'77467465-c7b2-40f8-b145-219225ae1459', NULL, 0, 1, N'd32d108e-bf41-4e0f-6c83-08dd70f6bfd9', N'1CFG4936J', N'1.1.3.1.', '20250401', N'907a005d-2b19-413b-bdd2-f48e3b52ab6e'),
    (N'0195f07c-170e-764a-8dfd-24207d6dd71c', 0, '20250401 08:33:39.0874131', N'9a699330-f706-401b-9fc1-fafd63b69c5c', '20250401 08:35:09.7028144', N'77467465-c7b2-40f8-b145-219225ae1459', N'77467465-c7b2-40f8-b145-219225ae1459', NULL, 0, 1, N'ccae2273-2fd1-40a7-6c84-08dd70f6bfd9', N'1CFG4936J', N'1.1.3.1.', '20250401', N'907a005d-2b19-413b-bdd2-f48e3b52ab6e'),
    (N'0195f086-f6e1-7fc8-b131-43bd6991cd11', 1, '20250401 08:45:31.7676697', N'9a699330-f706-401b-9fc1-fafd63b69c5c', '20250401 08:46:15.6967783', N'77467465-c7b2-40f8-b145-219225ae1459', N'77467465-c7b2-40f8-b145-219225ae1459', NULL, 0, 1, N'ccae2273-2fd1-40a7-6c84-08dd70f6bfd9', N'1CFG4936J', N'1.1.3.1.', '20250401', N'907a005d-2b19-413b-bdd2-f48e3b52ab6e'),
    (N'0195f087-1667-7d03-bb2f-baf66964366b', 0, '20250401 08:45:39.8170798', N'9a699330-f706-401b-9fc1-fafd63b69c5c', '20250401 08:48:04.5395066', N'1113c865-21f4-43c2-a03d-b7936da3b18b', N'1113c865-21f4-43c2-a03d-b7936da3b18b', NULL, 0, 1, N'd32d108e-bf41-4e0f-6c83-08dd70f6bfd9', N'1CFG4936J', N'1.1.3.1.', '20250401', N'907a005d-2b19-413b-bdd2-f48e3b52ab6e'),
    (N'0195f089-ba18-75be-8613-43fb91eea10e', 0, '20250401 08:48:32.7932940', N'9a699330-f706-401b-9fc1-fafd63b69c5c', '20250401 08:49:05.3573553', N'77467465-c7b2-40f8-b145-219225ae1459', N'77467465-c7b2-40f8-b145-219225ae1459', NULL, 0, 1, N'd341c04c-31c5-4405-6c85-08dd70f6bfd9', N'1CFG4936J', N'1.1.3.1.', '20250401', N'907a005d-2b19-413b-bdd2-f48e3b52ab6e'),
    (N'0196346b-851c-7a64-a7c8-234e82e36987', 0, '20250414 13:09:43.8677750', N'9a699330-f706-401b-9fc1-fafd63b69c5c', '20250414 13:10:20.1546030', N'1113c865-21f4-43c2-a03d-b7936da3b18b', N'1113c865-21f4-43c2-a03d-b7936da3b18b', NULL, 0, 1, N'e05cb3ee-fca6-4718-6c86-08dd70f6bfd9', N'1CFG4261Y', N'1.1.3.1.', '20250401', N'907a005d-2b19-413b-bdd2-f48e3b52ab6e'),
    (N'0196346b-9bb0-76df-8e24-58b94c4755e2', 0, '20250414 13:09:49.6174222', N'9a699330-f706-401b-9fc1-fafd63b69c5c', '20250414 13:10:28.1624688', N'1113c865-21f4-43c2-a03d-b7936da3b18b', N'1113c865-21f4-43c2-a03d-b7936da3b18b', NULL, 0, 1, N'7261e746-7f3e-4ee8-4bf2-08dd6d1d4cf1', N'1CFG5437L', N'1.1.2.3.', '20250327', N'3363a0da-a5fc-493c-9d07-283a4da236cb'),
    (N'0197553b-3671-72cf-8841-475ca2f7994c', 0, '20250609 15:07:13.4249272', N'9a699330-f706-401b-9fc1-fafd63b69c5c', '20250609 15:07:49.7306391', N'1113c865-21f4-43c2-a03d-b7936da3b18b', N'1113c865-21f4-43c2-a03d-b7936da3b18b', NULL, 1, 1, N'c73f813a-6148-4d9a-3c5a-08dd7d8752ef', N'1CFG4261Y', N'1.1.3.1.', '20250417', N'907a005d-2b19-413b-bdd2-f48e3b52ab6e'),
    (N'0197553b-46ba-7055-8dfa-0b43cc9c6d2a', 0, '20250609 15:07:17.5633541', N'9a699330-f706-401b-9fc1-fafd63b69c5c', '20250609 15:07:52.7790375', N'1113c865-21f4-43c2-a03d-b7936da3b18b', N'1113c865-21f4-43c2-a03d-b7936da3b18b', NULL, 1, 1, N'6e79aacb-5dbd-4a99-bbd5-08dd8d711e5f', N'1CFG4936J', N'1.1.3.1.', '20250507', N'907a005d-2b19-413b-bdd2-f48e3b52ab6e'),
    (N'0197553b-51f0-73b9-84df-9f1d166babab', 0, '20250609 15:07:20.4331165', N'9a699330-f706-401b-9fc1-fafd63b69c5c', '20250609 15:07:55.6395805', N'1113c865-21f4-43c2-a03d-b7936da3b18b', N'1113c865-21f4-43c2-a03d-b7936da3b18b', NULL, 1, 1, N'ccae2273-2fd1-40a7-6c84-08dd70f6bfd9', N'1CFG4936J', N'1.1.3.1.', '20250401', N'907a005d-2b19-413b-bdd2-f48e3b52ab6e'),
    (N'0197553b-5cfd-7c82-974c-9e6bc239dee6', 0, '20250609 15:07:23.2621223', N'9a699330-f706-401b-9fc1-fafd63b69c5c', '20250609 15:07:58.6379586', N'1113c865-21f4-43c2-a03d-b7936da3b18b', N'1113c865-21f4-43c2-a03d-b7936da3b18b', NULL, 1, 1, N'c109ab36-f513-487b-3c06-08dda766e97a', N'1CFG1626P', N'1.1.3.1.', '20250609', N'907a005d-2b19-413b-bdd2-f48e3b52ab6e'),
    (N'0197553b-6716-730d-8eb4-fd9a684d6d42', 0, '20250609 15:07:25.8473100', N'9a699330-f706-401b-9fc1-fafd63b69c5c', '20250609 15:08:01.4311386', N'1113c865-21f4-43c2-a03d-b7936da3b18b', N'1113c865-21f4-43c2-a03d-b7936da3b18b', NULL, 1, 1, N'a39c060f-9e7e-40a3-3c04-08dda766e97a', N'1CFG1626P', N'1.1.3.1.', '20250609', N'907a005d-2b19-413b-bdd2-f48e3b52ab6e'),
    (N'0197553b-71b5-752f-ac0d-14523c820c6f', 0, '20250609 15:07:28.5661582', N'9a699330-f706-401b-9fc1-fafd63b69c5c', '20250609 15:08:04.3012364', N'1113c865-21f4-43c2-a03d-b7936da3b18b', N'1113c865-21f4-43c2-a03d-b7936da3b18b', NULL, 1, 1, N'094db8aa-9d34-4bc5-3c05-08dda766e97a', N'1CFG1626P', N'1.1.3.1.', '20250609', N'907a005d-2b19-413b-bdd2-f48e3b52ab6e'),
    (N'0197b18a-2852-79a5-a68a-d366e01287a6', 0, '20250627 13:18:31.0290201', N'9a699330-f706-401b-9fc1-fafd63b69c5c', '20250627 13:20:25.7164377', N'1113c865-21f4-43c2-a03d-b7936da3b18b', N'1113c865-21f4-43c2-a03d-b7936da3b18b', NULL, 1, 1, N'326027db-1584-4193-9cb4-08dd8d7f12a9', N'1CFG5131C', N'1.1.4.2.', '20250507', N'4772fd06-ff8e-4745-8da2-fd97cd45b1f4'),
    (N'0197b1b6-f818-771a-a3ec-0e303b5bc776', 1, '20250627 14:07:27.7694221', N'9a699330-f706-401b-9fc1-fafd63b69c5c', '20250627 14:08:00.1974968', N'1113c865-21f4-43c2-a03d-b7936da3b18b', N'1113c865-21f4-43c2-a03d-b7936da3b18b', NULL, 0, 1, N'c488fb1b-11dd-4660-cc62-08ddb583b74b', N'1CFG6390M', N'1.1.3.1.', '20250627', N'907a005d-2b19-413b-bdd2-f48e3b52ab6e'),
    (N'0197b1b7-05c4-7290-855a-eb15cd932ce9', 0, '20250627 14:07:31.2695621', N'9a699330-f706-401b-9fc1-fafd63b69c5c', '20250627 14:08:04.5297928', N'1113c865-21f4-43c2-a03d-b7936da3b18b', N'1113c865-21f4-43c2-a03d-b7936da3b18b', NULL, 1, 1, N'd341c04c-31c5-4405-6c85-08dd70f6bfd9', N'1CFG4936J', N'1.1.3.1.', '20250401', N'907a005d-2b19-413b-bdd2-f48e3b52ab6e'),
    (N'01981c62-447c-7ff6-aea5-be5f40e65713', 0, '20250718 07:14:18.9067956', N'9a699330-f706-401b-9fc1-fafd63b69c5c', '20250718 07:17:42.4569573', N'1113c865-21f4-43c2-a03d-b7936da3b18b', N'1113c865-21f4-43c2-a03d-b7936da3b18b', NULL, 1, 1, N'99ab5950-25ef-4e4e-0e85-08ddc5ca5738', N'1CFG9960M', N'1.1.3.1.', '20250718', N'907a005d-2b19-413b-bdd2-f48e3b52ab6e'),
    (N'01983c7e-c02a-7724-bbf5-8cd7be1861a9', 0, '20250724 12:53:16.5560816', N'9a699330-f706-401b-9fc1-fafd63b69c5c', '20250724 12:54:54.5623221', N'1113c865-21f4-43c2-a03d-b7936da3b18b', N'1113c865-21f4-43c2-a03d-b7936da3b18b', NULL, 1, 1, N'6aec785e-3a79-4096-d2cd-08ddcab03a38', N'1CFG2457U', N'1.1.3.1.', '20250724', N'907a005d-2b19-413b-bdd2-f48e3b52ab6e'),
    (N'01995219-ab19-794f-9fdd-1b44443628e2', 0, '20250916 10:37:18.0186549', N'9a699330-f706-401b-9fc1-fafd63b69c5c', '20250916 10:38:14.9981590', N'1113c865-21f4-43c2-a03d-b7936da3b18b', N'1113c865-21f4-43c2-a03d-b7936da3b18b', NULL, 0, 1, N'37ce9a20-eef7-4534-6821-08dde55b9514', N'1CFG8432I', N'1.1.3.1.', '20250827', N'907a005d-2b19-413b-bdd2-f48e3b52ab6e'),
    (N'01995219-ba2c-7577-bc00-84efa1cb165d', 0, '20250916 10:37:21.8388253', N'9a699330-f706-401b-9fc1-fafd63b69c5c', '20250916 10:38:19.7206070', N'1113c865-21f4-43c2-a03d-b7936da3b18b', N'1113c865-21f4-43c2-a03d-b7936da3b18b', NULL, 1, 1, N'0ef92193-4fae-48d8-78c8-08ddf5082626', N'1CFG2622V', N'1.1.3.', '20250916', N'9e4e7408-41c0-4213-bfd8-343b097d0434'),
    (N'019956ea-1524-70e2-a337-da5a58d878ae', 0, '20250917 09:03:25.5093232', N'9a699330-f706-401b-9fc1-fafd63b69c5c', '20250917 09:04:02.5545880', N'1113c865-21f4-43c2-a03d-b7936da3b18b', N'1113c865-21f4-43c2-a03d-b7936da3b18b', NULL, 1, 1, N'82b8a41c-465f-44a7-214d-08ddd049902c', N'1CFG4261Y', N'1.1.3.1.', '20250916', N'907a005d-2b19-413b-bdd2-f48e3b52ab6e'),
    (N'019956ea-35e6-7552-af13-a9060eedbd75', 0, '20250917 09:03:33.8651140', N'9a699330-f706-401b-9fc1-fafd63b69c5c', '20250917 09:04:53.4832418', N'1113c865-21f4-43c2-a03d-b7936da3b18b', N'1113c865-21f4-43c2-a03d-b7936da3b18b', NULL, 0, 1, N'cbce2871-39aa-4e5e-78cb-08ddf5082626', N'1CFG1626P', N'1.1.3.1.', '20250916', N'907a005d-2b19-413b-bdd2-f48e3b52ab6e'),
    (N'019956ea-4cf6-7250-8895-a8ef6585ccaa', 0, '20250917 09:03:39.7678401', N'9a699330-f706-401b-9fc1-fafd63b69c5c', '20250917 09:04:59.3465730', N'1113c865-21f4-43c2-a03d-b7936da3b18b', N'1113c865-21f4-43c2-a03d-b7936da3b18b', NULL, 1, 1, N'7ed88a33-9787-46b9-6638-08ddf5c847b5', N'1CFG6390M', N'1.1.3.1.', '20250917', N'907a005d-2b19-413b-bdd2-f48e3b52ab6e'),
    (N'01999fa9-955a-7b14-b904-edb36b57d259', 0, '20251001 12:05:15.2668109', N'9a699330-f706-401b-9fc1-fafd63b69c5c', '20251001 12:05:40.9212431', N'1113c865-21f4-43c2-a03d-b7936da3b18b', N'1113c865-21f4-43c2-a03d-b7936da3b18b', NULL, 1, 1, N'2f4aa9a5-5962-42bc-3cb0-08de00e1ab15', N'1CFG1109X', N'1.1.3.1.', '20251001', N'907a005d-2b19-413b-bdd2-f48e3b52ab6e'),
    (N'01999fb1-5c99-7158-ab3e-024350d13aec', 0, '20251001 12:13:44.9861450', N'9a699330-f706-401b-9fc1-fafd63b69c5c', '20251001 12:14:09.7642207', N'1113c865-21f4-43c2-a03d-b7936da3b18b', N'1113c865-21f4-43c2-a03d-b7936da3b18b', NULL, 1, 1, N'3decb779-a73f-4d03-3cb4-08de00e1ab15', N'1CFG1109X', N'1.1.3.1.', '20251001', N'907a005d-2b19-413b-bdd2-f48e3b52ab6e'),
    (N'01999fb1-6a69-7e84-b903-9ec48634fc66', 0, '20251001 12:13:48.5228701', N'9a699330-f706-401b-9fc1-fafd63b69c5c', '20251001 12:14:12.4906606', N'1113c865-21f4-43c2-a03d-b7936da3b18b', N'1113c865-21f4-43c2-a03d-b7936da3b18b', NULL, 1, 1, N'f95111ca-7001-479a-3cb5-08de00e1ab15', N'1CFG1109X', N'1.1.3.1.', '20251001', N'907a005d-2b19-413b-bdd2-f48e3b52ab6e');

    SET IDENTITY_INSERT [Activities].[Qa2QueueNote] ON

    INSERT INTO [Activities].[Qa2QueueNote] ([Id], [IsExternal], [ActivityQa2QueueEntryId], [Message], [CallReference], [Created], [CreatedBy], [LastModified], [LastModifiedBy], [TenantId]) 
    VALUES 
    (1, 1, N'0195f07c-03db-73d0-820d-125ea6cd3b2e', N'website link is invalid', NULL, '20250401 08:34:41.4525785', N'77467465-c7b2-40f8-b145-219225ae1459', NULL, NULL, N'1.1.3.1.'),
    (2, 1, N'0195f07c-170e-764a-8dfd-24207d6dd71c', N'hours do not add up on template', NULL, '20250401 08:35:09.7029042', N'77467465-c7b2-40f8-b145-219225ae1459', NULL, NULL, N'1.1.3.1.'),
    (3, 0, N'0195f086-f6e1-7fc8-b131-43bd6991cd11', N'please see resubmission', NULL, '20250401 08:46:15.6968852', N'77467465-c7b2-40f8-b145-219225ae1459', NULL, NULL, N'1.1.3.1.'),
    (4, 1, N'0195f087-1667-7d03-bb2f-baf66964366b', N'website link is not valid', NULL, '20250401 08:48:04.5395868', N'1113c865-21f4-43c2-a03d-b7936da3b18b', NULL, NULL, N'1.1.3.1.'),
    (5, 0, N'0195f089-ba18-75be-8613-43fb91eea10e', N'still shows as a minus', NULL, '20250401 08:49:05.3574328', N'77467465-c7b2-40f8-b145-219225ae1459', NULL, NULL, N'1.1.3.1.'),
    (6, 0, N'0196346b-851c-7a64-a7c8-234e82e36987', N'testing', NULL, '20250414 13:10:20.1547180', N'1113c865-21f4-43c2-a03d-b7936da3b18b', NULL, NULL, N'1.1.3.1.'),
    (7, 1, N'0196346b-9bb0-76df-8e24-58b94c4755e2', N'testing', NULL, '20250414 13:10:28.1625207', N'1113c865-21f4-43c2-a03d-b7936da3b18b', NULL, NULL, N'1.1.2.3.'),
    (8, 0, N'0197b1b6-f818-771a-a3ec-0e303b5bc776', N'test', NULL, '20250627 14:08:00.1976703', N'1113c865-21f4-43c2-a03d-b7936da3b18b', NULL, NULL, N'1.1.3.1.'),
    (9, 0, N'01995219-ab19-794f-9fdd-1b44443628e2', N'testing', NULL, '20250916 10:38:14.9983267', N'1113c865-21f4-43c2-a03d-b7936da3b18b', NULL, NULL, N'1.1.3.1.'),
    (10, 1, N'019956ea-35e6-7552-af13-a9060eedbd75', N'testing template documents - return', NULL, '20250917 09:04:53.4834062', N'1113c865-21f4-43c2-a03d-b7936da3b18b', NULL, NULL, N'1.1.3.1.');

    SET IDENTITY_INSERT [Activities].[Qa2QueueNote] OFF

END

IF NOT EXISTS (SELECT TOP(1) Id FROM [Activities].[ActivityEscalationQueue])
BEGIN

    INSERT INTO [Activities].[ActivityEscalationQueue] ([Id], [Created], [CreatedBy], [LastModified], [LastModifiedBy], [OwnerId], [EditorId], [IsAccepted], [IsCompleted], [ActivityId], [ParticipantId], [TenantId], [OriginalPQASubmissionDate], [SupportWorkerId]) 
    VALUES 
    (N'0195f087-a26b-7577-8e87-476f6b00c887', '20250401 08:46:15.6967774', N'77467465-c7b2-40f8-b145-219225ae1459', '20250401 08:47:26.3310447', N'1113c865-21f4-43c2-a03d-b7936da3b18b', NULL, NULL, 0, 1, N'ccae2273-2fd1-40a7-6c84-08dd70f6bfd9', N'1CFG4936J', N'1.1.3.1.', '20250401', N'907a005d-2b19-413b-bdd2-f48e3b52ab6e'),
    (N'0197b1b7-769a-7051-870a-1dd35bdbc21d', '20250627 14:08:00.1974959', N'1113c865-21f4-43c2-a03d-b7936da3b18b', '20250627 14:08:14.0154521', N'1113c865-21f4-43c2-a03d-b7936da3b18b', NULL, NULL, 1, 1, N'c488fb1b-11dd-4660-cc62-08ddb583b74b', N'1CFG6390M', N'1.1.3.1.', '20250627', N'907a005d-2b19-413b-bdd2-f48e3b52ab6e');

    SET IDENTITY_INSERT [Activities].[EscalationNote] ON
    
    INSERT INTO [Activities].[EscalationNote] ([Id], [IsExternal], [ActivityEscalationQueueEntryId], [Message], [CallReference], [Created], [CreatedBy], [LastModified], [LastModifiedBy], [TenantId]) VALUES (1, 1, N'0195f087-a26b-7577-8e87-476f6b00c887', N'Wraparound dates are still showing errors on template', NULL, '20250401 08:47:26.3311520', N'1113c865-21f4-43c2-a03d-b7936da3b18b', NULL, NULL, N'1.1.3.1.')
    
    SET IDENTITY_INSERT [Activities].[EscalationNote] OFF

END